"source_uid"	"sentno"	"latin"	"english"	"korean"	"cefr_level"	"difficulty_score"	"domain"	"topic"	"genre"	"speech_act"	"register"	"context_dependency"	"processing_flags"	"enrichment_state"
"madoran-s6-sentno-0321"	"321"	"b3d sntin m3 khdma . lrani jbt drahm . aia t3twni ntzwj bntkm wah rana 9ablin rw7 atzwjha"	"After two years of work, I have brought the money. So, will you let me marry your daughter? Yes, we agree. Go and marry her."	"2년 동안 일한 끝에 돈을 마련했어요. 그럼 따님과 결혼하게 해 주시겠어요? 그래, 우리는 동의한다. 가서 그녀와 결혼해."	"B1"	"48"	"family_relationships"	"marriage_agreement"	"conversation"	"agreement"	"colloquial"	"medium"	""	"draft"
"madoran-s6-sentno-0322"	"322"	"h 7shinhalh awl iwm b3d zwji w akhira wliti mrta ajml nhar fi 7iati w ana tani rajli wdrwk rw7i diri ftwr wah bs7 ndwsh w nji ndirh awk ."	"The opening phrase, h 7shinhalh, is an unclear colloquial expression. The rest says: on the first day after my marriage, and finally you became my wife, the most beautiful day of my life. Me too, my husband. Now go and make breakfast. Yes, but I will shower and come make it, okay?"	"첫 구절 h 7shinhalh는 뜻이 불분명한 구어 표현이야. 나머지는 결혼 다음 날, 드디어 당신이 내 아내가 되었고 내 인생에서 가장 아름다운 날이라는 말이야. 나도 그래, 여보. 이제 가서 아침을 만들어. 그래, 하지만 샤워하고 와서 만들게, 알겠지?"	"B2"	"62"	"family_relationships"	"newlywed_domestic_exchange"	"conversation"	"narration"	"colloquial"	"high"	"context_heavy|source_ambiguity"	"flagged"
"madoran-s6-sentno-0323"	"323"	"ki khrjt 9alha shkwn nta wmin jit ? w shkwn jabk ?"	"When she came out, he said to her, Who are you and where did you come from? And who brought you?"	"그녀가 나오자 그가 그녀에게 말했다. 너 누구고 어디서 왔어? 그리고 누가 널 데려왔어?"	"A2"	"36"	"family_relationships"	"unexpected_encounter"	"conversation"	"question"	"colloquial"	"low"	""	"draft"
"madoran-s6-sentno-0324"	"324"	"9atlh ana ghi mrtk m3rftnish ghi min 9l3t mkiaj 9al 7shawhli wlad 7ram mdwli jilali b 250 mliwn allh la trb7hm rw7i khrji 3lia ."	"She told him, I am only your wife. You did not recognize me just because I removed my makeup. He said, Those damned people did this to me; they gave me Jilali for 250 million. May God not reward them. Get out of my sight."	"그녀가 그에게 말했어. 난 그냥 네 아내야. 내가 화장을 지웠다고 못 알아본 거야? 그가 말했어. 그 망할 사람들이 내게 이런 짓을 했어. 그들은 2억 5천만에 질랄리를 내게 줬어. 하느님이 그들에게 상을 주지 않기를. 내 눈앞에서 나가."	"B2"	"70"	"family_relationships"	"makeup_disguise_and_anger"	"conversation"	"complaint"	"mixed"	"high"	"idiom_culture|source_ambiguity"	"flagged"
"madoran-s6-sentno-0325"	"325"	"fr9 bin 9awria w jzairia . 9awria ki tji twld idwha lsbitar tl9a rjlha shadha mn idha w hi t9wlh jak jwfi mwghigh . jw bw ba"	"The difference between a European woman and an Algerian woman: when a European woman goes to give birth, they take her to the hospital; you find a man holding her hand while she says, Jacques, I am going to die; I cannot. The remaining French-like expression is unclear."	"유럽 여성과 알제리 여성의 차이야. 유럽 여성이 출산하러 가면 병원으로 데려가고, 남자가 그녀의 손을 잡고 있어. 그녀는 자크, 나 죽을 것 같아, 못 하겠어라고 말해. 나머지 프랑스어 같은 표현은 불분명해."	"C1"	"76"	"health"	"cultural_comparison_childbirth"	"narrative"	"description"	"mixed"	"high"	"code_switching|context_heavy|source_ambiguity"	"flagged"
"madoran-s6-sentno-0326"	"326"	"w hw i9wlha tnfsi ghsbigh bian bibi tw fa bian w 3i t9wlh awmwn diw . jak rani mdrara li dwlwgh bzaf"	"And he tells her, Breathe, everything is fine, while she keeps saying, Oh my God. She says that she is in a great deal of pain from the labor; the remaining expression is unclear."	"그는 그녀에게 숨 쉬어, 다 괜찮아라고 말해. 그녀는 계속 오 마이 갓이라고 해. 진통 때문에 너무 아프다고 말하는데, 나머지 표현은 불분명해."	"B2"	"66"	"health"	"childbirth_pain_comparison"	"narrative"	"description"	"mixed"	"high"	"source_ambiguity"	"flagged"
"madoran-s6-sentno-0327"	"327"	"w hw i9wlha nw mwn bibi tw fa bian rani m3ak afik twa twjwgh ."	"And he tells her, No, my baby, you are doing well. I am with you, with you forever."	"그는 그녀에게 말해. 아니야, 자기야, 잘하고 있어. 내가 너와 함께 있어, 영원히 함께할게."	"B1"	"43"	"family_relationships"	"reassurance_during_childbirth"	"conversation"	"suggestion"	"colloquial"	"low"	""	"draft"
"madoran-s6-sentno-0328"	"328"	"drwk aljzaa 'ria dija tkwn nwrmal 7ta ti7 w tz9i 3bd9a 3bd9a hw ijri mskin irfdha fi klwndistan llsbitar ki tl79 inzlwha 3la kr3iha imshwha kash 400 mtr bash tl79 lighjwns w hi t3it lrbi li khl9ha"	"Now an Algerian woman is normal at first, until she falls and cries out, 3bd9a, 3bd9a, repeatedly. The poor man runs and carries her in a clandestine or unofficial vehicle to the hospital. When she arrives, they set her down on her feet and walk her about 400 meters so she can reach the emergency department; she cries out to the Creator who made her. The exact wording of the repeated cry remains unclear."	"알제리 여성은 처음에는 멀쩡하다가 쓰러져 3bd9a, 3bd9a라고 계속 외쳐. 불쌍한 남자가 달려가 비공식 운송 차량에 그녀를 태워 병원으로 데려가. 도착하면 그녀를 두 발로 세워 응급실에 가도록 약 400미터를 걷게 하고, 그녀는 자신을 창조한 창조주에게 외쳐. 반복되는 외침의 정확한 표현은 불분명해."	"C1"	"82"	"health"	"childbirth_emergency_comparison"	"narrative"	"narration"	"mixed"	"high"	"context_heavy|long_source|source_ambiguity"	"flagged"
"madoran-s6-sentno-0329"	"329"	"w rajlha i9wlha askti fatima bhdltina w hi tdb7 mskina w 3bd9a itb3 wism3 fi d3awi shr ia 3bd9a allh la trb7k ia 3bd9a nta sbabi ia 3bd9a lwkan 3lbali ma ndirhash ia 3bd9a rw7 allh i3tik drba"	"And her husband tells her, Be quiet, Fatima, you have humiliated us. She keeps screaming in pain, and 3bd9a follows and hears curses: May God not reward you, 3bd9a. You are the reason for this, 3bd9a. If I had known, I would not have done it. 3bd9a, may God strike you."	"그녀의 남편은 말해. 조용히 해, 파티마, 우리 망신 다 시켰어. 그녀는 계속 아파서 비명을 지르고, 3bd9a가 따라가며 욕설을 들어. 3bd9a야, 하느님이 너에게 상을 주지 않기를. 네가 이 일의 원인이야. 알았더라면 하지 않았을 거야. 3bd9a야, 하느님이 너를 치시길."	"B2"	"78"	"health"	"childbirth_family_complaint"	"narrative"	"complaint"	"mixed"	"high"	"idiom_culture|long_source|source_ambiguity"	"flagged"
"madoran-s6-sentno-0330"	"330"	"ki idkhlwha bash ijbdw bibi il9awha fi ns ladat mazlha shhrin bash twld n7ir h ."	"When they take her in to bring out the baby, they find her in an unclear stage of the process, with two months still remaining before she gives birth. I am astonished."	"아기를 꺼내려고 그녀를 데려갔는데, 아직 과정의 어느 단계인지 불분명하고 출산까지 두 달이나 남은 상태였대. 정말 놀라워."	"B2"	"61"	"health"	"pregnancy_misjudgment"	"narrative"	"exclamation"	"colloquial"	"medium"	"source_ambiguity"	"flagged"
"madoran-s6-sentno-0331"	"331"	"7kilna mw9f sralk fb7r . 3ndi sa7bi rsam ikhrj 3jb mn idh kan irw7 m3ana llb7r bla ma idi sntim wa7d ishwr bzwj mlaiin itrf7 fi nhar"	"Tell us about something that happened to you at the beach. I have a friend who is an artist; wonderful things come from his hands. He used to go to the beach with us without taking a single cent, draw for two million, and earn money in a day; the exact arrangement is unclear."	"해변에서 겪은 일을 하나 말해 줘. 내 친구 중에 화가가 있는데 손에서 멋진 작품이 나와. 그는 돈 한 푼 없이 우리와 해변에 가서 200만을 받고 그림을 그리고 하루에 돈을 벌곤 했어. 정확한 방식은 불분명해."	"B2"	"59"	"culture_tradition"	"beach_artist_anecdote"	"interview"	"narration"	"colloquial"	"medium"	"source_ambiguity"	"flagged"
"madoran-s6-sentno-0332"	"332"	"kan idi m3ah markar w itkl 3la rbi w kan tatwaj bshnwia shai3 w hw mi3rfsh 7rwf t3 shnawa ra7 dbr 9absa t3 ltai fiha ktba bshnwia"	"He used to carry a marker with him and rely on God. Chinese-writing tattoos were popular or widespread, although he did not know Chinese characters; he went and found a tea tin with Chinese writing on it."	"그는 마커를 가지고 다니며 하느님께 의지했어. 중국어 글씨 문신이 유행하고 널리 퍼져 있었지만 그는 중국어 글자를 몰랐어. 그래서 중국어 글씨가 적힌 차 통을 찾아냈지."	"B2"	"64"	"culture_tradition"	"artist_chinese_tattoo_story"	"narrative"	"narration"	"colloquial"	"high"	"code_switching|source_ambiguity"	"flagged"
"madoran-s6-sentno-0333"	"333"	"almhm lablaj 9a3 tdwr btatwaj mktwb fih shai akhdr sini lwl shft kwmars kifash dair h ."	"Anyway, the whole beach was walking around with tattoos that said Chinese green tea. The first time I saw one, I saw how commerce or business worked; the expression is humorous and context-sensitive."	"아무튼 해변 사람들이 모두 중국 녹차라고 적힌 문신을 하고 돌아다녔어. 처음 봤을 때 장사나 상업이 어떻게 돌아가는지 봤지. 이 표현은 유머러스하고 문맥에 따라 달라."	"B1"	"48"	"culture_tradition"	"tattoo_joke"	"narrative"	"exclamation"	"colloquial"	"medium"	"source_ambiguity"	"flagged"
"madoran-s6-sentno-0334"	"334"	"shwf kain thlatha katighwri ta3 li jan fi aljzair lwl w hw li kain bzaf mnh fi w9tna hw li idl ra9d faldar w minwdsh 7ti 2 w la 3 irw7 iftr"	"Look, there are three categories of young people in Algeria. The first, and the most common nowadays, is the one who stays asleep at home and does not get up until two or three, then goes out for breakfast."	"알제리 젊은이에는 세 부류가 있어. 요즘 가장 흔한 첫째 부류는 집에서 계속 자다가 두 시나 세 시가 되어야 일어나 아침을 먹으러 나가는 사람이야."	"B1"	"49"	"daily_life"	"algerian_youth_lifestyles"	"expository"	"description"	"colloquial"	"medium"	""	"draft"
"madoran-s6-sentno-0335"	"335"	"mn b3d ighlbha kwniksiwn faldar ki iji w9t al9hwh i3it ls7abh itla9w f9hwh idl imnshr m3 s7abh w ikmi n9wlk insf 7ti mi9dsh"	"After that, the internet connection at home takes over. When coffee time comes, he calls his friends to meet at a café, hangs out with them, and smokes until I tell you, he is completely worn out."	"그다음에는 집 인터넷에 매달려. 커피 마실 시간이 되면 친구들에게 전화해 카페에서 만나고, 친구들과 어울리며 담배를 피우다가 완전히 녹초가 될 때까지 계속해."	"B2"	"63"	"daily_life"	"youth_social_routine"	"expository"	"description"	"colloquial"	"high"	"source_ambiguity"	"flagged"
"madoran-s6-sentno-0336"	"336"	"mnb3d idkhl it3sha w i3awd ikhrj ishri ztla w ibat bra ishrb w idabz falnas tji 4 ta3 sba7 idkhl ir9d w hi kima hak ."	"Then he goes in for dinner, goes back out to buy drugs, spends the night outside drinking and fighting with people, comes home at four in the morning, and sleeps. That is his life."	"그다음 들어가 저녁을 먹고 다시 나가 마약을 사. 밖에서 술을 마시고 사람들과 싸우며 밤을 보내다가 새벽 네 시에 들어와 잠들지. 그게 그의 삶이야."	"B2"	"66"	"crime_safety"	"youth_risky_nightlife"	"expository"	"description"	"colloquial"	"medium"	"source_ambiguity"	"flagged"
"madoran-s6-sentno-0337"	"337"	"snf alzawj hw li inwd sba7 ibkr bash i9ra mskin w la ik7l w irndf mhm tl9ah jaib w9tah 9a3 fi aljam3a 7ti 7shia iftr bra di fwa ki ikwn mdrhm w la fi ristw ta3 aljam3a ."	"The second category is the one who gets up early to study, or gets dressed and puts on makeup; in short, you find them spending all their time at university, even eating breakfast outside sometimes when they have money, or at the university restaurant."	"둘째 부류는 일찍 일어나 공부하거나 옷을 입고 화장하는 사람이야. 한마디로 대학에서 시간을 거의 다 보내고, 돈이 있으면 가끔 밖에서 아침을 먹거나 대학 식당에서 먹지."	"B2"	"64"	"education"	"student_lifestyle"	"expository"	"description"	"colloquial"	"medium"	"long_source"	"flagged"
"madoran-s6-sentno-0338"	"338"	"mhm ki irw7 ldar idkhl ji3an mtw7sh lmakla ta3 dar iftr w it9hwa dirakt bla mi9ar3 mn b3d ikhrj i9sr bra m3 s7abh idwrw it9hw"	"When he goes home, he enters hungry and craving the home-cooked food, eats breakfast and has coffee right away without even taking a break, then goes out to relax with his friends and walk around having coffee."	"집에 가면 배고픈 채로 들어와 집밥을 몹시 그리워하고, 쉬지도 않고 바로 아침을 먹고 커피를 마셔. 그다음 친구들과 밖에서 쉬고 돌아다니며 커피를 마셔."	"B1"	"53"	"daily_life"	"student_home_routine"	"expository"	"description"	"colloquial"	"medium"	""	"draft"
"madoran-s6-sentno-0339"	"339"	"mi tl9ahm ihdrw 3li 9raia w li brwf w la 3la shirat li i9rw m3ahm w i7tw fli stwri falanstghram w la snab mn b3d idkhlw it3shw w ils9wa falfisbwk 7ti ll 2 ir9dw w ibkrw 7iaa zirwa ."	"You find them talking about their studies and professors, or about girls who study with them, posting them on Instagram or Snapchat stories, then eating dinner and staying glued to Facebook until two before sleeping and getting up early. A very hectic life."	"그들은 공부와 교수님 이야기, 함께 공부하는 여자들 이야기를 하고 인스타그램이나 스냅챗 스토리에 올려. 저녁을 먹고 페이스북에 새벽 두 시까지 붙어 있다가 자고 일찍 일어나지. 정말 바쁜 삶이야."	"B2"	"69"	"social_media"	"student_social_media_routine"	"expository"	"description"	"colloquial"	"high"	"code_switching|long_source"	"flagged"
"madoran-s6-sentno-0340"	"340"	"kat9wri 3 hwma s7ab drahm ibkr sba7 il9a 9hwa wajda lwtw wajda la9iha taiba midir walw"	"Category three: people with money. They get up early, find coffee ready and the car ready, everything prepared; they do nothing themselves."	"셋째 부류는 돈이 있는 사람들이야. 일찍 일어나면 커피도 준비되어 있고 차도 준비되어 있어. 모든 것이 갖춰져 있어서 본인은 아무것도 하지 않아."	"B1"	"44"	"daily_life"	"wealthy_youth_lifestyle"	"expository"	"description"	"colloquial"	"low"	""	"draft"
"madoran-s6-sentno-0341"	"341"	"bs7 mtl9ahsh mhni mskin idl ishrb w iskr w ijri blwtw t3 bwh 9a3 nhar mghlbh w i7ws 3lih w hw mghmwm 7aja mt3mrlh 9lbh ismwha d3wa shr w 3iadh ballh"	"But you do not find him comfortable, poor thing. He keeps drinking and getting drunk, driving his father's car all day, troubled and searching for something; he is miserable, and something fills his heart. They call it an evil prayer, God forbid."	"하지만 불쌍하게도 그는 편안하지 않아. 계속 술을 마시고 취하고, 아버지 차를 하루 종일 몰며 괴로워하고 무언가를 찾아다녀. 그는 우울하고 마음을 가득 채운 무언가가 있어. 사람들은 그것을 나쁜 저주라고 해. 하느님, 막아 주소서."	"B2"	"73"	"daily_life"	"wealth_and_unhappiness"	"expository"	"description"	"mixed"	"high"	"idiom_culture|source_ambiguity"	"flagged"
"madoran-s6-sentno-0342"	"342"	"winha kat9wri fihm ana tshwf rw7k fiha . ana 9a3 msiihm w mkansh kima wa7d irfd ghiswbsbliti w ikwn rajl idrb bdhra3h w ilaim w itkl 3la rw7h . mshi i9abl shirat w m3ndh 7ta hdf f7iath w waldin rbi ikhlihwmli ."	"Which category are you in? See yourself in it. I have gone through or experienced all of them. There is nothing like someone who takes responsibility, works with his own arms, manages things, and relies on himself; not someone who only chases girls and has no goal in life. May God preserve my parents for me."	"너는 어느 부류야? 네 모습을 그 안에서 찾아봐. 나는 그 부류들을 모두 겪어 봤어. 책임을 지고 자기 힘으로 일하며 일을 해결하고 스스로 의지하는 사람이 최고야. 여자만 쫓고 인생의 목표가 없는 사람이 아니지. 하느님이 우리 부모님을 지켜 주시길."	"B2"	"75"	"daily_life"	"youth_responsibility_opinion"	"expository"	"opinion"	"mixed"	"high"	"idiom_culture|long_source|source_ambiguity"	"flagged"
"madoran-s6-sentno-0343"	"343"	"ana shira fi 3mri khmsa w3shrin 3am zdt 9bl alw9t h st shhr w ns 7ashakm mama ma khlatnish f alsbitar khatrsh khaft ma ithlwsh fia sma khrjtni m3aha lldar w kbrtni hi w jdti allh ir7mha"	"I am a twenty-five-year-old woman. I was born prematurely at six and a half months of gestation, excuse me. My mother did not leave me in the hospital because she feared they would not care for me, so she took me home, and she and my grandmother raised me. May God have mercy on her."	"나는 스물다섯 살 여자야. 임신 6개월 반에 조산으로 태어났어. 실례해. 엄마는 병원에서 나를 잘 돌보지 않을까 봐 나를 두지 않고 집으로 데려왔고, 엄마와 할머니가 나를 키웠어. 돌아가신 할머니에게 하느님의 자비가 있기를."	"B2"	"67"	"health"	"premature_birth_autobiography"	"narrative"	"narration"	"mixed"	"high"	"idiom_culture|source_ambiguity"	"flagged"
"madoran-s6-sentno-0344"	"344"	"bsta w stin kshfa kanw khaifin ma n3ish smawni bibi mirakl mi al7md allh 3sht si ba tw bash ismwni nadt al7rb mama bghat asm shhrzad hi w jdti nadlhm jdi kifash hadi shhrzad hada 9a3 mashi asm w mna w mlhih h"	"At sixty-six checkups they were afraid I would not survive, so they called me Miracle Baby. But thank God I lived. Just so they could name me, a fight started: my mother wanted the name Shahrazad, but my grandfather said, How can this be Shahrazad? That is not a name at all."	"검사를 예순여섯 번이나 하며 가족은 내가 살지 못할까 봐 걱정했고 나를 기적의 아기라고 불렀어. 하지만 다행히 살아났지. 이름을 정하는 일로 싸움이 시작됐어. 엄마는 샤흐라자드라는 이름을 원했지만 할아버지는 어떻게 그게 샤흐라자드냐며, 그건 이름도 아니라고 했어."	"B2"	"74"	"health"	"miracle_baby_name_story"	"narrative"	"narration"	"mixed"	"high"	"long_source|source_ambiguity"	"flagged"
"madoran-s6-sentno-0345"	"345"	"w baba allh ir7mh ghir itfrj almkhlw9 ki shaf ald3wa tkhltt 9alhm nsmwha amira aia al7md llh 9blw w 9a3 3jbhm"	"And my father, may God have mercy on him, just watched. When he saw things getting confused, he said, Let us call her Amira. Thank God they accepted it, and everyone liked it."	"돌아가신 아버지는 그저 지켜보고 있었어. 일이 복잡해지는 것을 보더니 아미라라고 부르자고 했지. 다행히 모두 받아들였고 다들 그 이름을 좋아했어."	"B1"	"45"	"family_relationships"	"choosing_a_child_name"	"narrative"	"agreement"	"colloquial"	"medium"	"idiom_culture"	"draft"
"madoran-s6-sentno-0346"	"346"	"ra7 baba lamiri 3lash mashi ki ts9sih li tktb fi blast amira 9alha amina sma ismi ja shkla h bwn hi mkatib i9wlk nkwnw msmiin f alsma 3nd rbi"	"My father went to the town hall. In the registration, Amina was given or written instead of Amira, so the name came out wrong; the exact speech attribution is unclear. Well, they say our names are written in heaven with God."	"아버지가 시청에 갔어. 등록 과정에서 아미라 대신 아미나가 전달되거나 적혀서 이름이 잘못 나왔어. 누가 어떤 말을 했는지는 정확히 불분명해. 뭐, 사람은 하느님과 함께 하늘에 이름이 정해져 있다고들 하잖아."	"B2"	"72"	"administration"	"birth_registration_name_error"	"narrative"	"narration"	"mixed"	"high"	"idiom_culture|source_ambiguity"	"flagged"
"madoran-s6-sentno-0347"	"347"	"7md llh kbrt al7md llh w 9rit dit alsiziam b tmntahsh 9rib tsata3sh w albiam b khmska3sh w albak b tna3sh al7md llh w lafak drbt fiha khms snin w swtnit w jbt mastir shimi b sbata3sh w kima 9tlkm drwk rah fi 3mri 9rib st"	"Thank God I grew up and studied. I got 18, almost 19, in the sixth-grade exam, 15 in the middle-school certificate, and 12 in the baccalaureate. At university I spent five years and earned a master's degree in chemistry with 17. As I told you, now I am almost"	"다행히 나는 자라서 공부했어. 초등학교 졸업 시험에서 18점, 거의 19점을 받았고, 중학교 졸업 시험에서는 15점, 고등학교 졸업 시험에서는 12점을 받았어. 대학에서는 5년을 보내고 화학 석사 학위를 17점으로 받았지. 말했듯이 지금 나는 거의"	"B2"	"68"	"education"	"education_autobiography"	"narrative"	"narration"	"colloquial"	"high"	"code_switching|source_ambiguity"	"flagged"
"madoran-s6-sentno-0348"	"348"	"w3shrin 3am khasni khdma w wld al7lal h aiwa khwti hadi hi 9sti ."	"twenty-six years old. I need a job and a good man. Well, my brothers and sisters, that is my story."	"스물여섯 살이야. 나는 일자리와 좋은 남자가 필요해. 자, 형제자매 여러분, 이것이 내 이야기야."	"B1"	"42"	"family_relationships"	"life_goals_and_closing"	"speech"	"narration"	"colloquial"	"high"	"source_ambiguity"	"flagged"
"madoran-s6-sentno-0349"	"349"	"siiti kash nhar trw7i win ibi3w srdin shfti ghir tw9fi 3nd sid li ibi3 kifash ttmsha ri7a t9tl bs7 bs7 b3d mda twalfha w ki tzidi twli maghadish t7si biha asla"	"Try going one day to where they sell sardines. You only have to stop beside the seller to notice how the smell kills you. But really, after a while you get used to it, and the longer you stay there, you will not feel it at all."	"언젠가 정어리를 파는 곳에 가 봐. 판매자 옆에 잠깐 서 있기만 해도 냄새가 아주 지독해. 하지만 정말로 시간이 지나면 익숙해지고, 그곳에 오래 머물수록 아예 느끼지 못할 거야."	"B1"	"54"	"shopping"	"sardine_smell_habituation"	"speech"	"suggestion"	"colloquial"	"medium"	""	"draft"
"madoran-s6-sentno-0350"	"350"	"w lw kan trw7i l3nd li ibi3w w t9wlilh a39 sha hadi ri7a ghadi i9wlk ta3sh ri7a ? sharki t9wli ! ! mshkitsh ghadi ifhmk asla"	"If you go to the sellers and tell one, Watch out, what is this smell? He will say, What smell? What are you talking about? I doubt he will understand you at all."	"판매자에게 가서 이 냄새가 뭐냐고 말하면 그는 무슨 냄새냐고 할 거야. 무슨 말을 하는 거냐고. 아마 네 말을 전혀 이해하지 못할걸."	"B1"	"52"	"shopping"	"sardine_vendor_humor"	"speech"	"description"	"colloquial"	"high"	"source_ambiguity"	"flagged"
"madoran-s6-sentno-0351"	"351"	"tri9a w7ida li tkhlih ifhm w ishm w i7s balshi li rah fih hi tb3dih 3la blasa hadhi wtdih ba a9zwmbl win ibi3w wrd ki irj3 win ibi3 srdina ghadi i9wl sha hadi ri7a li knt fiha ! ! aw kifash knt 3aish hna ! ! ."	"The only way to make him understand, smell, and feel what he is living in is to take him away from that place and bring him to a flower shop. When he returns to the sardine stall, he will say, What is this smell I was living in? How was I living here?"	"그가 자신이 처한 환경을 이해하고 냄새 맡고 느끼게 하는 유일한 방법은 그곳에서 데려와 꽃을 파는 곳에 데려가는 거야. 정어리 가게로 돌아오면 그는 이게 무슨 냄새지, 내가 여기서 어떻게 살았지라고 할 거야."	"B2"	"68"	"shopping"	"sardine_flower_shop_analogy"	"speech"	"description"	"colloquial"	"high"	"source_ambiguity"	"flagged"
"madoran-s6-sentno-0352"	"352"	"nfs shi ki tkwn 3aish w la 3aisha khti krima 7iatk btwlha w 3rdha fi 7ram w s7abk w la s7batk mashi mn nw3 li iftnwk bm3na mshi s7ba mli7a w sal7a hka ma ghadish t7swa bli kain mshkl"	"It is the same when you live your whole life in something forbidden, and your friends are not the kind who wake you up—in other words, not good and righteous friends. You will not feel that there is a problem."	"평생 금지된 일 속에서 살고, 친구들도 너를 일깨워 주는 좋은 사람이 아니라면 똑같아. 그런 환경에서는 문제가 있다는 것을 느끼지 못할 거야."	"B2"	"64"	"religion"	"bad_company_and_habituation"	"speech"	"warning"	"mixed"	"high"	"idiom_culture|source_ambiguity"	"flagged"
"madoran-s6-sentno-0353"	"353"	"w ma ghadish t3rfwa mrwra m3sia w s7ba msh mli7a ghir ki tdhw9 w la tdw9i 7lawa ta3a w s7ba sal7a ghadi t9wlwa kifash knt 3aisha hak ."	"You will not know the bitterness of disobedience and bad company. Only when you taste the sweetness of obedience and good company will you say, How was I living like that?"	"불순종과 나쁜 친구의 쓰라림을 알지 못할 거야. 순종과 좋은 친구의 달콤함을 맛보고 나서야 내가 어떻게 그렇게 살았을까라고 말하게 될 거야."	"B2"	"60"	"religion"	"obedience_and_good_company"	"speech"	"warning"	"mixed"	"medium"	"idiom_culture"	"draft"
"madoran-s6-sentno-0354"	"354"	"khtra jdi rbi ir7mh w iws3 3lih mdli 10 dj w ana knt sghira mama 9atli hati ana ndshwmlk w ana mbghitsh 7titha fi fmi ra7tli hdik alf frnk fi 9rjwmti wjhi zra9 jit nrw7 3nd mama khft mnha tdrbni"	"Once my grandfather, may God have mercy on him, gave me ten dinars when I was little. My mother told me to give them to her so she could hide them, but I refused and put the thousand-franc note in my mouth. It went down my throat; my face turned blue. I went to my mother, afraid she would hit me."	"한번은 돌아가신 할아버지가 어릴 때 나에게 10디나르를 주셨어. 엄마는 숨겨 두겠다며 달라고 했지만 나는 싫다고 하고 천 프랑짜리 지폐를 입에 넣었어. 그게 목으로 넘어가 얼굴이 파래졌지. 엄마가 때릴까 봐 무서워하며 엄마에게 갔어."	"B2"	"71"	"health"	"childhood_choking_anecdote"	"narrative"	"narration"	"colloquial"	"high"	"idiom_culture|source_ambiguity"	"flagged"
"madoran-s6-sentno-0355"	"355"	"mn b3d rw7t 3nd baba 7ta sm3tni mama ntl3 frw7 3rftni bli srttha mn b3d 7tt idha fi 9rjwmti w jbdtha 7md llh slkt bsh3ra 3labiha wa7d daimn li9 i3s bzwz baskw mi3rfwsh sh3al mn bz mat hak mskin"	"Then I went to my father. My mother heard me in severe distress and realized I had swallowed it. She put her hand in my throat and pulled it out. Thank God I survived by a hair. That is why someone must always watch over children, because they do not know how many people have died like that, poor things."	"그다음 아버지에게 갔어. 엄마는 내가 심하게 괴로워하는 소리를 듣고 삼킨 것을 알아챘지. 엄마가 내 목에 손을 넣어 꺼냈어. 정말 간신히 살아났어. 그래서 누군가는 늘 아이들을 지켜봐야 해. 아이들은 그런 일로 얼마나 많은 사람이 죽었는지 모르니까, 불쌍하지."	"B2"	"75"	"health"	"childhood_accident_warning"	"narrative"	"warning"	"mixed"	"high"	"idiom_culture|long_source|source_ambiguity"	"flagged"
"madoran-s6-sentno-0356"	"356"	"wa7d daimn i3s w i7rzhm mn as 7aja ."	"Someone who is always watchful protects them from anything."	"늘 주의 깊게 지켜보는 사람은 아이들을 어떤 일이든 막아 줘."	"A2"	"31"	"health"	"parental_supervision_proverb"	"proverb"	"warning"	"neutral"	"low"	"source_ambiguity"	"flagged"
"madoran-s6-sentno-0357"	"357"	"khtra mama kant rai7a ltbib 7na kna nsknw fi kazirna ta3 li jwndaghm knt sghira w kan 3ndi w7d 7 snin hka"	"Once my mother was going to the doctor. We lived in the gendarmerie barracks; I was little, about seven years old."	"한번은 엄마가 병원에 가고 있었어. 우리는 헌병대 숙소에 살았고, 나는 일곱 살쯤 된 어린아이였지."	"B1"	"46"	"health"	"childhood_gendarmerie_housing"	"narrative"	"narration"	"colloquial"	"medium"	""	"draft"
"madoran-s6-sentno-0358"	"358"	"knt m3 khti w 3tatni mfta7 ta3 aldar 9atli ri7i faldar bs7 ana khlithaw khrjt w khrjna bra nl3bw 7ta ta7li mfta7"	"I was with my sister. She gave me the house key and told me to rest at home, but I disobeyed, went outside, and played until I dropped the key."	"나는 언니와 함께 있었어. 언니가 집 열쇠를 주며 집에서 쉬라고 했지만 나는 말을 어기고 밖으로 나가 놀다가 열쇠를 떨어뜨렸어."	"B1"	"46"	"housing"	"lost_house_key_childhood"	"narrative"	"narration"	"colloquial"	"medium"	""	"draft"
"madoran-s6-sentno-0359"	"359"	"l79 mghrb w jat mama w ana khaifa mita balkhwf 9atli win rah mfta7 9ltlha ta7li w m3rftsh win"	"Evening came, my mother arrived, and I was dead with fear. She asked, Where is the key? I told her I had dropped it and did not know where."	"저녁이 되었고 엄마가 왔어. 나는 무서워 죽을 것 같았지. 엄마가 열쇠가 어디 있냐고 물어서 떨어뜨렸는데 어디인지 모르겠다고 했어."	"A2"	"38"	"housing"	"lost_key_fear"	"narrative"	"narration"	"colloquial"	"low"	""	"draft"
"madoran-s6-sentno-0360"	"360"	"w bdat tz9i bra w 7ttli s3di fi idi w bhdltni bra w 9atli kifash ana n9wlk shdi bntk ghi n9di swal7i w nji r7ti khrjti ana 9tlk khrji a hdri brki ma dm3i fdwk 3inin drwk nti mtsa3fish w mna w mlhih"	"She started shouting outside and scolded me publicly. She said, How can I tell you to watch the girl while I take care of my errands and come back, and you go out? Did I tell you to go out? Come on, speak; do not cry with those eyes. Now you are helpless. And from then on..."	"그녀는 밖에서 소리치기 시작했고 사람들 앞에서 나를 야단쳤어. 내가 볼일을 보고 돌아올 동안 그 아이를 잘 보라고 했는데 네가 나가 버리면 어떻게 하냐고 했지. 내가 나가라고 했어? 말해 봐. 그 눈으로 울지 마. 이제 너는 아무것도 못 하잖아. 그 뒤로는…"	"B2"	"73"	"family_relationships"	"maternal_scolding_lost_key"	"narrative"	"complaint"	"colloquial"	"high"	"context_heavy|long_source|source_ambiguity"	"flagged"
"madoran-s6-sentno-0361"	"361"	"mn b3da aimajini sha sra 9atli drwk t7wsi 3lih w ana r7t n7ws 3lih hia jabt 7dida sghira w 93dt dir kima khian li i7lw biban 7ta nt7l w ana fr7t ki jit dakhla"	"Then imagine what happened. She told me to look for it, and I went searching. She brought a small piece of metal and kept working like a burglar opening doors until the door opened; I was happy when I went inside."	"그다음 무슨 일이 있었는지 상상해 봐. 엄마가 열쇠를 찾으라고 해서 나는 찾아다녔어. 엄마는 작은 쇠 조각을 가져와 도둑처럼 문을 여는 일을 계속했고, 마침내 문이 열려서 내가 들어갈 때 기뻤지."	"B2"	"68"	"housing"	"improvised_door_entry"	"narrative"	"narration"	"colloquial"	"high"	"source_ambiguity"	"flagged"
"madoran-s6-sentno-0362"	"362"	"9atli bra 7ta tl9i mfta7 bash tdkhli w ana 93dt 9dam bab nbki w baba kan birmanwns ki ja mlkhdma 10 ta3 lil l9ani ra9da t7t drwj ki tl3 ldar 7katlh mama l7kaia ali sra w bda id7k 7sit rw7i mshi bnadm almhm 7ta ghdwa sba7 l9ah 3sas ta3 kazirna w fatt 3la khir h ."	"She told me to stay outside until I found the key so I could get in. I sat crying in front of the door. My father was on duty or working a permanent shift; when he came back from work at ten at night, he found me asleep under the stairs. Upstairs, my mother told him what had happened and he started laughing. I felt like I was not human. The next morning the barracks guard found the key, and it ended well."	"엄마는 열쇠를 찾을 때까지 밖에 있으라고 했어. 나는 문 앞에 앉아 울었지. 아버지는 당직이나 계속 근무 중이었고, 밤 열 시에 돌아와 계단 아래에서 잠든 나를 발견했어. 집에 올라가 엄마가 일을 설명하자 아버지는 웃기 시작했지. 나는 내가 사람이 아닌 것 같았어. 다음 날 아침 숙소 경비원이 열쇠를 찾아 주었고 다행히 끝났어."	"B2"	"78"	"housing"	"lost_key_resolution"	"narrative"	"narration"	"mixed"	"high"	"idiom_culture|long_source|source_ambiguity"	"flagged"
"madoran-s6-sentno-0363"	"363"	"slam w 3likm khti mr7ba bikm m3aia fi wsfa jdida liwm nsha' allh jbtlkm tb9 bzaf nbghwh 9a3 7na jzairiin mn shr9 llghrb w mn shmal ljnwb ."	"Peace be upon you, sisters. Welcome with me to a new recipe. Today, God willing, I brought you a dish loved by all of us Algerians, from east to west and north to south."	"안녕하세요, 여러분. 새로운 요리법에 오신 것을 환영해요. 오늘은 하느님의 뜻이라면 동서남북 모든 알제리 사람이 좋아하는 요리를 가져왔어요."	"A2"	"34"	"food"	"recipe_introduction_algerian_dish"	"recipe"	"greeting"	"colloquial"	"low"	"idiom_culture"	"draft"
"madoran-s6-sentno-0364"	"364"	"jbtlkm 7rira btri9a whrania w l7m ghlmi w 9w bzaf shbab kima t3 3ras tnjmw t9wlw kima t3 3ras tklwha w mtshb3whash khwatti nkhlikm m3 wsfa wkifash nkhdmwha 3la brka allh"	"I brought you harira in the Oran style, with lamb meat, and it is very delicious, like a wedding dish. You can say it is the kind served at weddings; you can eat it without getting full. Sisters, I will leave you with the recipe and how we prepare it. In God's name."	"오랑식 하리라를 가져왔어요. 양고기가 들어가 아주 맛있고 결혼식 음식 같아요. 결혼식에서 나오는 음식이라고 해도 되겠어요. 먹어도 배부르지 않을 만큼 맛있답니다. 여러분, 이제 요리법과 만드는 방법을 알려 드릴게요. 하느님의 이름으로 시작할게요."	"B1"	"51"	"food"	"oran_harira_recipe_intro"	"recipe"	"information"	"colloquial"	"medium"	"idiom_culture|source_ambiguity"	"flagged"
"madoran-s6-sentno-0365"	"365"	"nbdw bsm allh dirkt f7rira t3na lwla ndirwa zit 3 mgharf t3 makla zit 7na 3ndi mwrsw l7m ana khirt liwm l7m t3 ghlmi bs7 t9dw dirwa t3 djaj kl w7da w ta9a t3ha"	"We begin in God's name. For our harira, first add three tablespoons of oil. I have a piece of meat; today I chose lamb, but you can use chicken, each according to what suits you."	"하느님의 이름으로 시작할게요. 하리라에는 먼저 식용유 세 큰술을 넣어요. 고기 한 조각이 있는데 오늘은 양고기를 골랐어요. 하지만 취향에 따라 닭고기를 사용해도 돼요."	"A2"	"39"	"food"	"harira_oil_and_meat"	"recipe"	"command"	"colloquial"	"low"	"idiom_culture"	"draft"
"madoran-s6-sentno-0366"	"366"	"n7tw zwj 7bat bsl mtwstin w la 7ba kbira . 9t3tha ghi hak traf traf baskw abri ghadi tnt7n w 7tit tani m3ha thwm ."	"Add two medium onions or one large onion. I chopped it roughly because it will be blended later, and I also added garlic."	"중간 크기 양파 두 개나 큰 양파 한 개를 넣어요. 나중에 갈 것이어서 대충 썰었고 마늘도 넣었어요."	"A2"	"32"	"food"	"harira_onion_garlic"	"recipe"	"command"	"neutral"	"low"	""	"draft"
"madoran-s6-sentno-0367"	"367"	"thwm drt snifa tkwn kbira drt zwj 7bat krwta n9ithm w9t3thm mwrsiat sghar tmatis w krafs rah sizwn ta3h w mli7 bzaf tibw bih baskw fih faida kbira"	"For the garlic, I used one large clove. I added two carrots, peeled and cut into small pieces, tomatoes, and celery. It is in season and very good to cook with because it has great benefits."	"마늘은 큰 한 쪽을 썼어요. 당근 두 개를 껍질을 벗겨 작게 썰고, 토마토와 셀러리도 넣었어요. 제철이라 요리하기 좋고 효능도 아주 많아요."	"B1"	"44"	"food"	"harira_vegetables"	"recipe"	"command"	"colloquial"	"medium"	"source_ambiguity"	"flagged"
"madoran-s6-sentno-0368"	"368"	"hna khirt ras t7tani wdit shwia mn si9an hna 3ndi 7ba btata sghira li 3ndha kabwia khdra dirha w 3ndi 7ba t3 lft kain li t9wl n9d mndirsh lft w ana n9wlk khti 7ba hna mtatrsh 3la bna 9waia w la mt7sbish 9a3 raki daira lft mhm faida ta3h ."	"Here I chose the lower part and took some of its stems. I have a small potato, and I also have a green squash, kabouya khadra; add it too. I have a turnip. Some people say not to add turnip, but one piece will not affect the strong taste, and its benefit matters."	"여기서는 아랫부분을 골라 줄기도 조금 사용했어요. 작은 감자 하나와 녹색 호박인 카부야 카드라가 있어요. 그것도 넣어요. 순무도 하나 있어요. 순무를 넣지 말자는 사람도 있지만 한 조각은 강한 맛에 영향을 주지 않고, 효능을 생각하면 돼요."	"B2"	"72"	"food"	"harira_root_vegetables_and_green_squash"	"recipe"	"command"	"colloquial"	"high"	"context_heavy|source_ambiguity"	"flagged"
"madoran-s6-sentno-0369"	"369"	"haila khsra ta3na akhwati mnnsawsh ndirw shwia t3 ml7 w nzidw m3ha mghrf t3 makla tmatis kwnswtri n7tw klshi fw9 nar in9la w nwlw ."	"Our vegetables are beautiful, sisters. Do not forget to add some salt and another tablespoon of tomato paste. Put everything over the heat to fry and soften."	"채소가 아주 예쁘게 준비됐어요. 소금을 조금 넣는 것을 잊지 말고 토마토 페이스트 한 큰술도 더해요. 모든 것을 불에 올려 볶아 부드럽게 해요."	"A2"	"36"	"food"	"harira_salt_tomato_paste"	"recipe"	"command"	"colloquial"	"low"	""	"draft"
"madoran-s6-sentno-0370"	"370"	"drwk 7rira ta3i rahi tt9la hna lwla n3trwha ndirwlha 7rwr ns mghrf , babrika tani ns mghrf mghrf t3 9hwa sknjbir ns mghrf krkm"	"Now my harira is frying. First we season it: half a spoon of hot pepper, half a spoon of paprika, a coffee spoon of ginger, and half a spoon of turmeric."	"이제 하리라 재료를 볶고 있어요. 먼저 양념해요. 매운 고추 반 큰술, 파프리카 반 큰술, 커피 스푼으로 생강 한 스푼, 강황 반 큰술을 넣어요."	"A2"	"42"	"food"	"harira_spices"	"recipe"	"command"	"neutral"	"low"	""	"draft"
"madoran-s6-sentno-0371"	"371"	"hna lizbis hwma s7 t3 7rira mt9lwlish raki tktri w la baskw hadi hi 7rira tji mnkha w mtbla bhm"	"Here the spices are what make the harira special. Do not tell me you are adding too much, because this is harira; it should come flavored and seasoned with them."	"여기서 이 양념들이 하리라를 특별하게 만들어요. 너무 많이 넣는다고 하지 마세요. 하리라는 원래 이 양념으로 향과 맛이 나야 해요."	"B1"	"46"	"food"	"harira_spice_emphasis"	"recipe"	"description"	"colloquial"	"medium"	""	"draft"
"madoran-s6-sentno-0372"	"372"	"hna kain li t9wl bli ktrti bzaf f7rira lizbis sharm t3 7rira taklwha m3tra w bna blizbis nzidw 2 rshat z3fran nzid shwia t3 ml7 drt lwla w nzid rb3 mghrf w ada khsni nzid w ndw9 w ndirw krwia ns mghrf w mn b3d nzid khatrsh hi dwa t3 7rira"	"Some people will say I added too many spices. The spices are the charm of harira: you eat it aromatic and tasty. Add two pinches of saffron, a little salt, then taste and add a quarter spoon if needed. Add caraway, half a spoon, because it is the medicine of harira."	"어떤 사람은 하리라에 양념을 너무 많이 넣었다고 할 거예요. 양념이 하리라의 매력이에요. 향긋하고 맛있게 먹는 음식이죠. 사프란 두 꼬집과 소금을 조금 넣고 맛을 본 뒤 필요하면 4분의 1스푼을 더해요. 캐러웨이 반 스푼도 넣어요. 하리라의 약 같은 재료니까요."	"B2"	"68"	"food"	"harira_seasoning_adjustment"	"recipe"	"command"	"colloquial"	"high"	"idiom_culture|source_ambiguity"	"flagged"
"madoran-s6-sentno-0373"	"373"	"drwk nkhltw 9a3 lizbis khfif bash mtn7r9lish kima rakm tshwfw bdat tghli badt ttl9li dak ma m3 khdra w klshi"	"Now we mix all the spices gently so they do not burn. As you can see, it has started to boil and the water has begun to mix with the vegetables and everything else."	"이제 양념이 타지 않도록 살살 모두 섞어요. 보시다시피 끓기 시작했고 물이 채소와 다른 재료에 섞이기 시작했어요."	"A2"	"35"	"food"	"harira_stirring"	"recipe"	"command"	"neutral"	"low"	""	"draft"
"madoran-s6-sentno-0374"	"374"	"ghi bash min7r9sh n93dw n9lbw fiha w rbta t3 9sbr t7tiha m3 khdra ana ki nshri rbta kbira tkwn mli7a n9smha 3la zwj wa7da n7tha lwla tib m3 khdra w zwja n7tha m3 tali ki nt7n w nkml n7tha bash ttl9 bna"	"To keep it from burning, we keep stirring it. Add a bunch of coriander with the vegetables. When I buy a large bunch, I divide it in two: one part cooks first with the vegetables, and the other goes in at the end when I blend it so the flavor comes through."	"타지 않게 계속 저어 줘요. 채소와 함께 고수 한 단을 넣어요. 큰 단을 사면 둘로 나눠서 하나는 채소와 처음부터 익히고, 다른 하나는 마지막에 갈 때 넣어 향이 살아나게 해요."	"B1"	"56"	"food"	"harira_coriander_timing"	"recipe"	"command"	"colloquial"	"high"	"source_ambiguity"	"flagged"
"madoran-s6-sentno-0375"	"375"	"ana hka ndir w nzid shwia 7shish t3 krafs ali drnah khtra lwla"	"That is how I do it, and I add a little celery leaves from the celery we used earlier."	"나는 이렇게 하고, 아까 사용한 셀러리에서 잎을 조금 더 넣어요."	"A2"	"30"	"food"	"harira_celery_herbs"	"recipe"	"command"	"neutral"	"low"	""	"draft"
"madoran-s6-sentno-0376"	"376"	"mn b3d hadw n9l3whm ghi bash itl9w bna drwk balma 7ami nmr9 7rira ta3i mtktrish bzaf ghi bash lizbis min7r9wsh w tkwn mr9a nkhlwha tghli"	"After that, we remove these so they release their flavor. Now, with hot water, I add liquid to my harira. Do not add too much, just enough so the spices do not burn and there is broth. Let it boil."	"그다음 재료에서 향이 우러나도록 두고, 나중에 빼요. 이제 뜨거운 물을 넣어 하리라에 국물을 만들어요. 너무 많이 넣지 말고 양념이 타지 않으면서 국물이 생길 정도만 넣고 끓여요."	"A2"	"42"	"food"	"harira_hot_water"	"recipe"	"command"	"colloquial"	"medium"	""	"draft"
"madoran-s6-sentno-0377"	"377"	"ki tsm3i hdak 7s t3 bli ghlat t3awdi tmr9iha 7ta itghta l7m w khdra 3ink hi mizank w tkhliha ttib sa3a hka shwfha sa3a 3la sa3a ."	"When you hear that sound showing it has boiled, add more water until the meat and vegetables are covered. Your eye is the measure; let it cook for about an hour and check it from time to time."	"끓었다는 소리가 들리면 고기와 채소가 잠길 때까지 물을 더 넣어요. 양은 눈으로 보고 맞추면 되고, 한 시간 정도 익히면서 가끔 확인해요."	"B1"	"52"	"food"	"harira_simmering_time"	"recipe"	"command"	"colloquial"	"medium"	"source_ambiguity"	"flagged"
"madoran-s6-sentno-0378"	"378"	"ki tib lwla tshwfi l7m ada tab twkhrih 3la jha w tshwfi ada tabt tfi 3liha bash tmiksiha w la tt7niha f r7a tani khir"	"When it has cooked for a while, check the meat. If it is cooked, move it aside, and check the vegetables. Turn off the heat so you can blend them; blending is also better in a hand mill."	"한동안 익힌 뒤 고기를 확인해요. 익었으면 옆으로 빼고 채소를 확인해요. 채소를 갈 수 있도록 불을 끄고, 손으로 가는 도구를 쓰면 더 좋아요."	"B1"	"54"	"food"	"harira_blending_meat"	"recipe"	"command"	"colloquial"	"medium"	"source_ambiguity"	"flagged"
"madoran-s6-sentno-0379"	"379"	"ki tt7niha ada khrjt t9ila tzidlha ghir shwia ma 7ami bzaf ghir ada shftiha t9ila"	"When you blend it, if it comes out thick, add only a little hot water, and only if you see that it is thick."	"갈았을 때 너무 걸쭉하면 뜨거운 물을 아주 조금만 넣어요. 정말 걸쭉할 때만 더하세요."	"A2"	"32"	"food"	"harira_consistency_adjustment"	"recipe"	"command"	"neutral"	"low"	""	"draft"
"madoran-s6-sentno-0380"	"380"	"w trmi tshisha ana ndir ia rbi fnjan sghir ."	"Then add tchicha, a small coffee cup; the exact grain type is left in the source and is not fully certain."	"그다음 치샤(tchicha)를 작은 커피잔 한 잔 정도 넣어요. 정확한 곡물 종류는 원문에 남겨 두며 완전히 확정하기 어려워요."	"A2"	"34"	"food"	"harira_tchicha_quantity"	"recipe"	"command"	"colloquial"	"medium"	"source_ambiguity"	"flagged"
"madoran-s6-sentno-0381"	"381"	"ta3 9hwa 3la 7sab kwntiti t3 7rira ta3k tbghiha t9ila tktri tbghiha khfifa diri ghir shwia"	"The amount of tchicha depends on how much harira you have. If you want it thick, add more; if you want it light, add only a little."	"치샤의 양은 하리라의 양에 따라 달라요. 걸쭉하게 먹고 싶으면 많이 넣고, 묽게 먹고 싶으면 조금만 넣어요."	"A2"	"30"	"food"	"harira_tchicha_adjustment"	"recipe"	"suggestion"	"neutral"	"medium"	""	"draft"
"madoran-s6-sentno-0382"	"382"	"kima 9tlk 7sab fnjan ghir sghir t3 9hwa w 7rki w shwfi baskw ki ghadi tib tzid tntfkh n7twha fw9 narw nrw7w ndirw drsa ta3na bash nkmlw 7rira fdrsa ndw rbta sghira shwba 3rwsh t3 9sbr nzidw m3aha 3 snifat twm mn9iin n9t3hm m3 hda 9sbr w nzidw jambw t3 djaj kima tbghi tbghi dirih dirh mshi mshrwt"	"As I told you, use just a small coffee cup and stir. Watch it, because as it cooks it swells. Put it back on the heat. We will prepare our seasoning paste to finish the harira: take a small bunch of coriander, add three peeled cloves of garlic, chop them together, and add a chicken stock cube if you like; it is optional."	"말했듯이 작은 커피잔 하나만 넣고 저어요. 익으면서 불어나기 때문에 지켜봐야 해요. 다시 불에 올려요. 하리라를 마무리할 양념장을 만들게요. 작은 고수 한 단에 껍질을 벗긴 마늘 세 쪽을 넣고 함께 다져요. 원하면 닭고기 육수 큐브도 넣을 수 있지만 선택 사항이에요."	"B2"	"73"	"food"	"harira_seasoning_paste"	"recipe"	"command"	"colloquial"	"high"	"long_source|source_ambiguity"	"flagged"
"madoran-s6-sentno-0383"	"383"	"9a3 drti ghlmi t9di dirih m3ah imd 9w shbab ana mndirhsh bs7 kain li ibghi idirh ."	"If you have made lamb, you can add the chicken stock cube with it; it gives a very nice flavor. I do not add it, but some people like to."	"양고기를 만들었다면 닭고기 육수 큐브를 그것과 함께 넣어도 돼요. 아주 좋은 맛을 내요. 나는 넣지 않지만 좋아하는 사람도 있어요."	"A2"	"31"	"food"	"harira_lamb_and_chicken_stock_cube"	"recipe"	"suggestion"	"neutral"	"high"	""	"draft"
"madoran-s6-sentno-0384"	"384"	"ndirw shwia krwia wmghrf t3 9hwa aibis ta3 7rira tnba3 wajda 3nd 3shab w la li i9wlh ras 7anwt t3 7rira w fi tali mghrf tmatis kwsntri w zwj kisan ma' 3la 7sab mr9a li khastkm ."	"Add a little caraway, a coffee spoon of harira spices sold ready-made by an herbalist or called harira ras el hanout, and finally a spoon of tomato paste and two glasses of water, according to how much broth you need."	"캐러웨이를 조금 넣고, 약초상에서 하리라용으로 미리 섞어 파는 양념이나 하리라 라스 엘하누트라고 부르는 양념을 커피 스푼 하나 넣어요. 마지막으로 필요한 국물의 양에 따라 토마토 페이스트 한 스푼과 물 두 컵을 넣어요."	"B1"	"55"	"food"	"harira_final_seasoning"	"recipe"	"command"	"colloquial"	"high"	"idiom_culture|source_ambiguity"	"flagged"
