"sample_id"	"language"	"variety"	"cefr"	"domain"	"topic"	"sample_type"	"arabic"	"source_form"	"latin"	"ko"	"en"	"lexical_refs"	"source_id"	"source_locator"	"evidence"	"derivation_type"	"license_id"	"group_id"	"family_id"	"review_status"	"learner_ready"	"note"
"ODC-000097"	"ar"	"ar-DZ-oran"	"A1"	"school_work"	"school and work"	"utterance"	"تع شا غادي يخرجوا منها هاد جامعة غير مخاخ باينة غادي تخرجي حاجا كبيرة نتيا ."	"تع شا غادي يخرجوا منها هاد جامعة غير مخاخ باينة غادي تخرجي حاجا كبيرة نتيا ."	"t3 cha ghady ykhrjwa mnha had jam3a ghyr mkhakh bayna ghady tkhrjy 7aja kbyra ntya ."	"그래서 이 대학에서는 어떤 인재들이 나와? 이곳에는 뛰어난 사람들만 있는 것 같아. 너도 훌륭한 사람이 될 게 분명해."	"So what comes out of this university? It is full of geniuses; it is clear that you will become someone important."	"OD-0045|OD-0063|OD-0131|OD-0137|OD-0165|OD-0174|OD-0184|OD-0308"	"S6"	"MADOran_Sentences.tsv:Sentno=154"	"MADORAN_DIRECT"	"source_direct"	"CC-BY-NC-3.0-MADORAN"	"batch02-school_work"	"MADOran-S6-154"	"source_verified"	"false"	"Raw MADOran sentence retained exactly; Batch02 source_direct row pending GPT and native review."
"ODC-000098"	"ar"	"ar-DZ-oran"	"A1"	"school_work"	"school and work"	"utterance"	"حق استقبلتنا 7 بيبان باش وصلنا و حكينالها قلنالها رانا باغيين غي دوصيي رسلوه"	"حق استقبلتنا 7 بيبان باش وصلنا و حكينالها قلنالها رانا باغيين غي دوصيي رسلوه"	"79 ast9bltna 7 byban bach wslna w 7kynalha 9lnalha rana baghyyn ghy dwsyy rslwh"	"그녀는 우리가 그녀에게 가기 위해 일곱 개의 문을 지나온 뒤 우리를 맞아 주었어. 우리는 그녀에게 서류만 보내 달라고 말했어."	"She received us after we had gone through seven doors to reach her. We told her that we only wanted the dossier sent."	"OD-0129|OD-0162|OD-0176|OD-0260|OD-0309|OD-0310|OD-0314|OD-0391"	"S6"	"MADOran_Sentences.tsv:Sentno=255"	"MADORAN_DIRECT"	"source_direct"	"CC-BY-NC-3.0-MADORAN"	"batch02-school_work"	"MADOran-S6-255"	"source_verified"	"false"	"Raw MADOran sentence retained exactly; Batch02 source_direct row pending GPT and native review."
"ODC-000099"	"ar"	"ar-DZ-oran"	"A1"	"school_work"	"school and work"	"utterance"	"في الجامعة جزايرية كاين 7 أنواع من الطلبة ,"	"في الجامعة جزايرية كاين 7 أنواع من الطلبة ,"	"fy aljam3a jzayrya kayn 7 anwa3 mn altlba ,"	"알제리 대학교에는 학생 유형이 7가지 있어."	"There are seven types of students at an Algerian university."	"OD-0165"	"S6"	"MADOran_Sentences.tsv:Sentno=731"	"MADORAN_DIRECT"	"source_direct"	"CC-BY-NC-3.0-MADORAN"	"batch02-school_work"	"MADOran-S6-731"	"source_verified"	"false"	"Raw MADOran sentence retained exactly; Batch02 source_direct row pending GPT and native review."
"ODC-000100"	"ar"	"ar-DZ-oran"	"A1"	"school_work"	"school and work"	"utterance"	"مشي مشكل استاد مشي مشكل . بارك الله فيك و كوراج سيرتو . ميرسي ربي معاك انشاء الله ."	"مشي مشكل استاد مشي مشكل . بارك الله فيك و كوراج سيرتو . ميرسي ربي معاك انشاء الله ."	"mchy mchkl astad mchy mchkl . bark allh fyk w kwraj syrtw . myrsy rby m3ak ancha2 allh ."	"문제없어요, 교수님. 문제없어요. 감사합니다. 특히 행운을 빌어요. 고마워요. 하느님이 함께하시길 바라요."	"No problem, professor. No problem. Thank you, and good luck, especially. Thank you; may God be with you."	"OD-0192|OD-0260|OD-0305|OD-0312|OD-0385|OD-0437|OD-0452|OD-0455"	"S6"	"MADOran_Sentences.tsv:Sentno=783"	"MADORAN_DIRECT"	"source_direct"	"CC-BY-NC-3.0-MADORAN"	"batch02-school_work"	"MADOran-S6-783"	"source_verified"	"false"	"Raw MADOran sentence retained exactly; Batch02 source_direct row pending GPT and native review."
"ODC-000101"	"ar"	"ar-DZ-oran"	"A2"	"school_work"	"school and work"	"utterance"	"و تراديكسبون مترجمة قاع غولوفي تع لي نوت بلأونقلي و مخلصة عليها دم فوادي تع دراهم و تقولي معنديش"	"و تراديكسبون مترجمة قاع غولوفي تع لي نوت بلأونقلي و مخلصة عليها دم فوادي تع دراهم و تقولي معنديش"	"w tradyksbwn mtrjma 9a3 ghwlwfy t3 ly nwt blawn9ly w mkhlsa 3lyha dm fwady t3 drahm w t9wly m3ndych"	"성적 관련 서류를 전부 영어로 번역했고 번역비도 큰돈을 냈는데, 이제 그게 없다고 하잖아."	"All the grade records were translated into English, and I paid a fortune for the translation, but you tell me you do not have it."	"OD-0059"	"S6"	"MADOran_Sentences.tsv:Sentno=229"	"MADORAN_DIRECT"	"source_direct"	"CC-BY-NC-3.0-MADORAN"	"batch02-school_work"	"MADOran-S6-229"	"source_verified"	"false"	"Raw MADOran sentence retained exactly; Batch02 source_direct row pending GPT and native review."
"ODC-000102"	"ar"	"ar-DZ-oran"	"A1"	"school_work"	"school and work"	"utterance"	"روح تخدم ولدي روح ."	"روح تخدم ولدي روح ."	"rw7 tkhdm wldy rw7 ."	"일하러 가, 얘야. 가."	"Go to work, my son, go."	"OD-0048|OD-0145|OD-0166|OD-0272|OD-0403|OD-0574"	"S6"	"MADOran_Sentences.tsv:Sentno=872"	"MADORAN_DIRECT"	"source_direct"	"CC-BY-NC-3.0-MADORAN"	"batch02-school_work"	"MADOran-S6-872"	"source_verified"	"false"	"Raw MADOran sentence retained exactly; Batch02 source_direct row pending GPT and native review."
"ODC-000103"	"ar"	"ar-DZ-oran"	"A1"	"school_work"	"school and work"	"utterance"	"و نتيا علاه جيتي شا دخلك ? مشفتيش كيفاه كان يهدر معانا . ارجعي لخدمتك أيا ."	"و نتيا علاه جيتي شا دخلك ? مشفتيش كيفاه كان يهدر معانا . ارجعي لخدمتك أيا ."	"w ntya 3lah jyty cha dkhlk ? mchftych kyfah kan yhdr m3ana . arj3y lkhdmtk aya ."	"너는 왜 왔어? 네가 상관할 일이 아니야. 그가 우리에게 어떻게 말했는지 못 봤어? 이제 네 일로 돌아가."	"Why did you come? It is none of your business. Didn't you see how he was speaking to us? Now go back to your work."	"OD-0059"	"S6"	"MADOran_Sentences.tsv:Sentno=880"	"MADORAN_DIRECT"	"source_direct"	"CC-BY-NC-3.0-MADORAN"	"batch02-school_work"	"MADOran-S6-880"	"source_verified"	"false"	"Raw MADOran sentence retained exactly; Batch02 source_direct row pending GPT and native review."
"ODC-000104"	"ar"	"ar-DZ-oran"	"A2"	"school_work"	"school and work"	"utterance"	"ايا قعدت تبدلي فهدرة و تكدب عليا و تقول رسلته قالها مديلي اكيزي ورقة بلي وصل قاتله معنديش"	"ايا قعدت تبدلي فهدرة و تكدب عليا و تقول رسلته قالها مديلي اكيزي ورقة بلي وصل قاتله معنديش"	"aya 93dt tbdly fhdra w tkdb 3lya w t9wl rslth 9alha mdyly akyzy wr9a bly wsl 9atlh m3ndych"	"그러다 네가 계속 말을 바꾸고 나에게 거짓말하면서 보냈다고 했어. 그가 그녀에게 도착했다는 영수증을 보여 달라고 했고, 그녀는 없다고 말했어."	"Then you kept changing your story, lying to me and saying you had sent it. He told her, “Give me an acknowledgment paper showing that it arrived.” She said, “I do not have one.”"	"OD-0037|OD-0176|OD-0180|OD-0309|OD-0312|OD-0317|OD-0369|OD-0371"	"S6"	"MADOran_Sentences.tsv:Sentno=226"	"MADORAN_DIRECT"	"source_direct"	"CC-BY-NC-3.0-MADORAN"	"batch02-school_work"	"MADOran-S6-226"	"source_verified"	"false"	"Raw MADOran sentence retained exactly; Batch02 source_direct row pending GPT and native review."
"ODC-000105"	"ar"	"ar-DZ-oran"	"A2"	"school_work"	"school and work"	"utterance"	"و قالهم لي كلاست لولا دروك تحوسوا و تجبدولها دوصيي تاعها و لا بلاصتك طير"	"و قالهم لي كلاست لولا دروك تحوسوا و تجبدولها دوصيي تاعها و لا بلاصتك طير"	"w 9alhm ly klast lwla drwk t7wswa w tjbdwlha dwsyy ta3ha w la blastk tyr"	"그는 그들에게 그 여학생이 반에서 1등을 했으니 지금 그 학생의 서류를 찾아서 가져오라고 했어. 그러지 않으면 네 자리를 잃을 거야."	"He told them that she had ranked first in her class and ordered them to find and bring her dossier now, or your position would be gone."	"OD-0049"	"S6"	"MADOran_Sentences.tsv:Sentno=241"	"MADORAN_DIRECT"	"source_direct"	"CC-BY-NC-3.0-MADORAN"	"batch02-school_work"	"MADOran-S6-241"	"source_verified"	"false"	"Raw MADOran sentence retained exactly; Batch02 source_direct row pending GPT and native review."
"ODC-000106"	"ar"	"ar-DZ-oran"	"A2"	"school_work"	"school and work"	"utterance"	"الا راك تحشم بيا طردني و صايي . خلينا من هاد الهدرة الله يحفظ . جيبلي دوسيات تع اليوم راني نخدم عندك . بونجوغ دكتور ما رانيش روطار لا ?"	"الا راك تحشم بيا طردني و صايي . خلينا من هاد الهدرة الله يحفظ . جيبلي دوسيات تع اليوم راني نخدم عندك . بونجوغ دكتور ما رانيش روطار لا ?"	"ila rak t7chm bya trdny w sayy . khlina mn had lhdra allh y7fz . jybly dwsyat t3 lywm rany nkhdm 3ndk . bwnjwr dktwr ma ranych rwtar la ?"	"내가 부끄러우면 그냥 해고해, 그걸로 끝내. 그 얘기는 그만하자. 오늘 서류들을 가져다줘. 나는 당신 밑에서 일하잖아. 안녕하세요, 선생님. 저 늦지 않았죠?"	"If you are embarrassed by me, fire me and that is it. Let us leave that talk aside. Bring me today's dossiers; I work for you. Good morning, doctor. I am not late, am I?"	"OD-0059"	"S6"	"MADOran_Sentences.tsv:Sentno=1351"	"MADORAN_DIRECT"	"source_direct"	"CC-BY-NC-3.0-MADORAN"	"batch02-school_work"	"MADOran-S6-1351"	"source_verified"	"false"	"Raw MADOran sentence retained exactly; Batch02 source_direct row pending GPT and native review."
"ODC-000107"	"ar"	"ar-DZ-oran"	"A1"	"school_work"	"school and work"	"utterance"	"صباح الخير استاد راه هنا ? عندك موعد معاه واه عندي . تفضلو ريحو قارعو شوية ."	"صباح الخير استاد راه هنا ? عندك موعد معاه واه عندي . تفضلو ريحو قارعو شوية ."	"sba7 alkhyr astad rah hna ? 3ndk mw3d m3ah wah 3ndy . tfdlw ry7w 9ar3w chwya ."	"안녕하세요. 교수님 계세요? 그분과 약속이 있으세요? 네. 앉아서 잠시 기다리세요."	"Good morning. Is the professor here? Do you have an appointment with him? Yes, I do. Please sit down and wait a little."	"OD-0059"	"S6"	"MADOran_Sentences.tsv:Sentno=818"	"MADORAN_DIRECT"	"source_direct"	"CC-BY-NC-3.0-MADORAN"	"batch02-school_work"	"MADOran-S6-818"	"source_verified"	"false"	"Raw MADOran sentence retained exactly; Batch02 source_direct row pending GPT and native review."
"ODC-000108"	"ar"	"ar-DZ-oran"	"A1"	"school_work"	"school and work"	"utterance"	"واه مكنتش هنا كنت خدام كنت في دزاير تاعش خدمة هادي ? كنت خدام . الله يعاونكم ولدي ."	"واه مكنتش هنا كنت خدام كنت في دزاير تاعش خدمة هادي ? كنت خدام . الله يعاونكم ولدي ."	"wah mkntch hna knt khdam knt fy dzayr ta3ch khdma hady ? knt khdam . allh y3awnkm wldy ."	"응, 나는 여기 없었어. 알제에서 일하고 있었어. 무슨 일이었냐고? 그냥 일하고 있었어. 하느님이 도와주시길, 얘야."	"Yes, I was not here; I was working in Algiers. What job? I was working. May God help you, my son."	"OD-0006|OD-0048|OD-0059|OD-0137|OD-0138|OD-0145|OD-0272|OD-0283"	"S6"	"MADOran_Sentences.tsv:Sentno=907"	"MADORAN_DIRECT"	"source_direct"	"CC-BY-NC-3.0-MADORAN"	"batch02-school_work"	"MADOran-S6-907"	"source_verified"	"false"	"Raw MADOran sentence retained exactly; Batch02 source_direct row pending GPT and native review."
"ODC-000109"	"ar"	"ar-DZ-oran"	"A2"	"school_work"	"school and work"	"utterance"	"علبالك مادم كنت عندك تلميد بكري . ابون ? سي بورسا دايوغ لي ستدعيتك او باغسون في وحد موضوع . خير انشا الله ."	"علبالك مادم كنت عندك تلميد بكري . ابون ? سي بورسا دايوغ لي ستدعيتك او باغسون في وحد موضوع . خير انشا الله ."	"3labalk madm knt 3ndk tlmyd bkry . abwn ? sy bwrsa daywgh ly std3ytk aw baghswn fy w7d mwdw3 . khyr ancha allh ."	"아시죠, 선생님. 예전에 제가 선생님 학생이었어요. “아, 그래?” “그래서 사실 선생님을 불렀어요. 이야기할 일이 하나 있어서요.” “좋은 일이면 좋겠네요.”"	"You know, ma'am, I used to be your student. “Oh really?” “That's actually why I called you; I wanted to talk to you about something.” “I hope it's good news.”"	"OD-0049"	"S6"	"MADOran_Sentences.tsv:Sentno=819"	"MADORAN_DIRECT"	"source_direct"	"CC-BY-NC-3.0-MADORAN"	"batch02-school_work"	"MADOran-S6-819"	"source_verified"	"false"	"Raw MADOran sentence retained exactly; Batch02 source_direct row pending GPT and native review."
"ODC-000110"	"ar"	"ar-DZ-oran"	"A2"	"school_work"	"school and work"	"utterance"	"ايا لقيت ميساج تع سكريتار قالي ارواحي عندك بورس قتله ايه لابورس صاي ديتها معلي انا ديجا كان عندي مشكل في لابورس تالية مدخلتنيش"	"ايا لقيت ميساج تع سكريتار قالي ارواحي عندك بورس قتله ايه لابورس صاي ديتها معلي انا ديجا كان عندي مشكل في لابورس تالية مدخلتنيش"	"aya l9yt mysaj t3 skrytar 9aly arwa7y 3ndk bwrs 9tlh ayh labwrs say dytha m3ly ana dyja kan 3ndy mchkl fy labwrs talya mdkhltnych"	"그다음 비서가 보낸 메시지를 찾았어. “와, 장학금이 있어”라고 했어. 나는 “네, 이미 장학금을 받았어요. 괜찮아요. 전에 다른 장학금 문제로 들어가지 못한 적이 있었어요”라고 말했어."	"Then I found a message from the secretary saying, “Come, you have a scholarship.” I said, “Yes, I already received the scholarship; no problem. I already had a problem with another scholarship that did not let me in.”"	"OD-0045|OD-0129|OD-0175|OD-0192|OD-0210|OD-0305|OD-0312|OD-0369"	"S6"	"MADOran_Sentences.tsv:Sentno=218"	"MADORAN_DIRECT"	"source_direct"	"CC-BY-NC-3.0-MADORAN"	"batch02-school_work"	"MADOran-S6-218"	"source_verified"	"false"	"Raw MADOran sentence retained exactly; Batch02 source_direct row pending GPT and native review."
"ODC-000111"	"ar"	"ar-DZ-oran"	"A2"	"school_work"	"school and work"	"utterance"	"قلتلها باغي تهبليني وين راه دوصيي انا دفعته عندك ملف قد سخط تقوليلي مكانش قعدوا مشيطيني رايحة جاية مشي عارفة حتى وين راه"	"قلتلها باغي تهبليني وين راه دوصيي انا دفعته عندك ملف قد سخط تقوليلي مكانش قعدوا مشيطيني رايحة جاية مشي عارفة حتى وين راه"	"9ltlha baghy thblyny wyn rah dwsyy ana df3th 3ndk mlf 9d skht t9wlyly mkanch 93dwa mchytyny ray7a jaya mchy 3arfa 7ta wyn rah"	"나는 그녀에게 말했어. 나를 미치게 하려는 거야? 내 서류가 어디 있어? 내가 당신에게 냈는데 여기 없다고 하잖아. 그들은 나를 계속 왔다 갔다 하게 했고, 나는 서류가 어디 있는지도 몰랐어."	"I told her, Are you trying to drive me crazy? Where is my dossier? I submitted it to you, and you say it is not here. They kept sending me back and forth, and I did not even know where it was."	"OD-0045|OD-0129|OD-0142|OD-0158|OD-0180|OD-0310|OD-0316|OD-0317"	"S6"	"MADOran_Sentences.tsv:Sentno=228"	"MADORAN_DIRECT"	"source_direct"	"CC-BY-NC-3.0-MADORAN"	"batch02-school_work"	"MADOran-S6-228"	"source_verified"	"false"	"Raw MADOran sentence retained exactly; Batch02 source_direct row pending GPT and native review."
"ODC-000112"	"ar"	"ar-DZ-oran"	"A2"	"school_work"	"school and work"	"utterance"	"مهم تلعنا لل غكتوغ بلافون لي يحكم فيهم قاع عميد جينا داخلين تخرجنا سكرتيرته ما راهش هنا ديري دومونض بش تشوفيه و قارعي"	"مهم تلعنا لل غكتوغ بلافون لي يحكم فيهم قاع عميد جينا داخلين تخرجنا سكرتيرته ما راهش هنا ديري دومونض بش تشوفيه و قارعي"	"mhm tl3na ll ghktwgh blafwn ly y7km fyhm 9a3 3myd jyna dakhlyn tkhrjna skrtyrth ma rahch hna dyry dwmwnd bch tchwfyh w 9ar3y"	"그다음 우리는 모든 일을 맡은 학장실로 올라갔어. 우리가 들어가자 그의 비서가 나와서 그가 여기 없다고 말했어. 그를 만나려면 신청서를 내고 기다리라고 했어."	"Then we went up to the rector's office, the dean who oversees everything. When we went in, his secretary came out and said that he was not there. She told us to submit a request to see him and wait."	"OD-0149|OD-0167|OD-0174|OD-0210|OD-0246|OD-0305|OD-0306|OD-0314"	"S6"	"MADOran_Sentences.tsv:Sentno=236"	"MADORAN_DIRECT"	"source_direct"	"CC-BY-NC-3.0-MADORAN"	"batch02-school_work"	"MADOran-S6-236"	"source_verified"	"false"	"Raw MADOran sentence retained exactly; Batch02 source_direct row pending GPT and native review."
"ODC-000113"	"ar"	"ar-DZ-oran"	"A2"	"school_work"	"school and work"	"utterance"	"ابري رحت بيرو تع سو ديركتريس لمتخصة في منح في خارج قاتلي لحقتي روطار راه فات ديلي و تنازلتي نتي"	"ابري رحت بيرو تع سو ديركتريس لمتخصة في منح في خارج قاتلي لحقتي روطار راه فات ديلي و تنازلتي نتي"	"abry r7t byrw t3 sw dyrktrys lmtkhsa fy mn7 fy kharj 9atly l79ty rwtar rah fat dyly w tnazlty nty"	"그다음 해외 장학금을 담당하는 부원장실에 갔어. 그녀는 내가 늦게 왔고 마감일이 지났으며 내가 포기했다고 말했어."	"Then I went to the office of the deputy director responsible for scholarships abroad. She told me I had arrived late, that the deadline had passed, and that I had given up."	"OD-0131|OD-0305|OD-0308|OD-0340|OD-0374|OD-0414|OD-0434|OD-0435"	"S6"	"MADOran_Sentences.tsv:Sentno=245"	"MADORAN_DIRECT"	"source_direct"	"CC-BY-NC-3.0-MADORAN"	"batch02-school_work"	"MADOran-S6-245"	"source_verified"	"false"	"Raw MADOran sentence retained exactly; Batch02 source_direct row pending GPT and native review."
"ODC-000114"	"ar"	"ar-DZ-oran"	"A2"	"school_work"	"school and work"	"utterance"	"قاتلي اه حنا خاطينا قتلها واه انا مانيش نحصل فيك اني نقولك شا صرا دروك جبتهلك باش ترسلوهلي عاونوني"	"قاتلي اه حنا خاطينا قتلها واه انا مانيش نحصل فيك اني نقولك شا صرا دروك جبتهلك باش ترسلوهلي عاونوني"	"9atly ah 7na khatyna 9tlha wah ana manych n7sl fyk any n9wlk cha sra drwk jbthlk bach trslwhly 3awnwny"	"그녀는 우리 책임이 아니라고 말했어. 나는 당신을 탓하는 게 아니라 무슨 일이 있었는지 말하는 거라고 했어. 보내 달라고 가져왔으니 도와 달라고 했어."	"She told me, We are not responsible. I said, I am not accusing you; I am telling you what happened. I brought it so you could send it; help me."	"OD-0006|OD-0129|OD-0134|OD-0155|OD-0305|OD-0306|OD-0314|OD-0410"	"S6"	"MADOran_Sentences.tsv:Sentno=247"	"MADORAN_DIRECT"	"source_direct"	"CC-BY-NC-3.0-MADORAN"	"batch02-school_work"	"MADOran-S6-247"	"source_verified"	"false"	"Raw MADOran sentence retained exactly; Batch02 source_direct row pending GPT and native review."
"ODC-000115"	"ar"	"ar-DZ-oran"	"A2"	"school_work"	"school and work"	"utterance"	"قاتلي صعيبة و ديجا رسلنا دوصيات و منا و قعدو يشكلو عليا قلتلها قتولي لولا غي جيليه و دروك كي جبته خرجتولي بحاجة وخدوخرة"	"قاتلي صعيبة و ديجا رسلنا دوصيات و منا و قعدو يشكلو عليا قلتلها قتولي لولا غي جيليه و دروك كي جبته خرجتولي بحاجة وخدوخرة"	"9atly s3yba w dyja rslna dwsyat w mna w 93dw ychklw 3lya 9ltlha 9twly lwla ghy jylyh w drwk ky jbth khrjtwly b7aja wkhdwkhra"	"그녀는 어렵고 이미 서류들을 보냈다며 계속 일을 복잡하게 만들었어. 나는 “처음에는 그냥 가져오라고 했는데, 이제 가져오니 또 다른 걸 요구하잖아요”라고 했어."	"She told me it was difficult and that they had already sent the dossiers, and they kept making things difficult for me. I told her, “At first you told me just to bring it, but now that I brought it, you are asking for something else.”"	"OD-0045|OD-0155|OD-0174|OD-0180|OD-0252|OD-0263|OD-0308|OD-0309"	"S6"	"MADOran_Sentences.tsv:Sentno=248"	"MADORAN_DIRECT"	"source_direct"	"CC-BY-NC-3.0-MADORAN"	"batch02-school_work"	"MADOran-S6-248"	"source_verified"	"false"	"Raw MADOran sentence retained exactly; Batch02 source_direct row pending GPT and native review."
"ODC-000116"	"ar"	"ar-DZ-oran"	"A2"	"school_work"	"school and work"	"utterance"	"ايا حكا مع عمي قاله كوزين تاعي كلاست ماجوغ دو برومو في جامعة تع وهران و صرالها بروبلام و ودرولها دوصيي"	"ايا حكا مع عمي قاله كوزين تاعي كلاست ماجوغ دو برومو في جامعة تع وهران و صرالها بروبلام و ودرولها دوصيي"	"aya 7ka m3 3my 9alh kwzyn ta3y klast majwgh dw brwmw fy jam3a t3 whran w sralha brwblam w wdrwlha dwsyy"	"그가 내 삼촌에게 자기 사촌이 오랑대학교에서 반 1등을 했지만 문제가 생겨 서류를 잃어버렸다고 말했어."	"Then he spoke with my uncle and told him that his cousin had ranked first in her class at the University of Oran, but a problem occurred and her dossier was lost."	"OD-0045|OD-0165|OD-0260|OD-0305|OD-0306|OD-0312|OD-0313|OD-0341"	"S6"	"MADOran_Sentences.tsv:Sentno=253"	"MADORAN_DIRECT"	"source_direct"	"CC-BY-NC-3.0-MADORAN"	"batch02-school_work"	"MADOran-S6-253"	"source_verified"	"false"	"Raw MADOran sentence retained exactly; Batch02 source_direct row pending GPT and native review."
"ODC-000117"	"ar"	"ar-DZ-oran"	"A2"	"school_work"	"school and work"	"utterance"	"مهم حمد لله لقيت فقروب تع فيسبوك بلي هادوك دوسيات لي رسلوهم مشي كاملين و الأردن عاودت رجعتهم للجزاير قاتلهم مينقبلوش حتى يكملو وثاى ءق"	"مهم حمد لله لقيت فقروب تع فيسبوك بلي هادوك دوسيات لي رسلوهم مشي كاملين و الأردن عاودت رجعتهم للجزاير قاتلهم مينقبلوش حتى يكملو وثاى ءق"	"mhm 7md llh l9yt f9rwb t3 fysbwk bly hadwk dwsyat ly rslwhm mchy kamlyn w alardn 3awdt rj3thm lljzayr 9atlhm myn9blwch 7ta ykmlw wtha2i9"	"페이스북 그룹에서 그들이 보낸 서류가 완전하지 않았다는 것을 알게 됐어. 요르단 측은 서류가 완성될 때까지 받지 않겠다며 그것들을 알제리로 돌려보냈어."	"I found on a Facebook group that the dossiers they sent were incomplete. Jordan sent them back to Algeria and said they would not accept them until the documents were complete."	"OD-0137|OD-0139|OD-0162|OD-0177|OD-0178|OD-0305|OD-0316|OD-0317"	"S6"	"MADOran_Sentences.tsv:Sentno=260"	"MADORAN_DIRECT"	"source_direct"	"CC-BY-NC-3.0-MADORAN"	"batch02-school_work"	"MADOran-S6-260"	"source_verified"	"false"	"Raw MADOran sentence retained exactly; Batch02 source_direct row pending GPT and native review."
"ODC-000118"	"ar"	"ar-DZ-oran"	"A2"	"school_work"	"school and work"	"utterance"	"كي شفتها فرحت قلت سبحان الله هاكا كي يعودوا يرسلو للجامعة الأردنية يرسلودوصيي تاعي معاهم باسكو تاعي كامل فيه كلشي ماغديش يرفضوه حمد الله"	"كي شفتها فرحت قلت سبحان الله هاكا كي يعودوا يرسلو للجامعة الأردنية يرسلودوصيي تاعي معاهم باسكو تاعي كامل فيه كلشي ماغديش يرفضوه حمد الله"	"ky chftha fr7t 9lt sb7an allh haka ky y3wdwa yrslw lljam3a alardnya yrslwdwsyy ta3y m3ahm baskw ta3y kaml fyh klchy maghdych yrfdwh 7md allh"	"그걸 보고 기뻤어. 요르단대학교로 서류를 보낼 때 내 서류도 함께 보내는데, 내 서류에는 모든 것이 들어 있어서 거절하지 않을 거야. 하느님께 감사해."	"When I saw it, I was happy. When they send the dossiers to the Jordanian university, they send mine with them because mine has everything, so they will not reject it, thank God."	"OD-0045|OD-0165|OD-0191|OD-0276|OD-0305|OD-0306|OD-0309|OD-0312"	"S6"	"MADOran_Sentences.tsv:Sentno=261"	"MADORAN_DIRECT"	"source_direct"	"CC-BY-NC-3.0-MADORAN"	"batch02-school_work"	"MADOran-S6-261"	"source_verified"	"false"	"Raw MADOran sentence retained exactly; Batch02 source_direct row pending GPT and native review."
"ODC-000119"	"ar"	"ar-DZ-oran"	"A2"	"school_work"	"school and work"	"utterance"	"سي الياس سمحلي علابالي مشي وقتها بصح لازم تقول للوالدة غدوة نشاء الله تجيني للمكتب في موضوع مهم سمحلي ."	"سي الياس سمحلي علابالي مشي وقتها بصح لازم تقول للوالدة غدوة نشاء الله تجيني للمكتب في موضوع مهم سمحلي ."	"sy alyas sm7ly 3labaly mchy w9tha bs7 lazm t9wl llwalda ghdwa ncha2 allh tjyny llmktb fy mwdw3 mhm sm7ly ."	"일리아스 씨, 미안해요. 지금이 적절한 때가 아닌 건 알지만, 중요한 일이 있으니 어머니께 내일 제 사무실로 오시라고 전해 주세요. 죄송해요."	"Mr Ilyas, sorry. I know it is not the right time, but please tell your mother to come to my office tomorrow, God willing, about an important matter. Sorry."	"OD-0157|OD-0160|OD-0276|OD-0288|OD-0305|OD-0322|OD-0410|OD-0433"	"S6"	"MADOran_Sentences.tsv:Sentno=782"	"MADORAN_DIRECT"	"source_direct"	"CC-BY-NC-3.0-MADORAN"	"batch02-school_work"	"MADOran-S6-782"	"source_verified"	"false"	"Raw MADOran sentence retained exactly; Batch02 source_direct row pending GPT and native review."
"ODC-000120"	"ar"	"ar-DZ-oran"	"A2"	"school_work"	"school and work"	"utterance"	"وين كنت ? نخدم على شري . نوض كاش ما تنافيقي على روحك نوض قاعد ما دير والو في حياتك ."	"وين كنت ? نخدم على شري . نوض كاش ما تنافيقي على روحك نوض قاعد ما دير والو في حياتك ."	"wyn knt ? nkhdm 3la chry . nwd kach ma tnafy9y 3la rw7k nwd 9a3d ma dyr walw fy 7yatk ."	"어디 있었어? 먹고살려고 일하고 있었어. 일어나. 적어도 너 자신을 위해 뭔가 해 보려고 해. 일어나, 너는 인생에서 아무것도 하지 않고 있잖아."	"Where were you? I was working for my living. Get up; at least try to do something for yourself. Get up, you are doing nothing with your life."	"OD-0048|OD-0142|OD-0166|OD-0190|OD-0272|OD-0305|OD-0306|OD-0311"	"S6"	"MADOran_Sentences.tsv:Sentno=847"	"MADORAN_DIRECT"	"source_direct"	"CC-BY-NC-3.0-MADORAN"	"batch02-school_work"	"MADOran-S6-847"	"source_verified"	"false"	"Raw MADOran sentence retained exactly; Batch02 source_direct row pending GPT and native review."
"ODC-000121"	"ar"	"ar-DZ-oran"	"A2"	"school_work"	"school and work"	"utterance"	"نتا ما تشوف ما والو نخدم نجي , نقابل ناس كي نديرنقطع روحي . بليش دو سا ما عندكش روجيستر دو كومارس ."	"نتا ما تشوف ما والو نخدم نجي , نقابل ناس كي نديرنقطع روحي . بليش دو سا ما عندكش روجيستر دو كومارس ."	"nta ma tchwf ma walw nkhdm njy , n9abl nas ky ndyrn9t3 rw7y . blych dw sa ma 3ndkch rwjystr dw kwmars ."	"너는 아무것도 보지 못하잖아. 나는 일하러 가서 사람들을 만나고, 그러다 보면 기진맥진해. 게다가 너에게는 상업 등록증도 없어."	"You cannot see anything; I work and come to meet people, and when I do I wear myself out. Also, you do not have a commercial register."	"OD-0048|OD-0130|OD-0166|OD-0167|OD-0190|OD-0260|OD-0272|OD-0306"	"S6"	"MADOran_Sentences.tsv:Sentno=1111"	"MADORAN_DIRECT"	"source_direct"	"CC-BY-NC-3.0-MADORAN"	"batch02-school_work"	"MADOran-S6-1111"	"source_verified"	"false"	"Raw MADOran sentence retained exactly; Batch02 source_direct row pending GPT and native review."
"ODC-000122"	"ar"	"ar-DZ-oran"	"A2"	"school_work"	"school and work"	"utterance"	"قتلها كيفاش وينتا هادي انا متنازلتش قاتلي ما جانا حتى رد من جامعة تع وهران قتلها باسكو دفعته و ودروهلي كل خطرة يقولولي بلي رسلناه حتى لقيتاه"	"قتلها كيفاش وينتا هادي انا متنازلتش قاتلي ما جانا حتى رد من جامعة تع وهران قتلها باسكو دفعته و ودروهلي كل خطرة يقولولي بلي رسلناه حتى لقيتاه"	"9tlha kyfach wynta hady ana mtnazltch 9atly ma jana 7ta rd mn jam3a t3 whran 9tlha baskw df3th w wdrwhly kl khtra y9wlwly bly rslnah 7ta l9ytah"	"그럴 수가 있어? 언제 그랬어? 나는 포기하지 않았어. 그녀는 오랑대학교에서 아무 답도 오지 않았다고 했어. 나는 서류를 냈고 그들이 잃어버렸다고 말했어. 그들은 보냈다고 계속 말했지만, 결국 내가 찾아냈어."	"How can that be? When was this? I did not give it up. She said the University of Oran had not sent any reply. I told her I had submitted it and that they had lost it; every time they said they had sent it, until I found it."	"OD-0045|OD-0129|OD-0130|OD-0137|OD-0138|OD-0142|OD-0165|OD-0306"	"S6"	"MADOran_Sentences.tsv:Sentno=246"	"MADORAN_DIRECT"	"source_direct"	"CC-BY-NC-3.0-MADORAN"	"batch02-school_work"	"MADOran-S6-246"	"source_verified"	"false"	"Raw MADOran sentence retained exactly; Batch02 source_direct row pending GPT and native review."
"ODC-000123"	"ar"	"ar-DZ-oran"	"A1"	"city_transport"	"city and transport"	"utterance"	"أيا حكيلي حكاية هداك سيد نهار بغي تبيع لوطو ."	"أيا حكيلي حكاية هداك سيد نهار بغي تبيع لوطو ."	"aya 7kyly 7kaya hdak syd nhar bghy tby3 lwtw ."	"자, 차를 팔고 싶어 했던 남자 이야기를 들려줘."	"Come on, tell me the story of the man who wanted to sell his car."	"OD-0022|OD-0082|OD-0140|OD-0149|OD-0218|OD-0309|OD-0310|OD-0435"	"S6"	"MADOran_Sentences.tsv:Sentno=2"	"MADORAN_DIRECT"	"source_direct"	"CC-BY-NC-3.0-MADORAN"	"batch02-city_transport"	"MADOran-S6-2"	"source_verified"	"false"	"Raw MADOran sentence retained exactly; Batch02 source_direct row pending GPT and native review."
"ODC-000124"	"ar"	"ar-DZ-oran"	"A1"	"city_transport"	"city and transport"	"utterance"	"ختي مدينة جديدة حتى واحد ما راحلها انا رحتلها قبل رمضان بغيت نطرطق الغاشي بزاف"	"ختي مدينة جديدة حتى واحد ما راحلها انا رحتلها قبل رمضان بغيت نطرطق الغاشي بزاف"	"khty mdyna jdyda 7ta wa7d ma ra7lha ana r7tlha 9bl rmdan bghyt ntrt9 alghachy bzaf"	"누나, 메디나 제디다에는 아무도 가 본 적이 없었어. 나는 라마단 전에 그곳에 갔고, 사람이 너무 많아서 터질 것 같았어."	"Sister, no one had been to Medina Jdida. I went there before Ramadan; there were so many people that I felt like I would burst."	"OD-0044|OD-0075|OD-0129|OD-0149|OD-0162|OD-0188|OD-0220|OD-0243"	"S6"	"MADOran_Sentences.tsv:Sentno=145"	"MADORAN_DIRECT"	"source_direct"	"CC-BY-NC-3.0-MADORAN"	"batch02-city_transport"	"MADOran-S6-145"	"source_verified"	"false"	"Raw MADOran sentence retained exactly; Batch02 source_direct row pending GPT and native review."
"ODC-000125"	"ar"	"ar-DZ-oran"	"A1"	"city_transport"	"city and transport"	"utterance"	"هادي هي فيلا واه راك تشوف راك في كارتي كالم و عندك كلشي حداك . مرحبا بيك . نقدندخلو نشوفو ?"	"هادي هي فيلا واه راك تشوف راك في كارتي كالم و عندك كلشي حداك . مرحبا بيك . نقدندخلو نشوفو ?"	"hady hya fyla wah rak tchwf rak f karti kalm w 3ndk klchy 7dak . mr7ba bik . n9dr ndkhlo nchwfo ?"	"여기 빌라가 있어. 봐, 너는 조용한 동네에 있고 주변에 필요한 게 다 있어. 어서 와. 들어가서 볼까?"	"Here is the villa. As you can see, you are in a quiet neighborhood and everything is nearby. Welcome. Shall we go in and look?"	"OD-0305|OD-0167|OD-0166"	"S6"	"MADOran_Sentences.tsv:Sentno=780"	"MADORAN_DIRECT"	"source_direct"	"CC-BY-NC-3.0-MADORAN"	"batch02-city_transport"	"MADOran-S6-780"	"source_verified"	"false"	"Raw MADOran sentence retained exactly; Batch02 source_direct row pending GPT and native review."
"ODC-000126"	"ar"	"ar-DZ-oran"	"A2"	"city_transport"	"city and transport"	"utterance"	"و كي جيت فايت و صبتك واقفة تقارعي في بيس حشمت قلت نحبس نوصلك من شوك و حشمة ضربتها بتزغريتة طويلة وعريضة و نضت نصفق و نرقص حسيتها في جنابي هه ."	"و كي جيت فايت و صبتك واقفة تقارعي في بيس حشمت قلت نحبس نوصلك من شوك و حشمة ضربتها بتزغريتة طويلة وعريضة و نضت نصفق و نرقص حسيتها في جنابي هه ."	"w ky jyt fayt w sbtk wa9fa t9ar3y f bys 7chmt 9lt n7bs nwslk mn chwk w 7chma drbtha btzghryta twila w 3ryda w ndt nsf9 w nr9s 7sitha fy jnaby h h ."	"내가 지나가다 네가 버스를 기다리는 것을 봤어. 놀라고 쑥스러워서 차를 세워 태워 주겠다고 했고, 긴 환호를 한 뒤 박수를 치고 춤을 췄어. 그 느낌을 내 옆구리에서 느꼈어."	"When I came by and saw you waiting for a bus, I felt shocked and embarrassed. I said I would stop to give you a ride, then let out a long ululation, stood clapping and dancing, and felt it in my sides."	"OD-0219|OD-0285|OD-0166"	"S6"	"MADOran_Sentences.tsv:Sentno=525"	"MADORAN_DIRECT"	"source_direct"	"CC-BY-NC-3.0-MADORAN"	"batch02-city_transport"	"MADOran-S6-525"	"source_verified"	"false"	"Raw MADOran sentence retained exactly; Batch02 source_direct row pending GPT and native review."
"ODC-000127"	"ar"	"ar-DZ-oran"	"A2"	"city_transport"	"city and transport"	"utterance"	"شارم تع بحر جاي وحده بعدا حنا عندنا شيرات حنا شيرات مين نروحو للبحر جنيغالمون غادي نروحو مع دارنا و والدينا و قاع"	"شارم تع بحر جاي وحده بعدا حنا عندنا شيرات حنا شيرات مين نروحو للبحر جنيغالمون غادي نروحو مع دارنا و والدينا و قاع"	"charm t3 b7r jay w7dha b3da 7na 3ndna chyrat 7na chyrat myn nrw7w llb7r jnyralmon ghady nrw7w m3a darna w walidyna w 9a3"	"바다는 저절로 매력이 느껴져. 우리는 여자들이라 바다에 갈 때 보통 가족과 부모님과 함께 가."	"The sea has a charm of its own. We women generally go to the beach with our families and parents."	"OD-0345|OD-0380|OD-0499"	"S6"	"MADOran_Sentences.tsv:Sentno=542"	"MADORAN_DIRECT"	"source_direct"	"CC-BY-NC-3.0-MADORAN"	"batch02-city_transport"	"MADOran-S6-542"	"source_verified"	"false"	"Raw MADOran sentence retained exactly; Batch02 source_direct row pending GPT and native review."
"ODC-000128"	"ar"	"ar-DZ-oran"	"A1"	"city_transport"	"city and transport"	"utterance"	"عبد القادر : أيا وجد روحك , غادي _ نفوت عليك"	"عبد القادر : أيا وجد روحك , غادي _ نفوت عليك"	"3bd al9adr : aya wjd rw7k , ghady _ nfwt 3lyk"	"준비해. 내가 들를게."	"Get ready; I will come by."	"OD-0063|OD-0166|OD-0435|OD-0436|OD-0442|OD-0471|OD-0713|OD-0924"	"S6"	"MADOran_Sentences.tsv:Sentno=1159"	"MADORAN_DIRECT"	"source_direct"	"CC-BY-NC-3.0-MADORAN"	"batch02-city_transport"	"MADOran-S6-1159"	"source_verified"	"false"	"Raw MADOran sentence retained exactly; Batch02 source_direct row pending GPT and native review."
"ODC-000129"	"ar"	"ar-DZ-oran"	"A1"	"city_transport"	"city and transport"	"utterance"	"عبد القادر : راني جاي , كاش ما نجيبلك معايا"	"عبد القادر : راني جاي , كاش ما نجيبلك معايا"	"3bd al9adr : rany jay , kach ma njyblk m3aya"	"나 가고 있어. 뭐라도 가져다줄까?"	"I am coming. Shall I bring you anything?"	"OD-0045|OD-0181|OD-0306|OD-0312|OD-0436|OD-0438|OD-0474|OD-0488"	"S6"	"MADOran_Sentences.tsv:Sentno=1161"	"MADORAN_DIRECT"	"source_direct"	"CC-BY-NC-3.0-MADORAN"	"batch02-city_transport"	"MADOran-S6-1161"	"source_verified"	"false"	"Raw MADOran sentence retained exactly; Batch02 source_direct row pending GPT and native review."
"ODC-000130"	"ar"	"ar-DZ-oran"	"A2"	"city_transport"	"city and transport"	"utterance"	"أنا كون باغي نحكي على وهران نحكي عليها بفاسون شابة خويا . وهران ترازيام مويوغ بالكون أوموند ."	"أنا كون باغي نحكي على وهران نحكي عليها بفاسون شابة خويا . وهران ترازيام مويوغ بالكون أوموند ."	"ana kwn baghy n7ky 3la whran n7ky 3lyha bfaswn chaba khwya . whran trazyam mwywgh balkwn awmwnd ."	"오랑에 대해 이야기한다면 멋지게 이야기할 거야, 형제여. 오랑은 세계에서 세 번째로 좋은 발코니야."	"If I wanted to talk about Oran, I would talk about it nicely, brother. Oran is the third-best balcony in the world."	"OD-0309|OD-0310|OD-0311|OD-0373|OD-0375|OD-0435|OD-0436|OD-0437"	"S6"	"MADOran_Sentences.tsv:Sentno=1215"	"MADORAN_DIRECT"	"source_direct"	"CC-BY-NC-3.0-MADORAN"	"batch02-city_transport"	"MADOran-S6-1215"	"source_verified"	"false"	"Raw MADOran sentence retained exactly; Batch02 source_direct row pending GPT and native review."
"ODC-000131"	"ar"	"ar-DZ-oran"	"A1"	"city_transport"	"city and transport"	"utterance"	"قالك خطرة هواري الدوفان كان عنده حفلة في معسكر , أيا المعسكرية قعدو يقارعوله فالبور"	"قالك خطرة هواري الدوفان كان عنده حفلة في معسكر , أيا المعسكرية قعدو يقارعوله فالبور"	"9alk khtra hwary dwfan kan 3ndh 7fla fy m3skr , aya lm3skrya 93dw y9ar3wlh flbwr"	"한번은 호와리 두판이 마스카라에서 공연을 했고, 마스카라 사람들이 항구에서 그를 기다렸어."	"Once, Houari Dauphin had a concert in Mascara, and the people of Mascara waited for him at the port."	"OD-0305|OD-0373|OD-0166"	"S6"	"MADOran_Sentences.tsv:Sentno=69"	"MADORAN_DIRECT"	"source_direct"	"CC-BY-NC-3.0-MADORAN"	"batch02-city_transport"	"MADOran-S6-69"	"source_verified"	"false"	"Raw MADOran sentence retained exactly; Batch02 source_direct row pending GPT and native review."
"ODC-000132"	"ar"	"ar-DZ-oran"	"A1"	"city_transport"	"city and transport"	"utterance"	"و قالي راكي راكبة في بيس تاع عايلة هادي عايلتي رايحة للعرس"	"و قالي راكي راكبة في بيس تاع عايلة هادي عايلتي رايحة للعرس"	"w 9aly raky rakba fy bys t3 3ayla hady 3aylty ray7a ll3rs"	"그가 말했어. '너는 가족이 탄 버스를 타고 있어. 이 사람들은 내 가족이고 결혼식에 가는 중이야.'"	"He said, 'You are riding in a family bus. This is my family, and we are going to a wedding.'"	"OD-0219|OD-0166"	"S6"	"MADOran_Sentences.tsv:Sentno=524"	"MADORAN_DIRECT"	"source_direct"	"CC-BY-NC-3.0-MADORAN"	"batch02-city_transport"	"MADOran-S6-524"	"source_verified"	"false"	"Raw MADOran sentence retained exactly; Batch02 source_direct row pending GPT and native review."
"ODC-000133"	"ar"	"ar-DZ-oran"	"A1"	"city_transport"	"city and transport"	"utterance"	"هديك لي ظل مدابزة مع الطاكسيات ."	"هديك لي ظل مدابزة مع الطاكسيات ."	"hdyk ly zl mdabza m3 altaksyat ."	"저 사람은 늘 택시 기사들과 다퉈."	"That one is always arguing with taxis."	"OD-0312|OD-0435|OD-0436|OD-0459|OD-0533"	"S6"	"MADOran_Sentences.tsv:Sentno=1283"	"MADORAN_DIRECT"	"source_direct"	"CC-BY-NC-3.0-MADORAN"	"batch02-city_transport"	"MADOran-S6-1283"	"source_verified"	"false"	"Raw MADOran sentence retained exactly; Batch02 source_direct row pending GPT and native review."
"ODC-000134"	"ar"	"ar-DZ-oran"	"A1"	"city_transport"	"city and transport"	"utterance"	"حطني عند دار الضو . زيد قولي ما تعرفش دار ضو نتا بروحك باين بلي ماشي ولد بلاد ."	"حطني عند دار الضو . زيد قولي ما تعرفش دار ضو نتا بروحك باين بلي ماشي ولد بلاد ."	"7tny 3nd dar aldw . zyd 9wly ma t3rfch dar dw nta brw7k bayn bly machy wld blad ."	"다르 에드다우에서 내려 줘. 그런데 다르 에드다우를 모른다고 하니, 너는 분명 이곳 사람이 아니야."	"Drop me at Dar ed-Daw. Then tell me you do not know Dar ed-Daw; you are clearly not from here."	"OD-0130|OD-0145|OD-0149|OD-0153|OD-0166|OD-0276|OD-0306|OD-0317"	"S6"	"MADOran_Sentences.tsv:Sentno=1287"	"MADORAN_DIRECT"	"source_direct"	"CC-BY-NC-3.0-MADORAN"	"batch02-city_transport"	"MADOran-S6-1287"	"source_verified"	"false"	"Raw MADOran sentence retained exactly; Batch02 source_direct row pending GPT and native review."
"ODC-000135"	"ar"	"ar-DZ-oran"	"A1"	"city_transport"	"city and transport"	"utterance"	"نتي شا راه مدخلك راه مفتح عليك نعطيك لادريس تع دار روحي شقيله و صايي ."	"نتي شا راه مدخلك راه مفتح عليك نعطيك لادريس تع دار روحي شقيله و صايي ."	"nty cha rah mdkhlk rah mft7 3lyk n3tyk ladrys t3 dar rw7y ch9ylh w sayy ."	"그게 너와 무슨 상관이야? 문은 열려 있어. 내가 집 주소를 줄 테니 가서 문을 두드리면 돼."	"What is it to you? The door is open for you. I will give you the address of the house; go knock on it and that is all."	"OD-0131|OD-0153|OD-0166|OD-0175|OD-0433|OD-0434|OD-0435|OD-0437"	"S6"	"MADOran_Sentences.tsv:Sentno=1349"	"MADORAN_DIRECT"	"source_direct"	"CC-BY-NC-3.0-MADORAN"	"batch02-city_transport"	"MADOran-S6-1349"	"source_verified"	"false"	"Raw MADOran sentence retained exactly; Batch02 source_direct row pending GPT and native review."
"ODC-000136"	"ar"	"ar-DZ-oran"	"A2"	"city_transport"	"city and transport"	"utterance"	"بوحد نهار بويكاند جمعة كان حمان بزاف حرقة ديسيدينا نروحو للبحر و نوفتو قاع نهار و نبحروا ايا وجدنا كسكروطات توعنا فريت اومليت و جي و ماء بارد و طيبنا لتاي و قاطو و فطيرة و قاليتات و قضبنا طريق ."	"بوحد نهار بويكاند جمعة كان حمان بزاف حرقة ديسيدينا نروحو للبحر و نوفتو قاع نهار و نبحروا ايا وجدنا كسكروطات توعنا فريت اومليت و جي و ماء بارد و طيبنا لتاي و قاطو و فطيرة و قاليتات و قضبنا طريق ."	"bwa7d nhar wikyand jm3a kan 7man bzaf 7r9a disidna nrw7w llb7r w nwftw 9a3 nhar w nb7rw aya wjdna kskrwtat twa3na fryt awmlyt w jy w ma bard w tybna ltay w 9atw w ftyra w 9alyat w 9dbna tri9 ."	"어느 주말 금요일, 날씨가 아주 더워서 우리는 바다에 가서 하루 종일 수영하기로 했어. 샌드위치와 프리트 오믈렛, 주스와 차가운 물을 준비하고, 차와 케이크, 파이와 갈레트를 챙겨 길을 나섰어."	"One hot Friday weekend, we decided to go to the beach and spend the whole day swimming. We prepared sandwiches, fries with omelet, juice and cold water, made tea, cake, pie, and galettes, and set off on the road."	"OD-0345|OD-0164|OD-0423|OD-0499"	"S6"	"MADOran_Sentences.tsv:Sentno=400"	"MADORAN_DIRECT"	"source_direct"	"CC-BY-NC-3.0-MADORAN"	"batch02-city_transport"	"MADOran-S6-400"	"source_verified"	"false"	"Raw MADOran sentence retained exactly; Batch02 source_direct row pending GPT and native review."
"ODC-000137"	"ar"	"ar-DZ-oran"	"A2"	"city_transport"	"city and transport"	"utterance"	"رسلوه بعد عناء طويل ايا من بعد وصل ألجي قلعنا حنا تاني لأجي كي وصلنا تاني بروبلام وخداخر دخلت عند واحد لي يشد دوصيات تع لابورس"	"رسلوه بعد عناء طويل ايا من بعد وصل ألجي قلعنا حنا تاني لأجي كي وصلنا تاني بروبلام وخداخر دخلت عند واحد لي يشد دوصيات تع لابورس"	"rslwh b3d 3na2 twyl aya mn b3d wsl aljy 9l3na 7na tany lajy ky wslna tany brwblam wkhdakhr dkhlt 3nd wa7d ly ychd dwsyat t3 labwrs"	"오랜 노력 끝에 그들은 그것을 보냈고 알제로 도착했어. 우리도 알제로 떠났는데, 도착하니 또 다른 문제가 있어서 장학금 서류를 담당하는 사람에게 갔어."	"After a long effort they sent it, and it reached Algiers. We also left for Algiers; when we arrived there was another problem, so I went to the person who handles scholarship dossiers."	"OD-0075|OD-0134|OD-0163|OD-0175|OD-0176|OD-0304|OD-0308|OD-0309"	"S6"	"MADOran_Sentences.tsv:Sentno=244"	"MADORAN_DIRECT"	"source_direct"	"CC-BY-NC-3.0-MADORAN"	"batch02-city_transport"	"MADOran-S6-244"	"source_verified"	"false"	"Raw MADOran sentence retained exactly; Batch02 source_direct row pending GPT and native review."
"ODC-000138"	"ar"	"ar-DZ-oran"	"A2"	"city_transport"	"city and transport"	"utterance"	"راه ملخميس قاعد و راه يفوت وقت قاتلي غي متتقلقيش نتي رايحة رايحة خرجتي فمنيستار مكانش لي يقلعهالك"	"راه ملخميس قاعد و راه يفوت وقت قاتلي غي متتقلقيش نتي رايحة رايحة خرجتي فمنيستار مكانش لي يقلعهالك"	"rah mlkhmys 9a3d w rah yfwt w9t 9atly ghy mtt9l9ych nty ray7a ray7a khrjty fmnystar mkanch ly y9l3halk"	"목요일부터 그대로 있고 시간이 지나고 있어. 그는 걱정하지 말라고 했어. 너는 떠날 거고, 그 일을 부처를 통해 받았으니 아무도 그것을 빼앗을 수 없어."	"It has been sitting since Thursday and time is passing. He told me not to worry: you are leaving, and you got it through the ministry, so no one can take it away from you."	"OD-0131|OD-0151|OD-0160|OD-0174|OD-0260|OD-0308|OD-0310|OD-0319"	"S6"	"MADOran_Sentences.tsv:Sentno=256"	"MADORAN_DIRECT"	"source_direct"	"CC-BY-NC-3.0-MADORAN"	"batch02-city_transport"	"MADOran-S6-256"	"source_verified"	"false"	"Raw MADOran sentence retained exactly; Batch02 source_direct row pending GPT and native review."
"ODC-000139"	"ar"	"ar-DZ-oran"	"A2"	"city_transport"	"city and transport"	"utterance"	"انا تاني كنت كيفك و مدولي لابورس لفرنسا عشيت في مصر مي مهم رحت تسما نشاء الله بربي تروحي"	"انا تاني كنت كيفك و مدولي لابورس لفرنسا عشيت في مصر مي مهم رحت تسما نشاء الله بربي تروحي"	"ana tany knt kyfk w mdwly labwrs lfrnsa 3chyt fy msr my mhm r7t tsma ncha2 allh brby trw7y"	"나도 너와 같았어. 그들이 나에게 프랑스 장학금을 줬고, 나는 이집트에서 저녁을 보냈지만 결국 갔어. 하느님 뜻대로 너도 가게 될 거야."	"I was like you; they gave me a scholarship to France. I spent the evening in Egypt, but in the end I went. God willing, you will go too."	"OD-0129|OD-0166|OD-0305|OD-0306|OD-0309|OD-0324|OD-0344|OD-0389"	"S6"	"MADOran_Sentences.tsv:Sentno=257"	"MADORAN_DIRECT"	"source_direct"	"CC-BY-NC-3.0-MADORAN"	"batch02-city_transport"	"MADOran-S6-257"	"source_verified"	"false"	"Raw MADOran sentence retained exactly; Batch02 source_direct row pending GPT and native review."
"ODC-000140"	"ar"	"ar-DZ-oran"	"A2"	"city_transport"	"city and transport"	"utterance"	"وهران مدينة جزاى ءرية كيما تصور فوهران قادر تصور في بجاية في شلف كيما قادر تصور في قسنطينة بلعباس"	"وهران مدينة جزاى ءرية كيما تصور فوهران قادر تصور في بجاية في شلف كيما قادر تصور في قسنطينة بلعباس"	"whran mdyna jaza2irya kyma tswr fwhran 9adr tswr fy bjaya fy chlf kyma 9adr tswr fy 9sntyna bl3bas"	"오랑은 알제리 도시야. 오랑에서 촬영할 수 있는 것처럼 베자이아, 슐레프, 콘스탄틴, 시디 벨 아베스에서도 촬영할 수 있어."	"Oran is an Algerian city. Just as you can film in Oran, you can film in Bejaia, Chlef, Constantine, or Sidi Bel Abbes."	"OD-0045|OD-0220|OD-0305|OD-0306|OD-0309|OD-0373|OD-0444|OD-0525"	"S6"	"MADOran_Sentences.tsv:Sentno=280"	"MADORAN_DIRECT"	"source_direct"	"CC-BY-NC-3.0-MADORAN"	"batch02-city_transport"	"MADOran-S6-280"	"source_verified"	"false"	"Raw MADOran sentence retained exactly; Batch02 source_direct row pending GPT and native review."
"ODC-000141"	"ar"	"ar-DZ-oran"	"A2"	"city_transport"	"city and transport"	"utterance"	"كانوا يدوروا بليجيب و لواطا كبار و كانو يروحوا لي كارتيي تع العرب يدوروا فيهم , يروحوا الحمري , مدينة الجديدة , يروحوا للدرب , سيدي هواري قلب وهران علابالك هادوا لي كارتيي , جينرالمون طرقان تاعهم ضيقين ."	"كانوا يدوروا بليجيب و لواطا كبار و كانو يروحوا لي كارتيي تع العرب يدوروا فيهم , يروحوا الحمري , مدينة الجديدة , يروحوا للدرب , سيدي هواري قلب وهران علابالك هادوا لي كارتيي , جينرالمون طرقان تاعهم ضيقين ."	"kanw ydwrw bljyb w lwata kbar w kanw yrw7w lkartiy t3 l3rb ydwrw fyhm , yrw7w l7mry , mdyna ljdida , yrw7w ldrb , sidi hwary 9lb whran 3labalk hado lkartiy , jnyralmon tr9an t3hm dy9yn ."	"그들은 지프와 큰 차를 타고 다니며 오랑의 아랍인 동네들을 돌아다녔어. 함리, 메디나 제디다, 데르브, 오랑의 중심인 시디 엘후아리에도 갔지. 그 동네들의 길은 대체로 좁아."	"They drove around in Jeeps and large cars, visiting Oran's Arab neighborhoods: Hamri, Medina Jdida, Derb, and Sidi El Houari, the heart of Oran. The roads in those neighborhoods are generally narrow."	"OD-0373|OD-0166|OD-0220|OD-0305"	"S6"	"MADOran_Sentences.tsv:Sentno=1197"	"MADORAN_DIRECT"	"source_direct"	"CC-BY-NC-3.0-MADORAN"	"batch02-city_transport"	"MADOran-S6-1197"	"source_verified"	"false"	"Raw MADOran sentence retained exactly; Batch02 source_direct row pending GPT and native review."
"ODC-000142"	"ar"	"ar-DZ-oran"	"A2"	"city_transport"	"city and transport"	"utterance"	"راهي مور ستاسيون تع كيران تع بتي لاك . و هادي ايستواغ كبيرة تع ليزامريكان مين دخلو لوهران كاش نهار نحكيها لكم ."	"راهي مور ستاسيون تع كيران تع بتي لاك . و هادي ايستواغ كبيرة تع ليزامريكان مين دخلو لوهران كاش نهار نحكيها لكم ."	"rahy mwr stasywn t3 kyran t3 bty lak . w hady aystwagh kbyra t3 lyzamrykan myn dkhlw lwhran kach nhar n7kyha lkm ."	"그곳은 프티 라크 버스 정류장 뒤에 있어. 미국인들이 오랑에 들어왔을 때의 큰 이야기인데, 언젠가 이야기해 줄게."	"It is behind the Petit Lac bus station. This is a big story about the Americans entering Oran; I will tell you about it one day."	"OD-0082|OD-0133|OD-0137|OD-0138|OD-0175|OD-0184|OD-0225|OD-0260"	"S6"	"MADOran_Sentences.tsv:Sentno=1179"	"MADORAN_DIRECT"	"source_direct"	"CC-BY-NC-3.0-MADORAN"	"batch02-city_transport"	"MADOran-S6-1179"	"source_verified"	"false"	"Raw MADOran sentence retained exactly; Batch02 source_direct row pending GPT and native review."
"ODC-000143"	"ar"	"ar-DZ-oran"	"A2"	"city_transport"	"city and transport"	"utterance"	"30 كاتريام بريزيدون تع ليزيتازيني , ايزان هاور , ولده دخل لوهران , دخلها عوم على مداغ و كاش نهار نقولكم علاه دخلها عوم ."	"30 كاتريام بريزيدون تع ليزيتازيني , ايزان هاور , ولده دخل لوهران , دخلها عوم على مداغ و كاش نهار نقولكم علاه دخلها عوم ."	"30 katryam bryzydwn t3 lyzytazyny , ayzan hawr , wldh dkhl lwhran , dkhlha 3wm 3la mdagh w kach nhar n9wlkm 3lah dkhlha 3wm ."	"미국의 34대 대통령 아이젠하워의 아들이 오랑에 들어왔어. 그는 마다그에서 헤엄쳐 들어왔고, 왜 그렇게 들어왔는지는 언젠가 말해 줄게."	"The son of Eisenhower, the thirty-fourth president of the United States, entered Oran. He entered by swimming from Madagh, and one day I will tell you why he entered that way."	"OD-0082|OD-0145|OD-0149|OD-0175|OD-0311|OD-0355|OD-0373|OD-0410"	"S6"	"MADOran_Sentences.tsv:Sentno=1184"	"MADORAN_DIRECT"	"source_direct"	"CC-BY-NC-3.0-MADORAN"	"batch02-city_transport"	"MADOran-S6-1184"	"source_verified"	"false"	"Raw MADOran sentence retained exactly; Batch02 source_direct row pending GPT and native review."
"ODC-000144"	"ar"	"ar-DZ-oran"	"A2"	"city_transport"	"city and transport"	"utterance"	"واحد مين يكون عنده كارو . يجرها حمار . هداك مول الكارو مين يبغي باش حمار تاعه يتمشي يقوله أريي مان ."	"واحد مين يكون عنده كارو . يجرها حمار . هداك مول الكارو مين يبغي باش حمار تاعه يتمشي يقوله أريي مان ."	"wa7d myn ykwn 3ndh karw . yjrha 7mar . hdak mwl alkarw myn ybghy bach 7mar ta3h ytmchy y9wlh aryy man ."	"누군가 수레를 가지고 있으면 당나귀가 끌어. 수레 주인이 당나귀를 걷게 하려고 아리 만이라고 말해."	"When someone has a cart, a donkey pulls it. When the cart owner wants the donkey to walk, he says, Arri man."	"OD-0075|OD-0140|OD-0306|OD-0310|OD-0313|OD-0314|OD-0369|OD-0372"	"S6"	"MADOran_Sentences.tsv:Sentno=1195"	"MADORAN_DIRECT"	"source_direct"	"CC-BY-NC-3.0-MADORAN"	"batch02-city_transport"	"MADOran-S6-1195"	"source_verified"	"false"	"Raw MADOran sentence retained exactly; Batch02 source_direct row pending GPT and native review."
"ODC-000145"	"ar"	"ar-DZ-oran"	"A2"	"city_transport"	"city and transport"	"utterance"	"وهران باغمي بورميير فيل اللي عرفوا شوالا أرشيتاكتير عتمانية . و هي بورميير فيل الي كانت فيها وزين باستوس المعروف . وهران حية كبيرة ز كي تبغي تحكي , احكي فري ."	"وهران باغمي بورميير فيل اللي عرفوا شوالا أرشيتاكتير عتمانية . و هي بورميير فيل الي كانت فيها وزين باستوس المعروف . وهران حية كبيرة ز كي تبغي تحكي , احكي فري ."	"whran baghmy brmyr fyl ly 3rfwha chwala arshytiktwr 3tmany . w hya brmyr fyl ly kant fyha wzyn bastws lm3rwf . whran 7ya kbyra z ky tbghy t7ky , 7ky fry ."	"오랑은 오스만 건축으로 알려진 최초의 도시들 가운데 하나야. 유명한 바스토스 공장이 있던 최초의 도시이기도 해. 오랑은 크고 활기찬 도시니까, 이야기하고 싶다면 자유롭게 말해."	"Oran is among the first cities known for Ottoman architecture. It was also the first city to have the famous Bastos factory. Oran is a big, lively city, so if you want to talk about it, speak freely."	"OD-0373|OD-0220|OD-0305"	"S6"	"MADOran_Sentences.tsv:Sentno=1217"	"MADORAN_DIRECT"	"source_direct"	"CC-BY-NC-3.0-MADORAN"	"batch02-city_transport"	"MADOran-S6-1217"	"source_verified"	"false"	"Raw MADOran sentence retained exactly; Batch02 source_direct row pending GPT and native review."
"ODC-000146"	"ar"	"ar-DZ-oran"	"A2"	"city_transport"	"city and transport"	"utterance"	"في عوام تع 40 مين كانوا هنا ليزاميركان كي دخلوا لوهران كانوا يخرجوا ما يقعدوش غير في البركي الحي تع وهران اللي هو باركينق عند وين كانوا حاطين ماتيريال تاعهم ."	"في عوام تع 40 مين كانوا هنا ليزاميركان كي دخلوا لوهران كانوا يخرجوا ما يقعدوش غير في البركي الحي تع وهران اللي هو باركينق عند وين كانوا حاطين ماتيريال تاعهم ."	"fy 3wam t3 40 myn kanw hnaya lyzamyrkan ky dkhlo lwhran kanw ykhrjw ma y9a3dwch ghy f lbrky l7y t3 whran lli hw parkyn9 3nd wyn kanw 7atyn matryal t3hm ."	"1940년대, 미국인들이 오랑에 들어왔을 때 그들은 오랑의 동네인 파르키에만 머물지 않고 밖으로 나가곤 했어. 그곳은 그들이 장비를 두었던 주차장이었어."	"In the 1940s, when the Americans entered Oran, they would go out instead of staying only in Parki, an Oran neighborhood and parking area where they had placed their equipment."	"OD-0373|OD-0305|OD-0306|OD-0410"	"S6"	"MADOran_Sentences.tsv:Sentno=1196"	"MADORAN_DIRECT"	"source_direct"	"CC-BY-NC-3.0-MADORAN"	"batch02-city_transport"	"MADOran-S6-1196"	"source_verified"	"false"	"Raw MADOran sentence retained exactly; Batch02 source_direct row pending GPT and native review."
"ODC-000147"	"ar"	"ar-DZ-oran"	"A2"	"city_transport"	"city and transport"	"utterance"	"من بعد طلعوا فيه ردوه ديميل و ابري مرقوها ولا 400 دج و كون غي بارك كي ناس مسقم و لا جاي كي بيست و ما فيها والو حتى قدرون و مكانش قلنا معليش مهم يعسها ."	"من بعد طلعوا فيه ردوه ديميل و ابري مرقوها ولا 400 دج و كون غي بارك كي ناس مسقم و لا جاي كي بيست و ما فيها والو حتى قدرون و مكانش قلنا معليش مهم يعسها ."	"mn b3d tl3w fyh rdwh dymyl w abry mr9wha wla 400 dj w kwn ghy park ky nas ms9m wla jay ky byst w ma fyha wlw 7ta 9drwn w makanch 9lna m3lych mhm y3sha ."	"그다음 요금을 2,000디나르로 올렸다가 400디나르를 받았어. 주차장이 잘 정비되어 있거나 포장도로처럼 되어 있으면 좋았겠지만, 아무것도 없었고 아스팔트조차 없었어. 그래도 우리는 괜찮다고 했어. 중요한 건 관리되고 있다는 거였지."	"Then they raised the fee to 2,000 dinars and later charged 400 dinars. If only the parking area had been maintained or paved like a proper road; it had nothing, not even asphalt. Still, we said it was fine as long as it was watched."	"OD-0345|OD-0133|OD-0225|OD-0306"	"S6"	"MADOran_Sentences.tsv:Sentno=404"	"MADORAN_DIRECT"	"source_direct"	"CC-BY-NC-3.0-MADORAN"	"batch02-city_transport"	"MADOran-S6-404"	"source_verified"	"false"	"Raw MADOran sentence retained exactly; Batch02 source_direct row pending GPT and native review."
"ODC-000148"	"ar"	"ar-DZ-oran"	"A1"	"city_transport"	"city and transport"	"utterance"	"نكملها أبيي خير لي . وين راكي رايحة ختي ? راني رايحة للدار . قزان أنا وين نعرف داركم ."	"نكملها أبيي خير لي . وين راكي رايحة ختي ? راني رايحة للدار . قزان أنا وين نعرف داركم ."	"nkmlha abyy khyr ly . wyn raky ray7a khty ? rany ray7a lldar . 9zan ana wyn n3rf darkm ."	"나머지는 차라리 걸어서 끝내는 게 낫겠어. 누나, 어디 가? 나는 집에 가. 사촌아, 네 집이 어디인지 내가 어떻게 알겠어?"	"I would rather finish the rest on foot. Where are you going, sister? I am going home. Cousin, how would I know where your house is?"	"OD-0142|OD-0153|OD-0178|OD-0309|OD-0390|OD-0418|OD-0435|OD-0438"	"S6"	"MADOran_Sentences.tsv:Sentno=1285"	"MADORAN_DIRECT"	"source_direct"	"CC-BY-NC-3.0-MADORAN"	"batch02-city_transport"	"MADOran-S6-1285"	"source_verified"	"false"	"Raw MADOran sentence retained exactly; Batch02 source_direct row pending GPT and native review."
"ODC-000149"	"ar"	"ar-DZ-oran"	"A1"	"body_health"	"body and health"	"utterance"	"كرش كبيرة تتقطع"	"كرش كبيرة تتقطع"	"krch kbyra tt9t3"	"배가 심하게 아파."	"My belly hurts badly."	"OD-0184|OD-0350|OD-0483"	"S6"	"MADOran_Sentences.tsv:Sentno=118"	"MADORAN_DIRECT"	"source_direct"	"CC-BY-NC-3.0-MADORAN"	"batch02-body_health"	"MADOran-S6-118"	"source_verified"	"false"	"Raw MADOran sentence retained exactly; Batch02 source_direct row pending GPT and native review."
"ODC-000150"	"ar"	"ar-DZ-oran"	"A1"	"body_health"	"body and health"	"utterance"	"اخت سناء كيراكي و كيراهم ناس وهران"	"اخت سناء كيراكي و كيراهم ناس وهران"	"akht sna2 kyraky w kyrahm nas whran"	"사나의 언니, 잘 지내? 오랑 사람들은 어때?"	"Sana's sister, how are you? And how are the people of Oran?"	"OD-0309|OD-0373|OD-0384|OD-0440|OD-0443|OD-0447|OD-0478|OD-0716"	"S6"	"MADOran_Sentences.tsv:Sentno=123"	"MADORAN_DIRECT"	"source_direct"	"CC-BY-NC-3.0-MADORAN"	"batch02-body_health"	"MADOran-S6-123"	"source_verified"	"false"	"Raw MADOran sentence retained exactly; Batch02 source_direct row pending GPT and native review."
"ODC-000151"	"ar"	"ar-DZ-oran"	"A1"	"body_health"	"body and health"	"utterance"	"أيا واي طيحتني براس ما ما راني قاعدها ."	"أيا واي طيحتني براس ما ما راني قاعدها ."	"aya way ty7tny bras ma ma rany 9a3dha ."	"아, 머리를 부딪혔어. 나는 여기 앉아 있어."	"Oh, it hit me in the head; I am sitting here."	"OD-0247|OD-0306|OD-0319|OD-0389|OD-0436|OD-0438|OD-0442|OD-0451"	"S6"	"MADOran_Sentences.tsv:Sentno=692"	"MADORAN_DIRECT"	"source_direct"	"CC-BY-NC-3.0-MADORAN"	"batch02-body_health"	"MADOran-S6-692"	"source_verified"	"false"	"Raw MADOran sentence retained exactly; Batch02 source_direct row pending GPT and native review."
"ODC-000152"	"ar"	"ar-DZ-oran"	"A1"	"body_health"	"body and health"	"utterance"	"صحا ختي روحي . نريان صباح خير . صباح خير حبيبتي كيراكي ? غاية ."	"صحا ختي روحي . نريان صباح خير . صباح خير حبيبتي كيراكي ? غاية ."	"s7a khty rw7y . nryan sba7 khyr . sba7 khyr 7bybty kyraky ? ghaya ."	"좋은 아침이야, 자기야. 잘 지내? 좋아."	"Good morning, my dear. How are you? Fine."	"OD-0036|OD-0086|OD-0159|OD-0166|OD-0309|OD-0390|OD-0436|OD-0443"	"S6"	"MADOran_Sentences.tsv:Sentno=838"	"MADORAN_DIRECT"	"source_direct"	"CC-BY-NC-3.0-MADORAN"	"batch02-body_health"	"MADOran-S6-838"	"source_verified"	"false"	"Raw MADOran sentence retained exactly; Batch02 source_direct row pending GPT and native review."
"ODC-000153"	"ar"	"ar-DZ-oran"	"A1"	"body_health"	"body and health"	"utterance"	"جزائري راح لفرنسا دار عيادة طبية ."	"جزائري راح لفرنسا دار عيادة طبية ."	"jzayry ra7 lfrnsa dar 3yada tbya ."	"한 알제리 사람이 프랑스로 가서 진료소를 열었어."	"An Algerian went to France and opened a medical clinic."	"OD-0044|OD-0153|OD-0436"	"S6"	"MADOran_Sentences.tsv:Sentno=938"	"MADORAN_DIRECT"	"source_direct"	"CC-BY-NC-3.0-MADORAN"	"batch02-body_health"	"MADOran-S6-938"	"source_verified"	"false"	"Raw MADOran sentence retained exactly; Batch02 source_direct row pending GPT and native review."
"ODC-000154"	"ar"	"ar-DZ-oran"	"A1"	"body_health"	"body and health"	"utterance"	"دار قيمة الفحص   لافيزيت   ب 100 أورو"	"دار قيمة الفحص   لافيزيت   ب 100 أورو"	"dar 9yma alf7s lafyzyt b 100 awrw"	"그는 진찰비로 100유로를 받았어."	"He charged 100 euros for the examination."	"OD-0153|OD-0305|OD-0355|OD-0433"	"S6"	"MADOran_Sentences.tsv:Sentno=939"	"MADORAN_DIRECT"	"source_direct"	"CC-BY-NC-3.0-MADORAN"	"batch02-body_health"	"MADOran-S6-939"	"source_verified"	"false"	"Raw MADOran sentence retained exactly; Batch02 source_direct row pending GPT and native review."
"ODC-000155"	"ar"	"ar-DZ-oran"	"A1"	"body_health"	"body and health"	"utterance"	"ولي ما يبراش يعطيلو 200 أورو"	"ولي ما يبراش يعطيلو 200 أورو"	"wly ma ybrach y3tylw 200 awrw"	"낫지 않는 사람에게는 200유로를 줘."	"For someone who does not recover, he gives them 200 euros."	"OD-0247|OD-0306|OD-0435|OD-0908"	"S6"	"MADOran_Sentences.tsv:Sentno=940"	"MADORAN_DIRECT"	"source_direct"	"CC-BY-NC-3.0-MADORAN"	"batch02-body_health"	"MADOran-S6-940"	"source_verified"	"false"	"Raw MADOran sentence retained exactly; Batch02 source_direct row pending GPT and native review."
"ODC-000156"	"ar"	"ar-DZ-oran"	"A1"	"body_health"	"body and health"	"utterance"	"عبد القادر : كيراك داير"	"عبد القادر : كيراك داير"	"3bd al9adr : kyrak dayr"	"압델카데르: 잘 지내?"	"Abdelkader: How are you doing?"	"OD-0309|OD-0443|OD-0716|OD-0924"	"S6"	"MADOran_Sentences.tsv:Sentno=1149"	"MADORAN_DIRECT"	"source_direct"	"CC-BY-NC-3.0-MADORAN"	"batch02-body_health"	"MADOran-S6-1149"	"source_verified"	"false"	"Raw MADOran sentence retained exactly; Batch02 source_direct row pending GPT and native review."
"ODC-000157"	"ar"	"ar-DZ-oran"	"A1"	"body_health"	"body and health"	"utterance"	"عبد القادر : لاباس"	"عبد القادر : لاباس"	"3bd al9adr : labas"	"압델카데르: 괜찮아."	"Abdelkader: Fine."	"OD-0433|OD-0924"	"S6"	"MADOran_Sentences.tsv:Sentno=1151"	"MADORAN_DIRECT"	"source_direct"	"CC-BY-NC-3.0-MADORAN"	"batch02-body_health"	"MADOran-S6-1151"	"source_verified"	"false"	"Raw MADOran sentence retained exactly; Batch02 source_direct row pending GPT and native review."
"ODC-000158"	"ar"	"ar-DZ-oran"	"A1"	"body_health"	"body and health"	"utterance"	"غادي ندخل نستنجا حمبوك جبدلي سربيتا تع كرعين باش نشف كرعيا و نتوضا و جيبلي مفتاح تع هاديك البيت اللي راكم داسين فيها قاتو نبغي نصلي فسكات ."	"غادي ندخل نستنجا حمبوك جبدلي سربيتا تع كرعين باش نشف كرعيا و نتوضا و جيبلي مفتاح تع هاديك البيت اللي راكم داسين فيها قاتو نبغي نصلي فسكات ."	"ghady ndkhl nstnja 7mbwk jbdly srbyta t3 kr3yn bach nchf kr3ya w ntwda w jybly mfta7 t3 hadyk albyt ally rakm dasyn fyha 9atw nbghy nsly fskat ."	"화장실에 들어갈게. 다리를 닦을 수 있게 수건을 가져오고, 세정 의식을 할 수 있게 그 방 열쇠도 가져와. 조용히 기도하고 싶어."	"I am going in to use the bathroom. Bring me a towel for my legs so I can dry them and perform ablution, and bring me the key to that room; I want to pray quietly."	"OD-0045|OD-0063|OD-0137|OD-0138|OD-0150|OD-0175|OD-0181|OD-0260"	"S6"	"MADOran_Sentences.tsv:Sentno=1342"	"MADORAN_DIRECT"	"source_direct"	"CC-BY-NC-3.0-MADORAN"	"batch02-body_health"	"MADOran-S6-1342"	"source_verified"	"false"	"Raw MADOran sentence retained exactly; Batch02 source_direct row pending GPT and native review."
"ODC-000159"	"ar"	"ar-DZ-oran"	"A1"	"body_health"	"body and health"	"utterance"	"اقعد هنا شوف راني باغية نروح نرقد و الضرسة ضارتني و راني صايمة براس ما تهدر نعطيك للفم ."	"اقعد هنا شوف راني باغية نروح نرقد و الضرسة ضارتني و راني صايمة براس ما تهدر نعطيك للفم ."	"a93d hna chwf rany baghya nrw7 nr9d w aldrsa dartny w rany sayma bras ma thdr n3tyk llfm ."	"여기 앉아 있어. 자러 가고 싶은데 이가 아파. 말하지 말아 줘. 그러지 않으면 입을 때릴 거야."	"Sit here; I want to go to sleep and my tooth hurts. Please do not talk, or I will hit you in the mouth."	"OD-0037|OD-0151|OD-0166|OD-0167|OD-0180|OD-0247|OD-0306|OD-0310"	"S6"	"MADOran_Sentences.tsv:Sentno=1099"	"MADORAN_DIRECT"	"source_direct"	"CC-BY-NC-3.0-MADORAN"	"batch02-body_health"	"MADOran-S6-1099"	"source_verified"	"false"	"Raw MADOran sentence retained exactly; Batch02 source_direct row pending GPT and native review."
"ODC-000160"	"ar"	"ar-DZ-oran"	"A1"	"body_health"	"body and health"	"utterance"	"اسمعي تلاقيت مع واحد سيد مين جيت جاي بخير عليه و لاباس بيه و عنده وحد سكنة"	"اسمعي تلاقيت مع واحد سيد مين جيت جاي بخير عليه و لاباس بيه و عنده وحد سكنة"	"asm3y tla9yt m3 wa7d syd myn jyt jay bkhyr 3lyh w labas byh w 3ndh w7d skna"	"있잖아, 어떤 남자를 만났어. 내가 갔을 때 그는 잘 지내고 있었고 집도 있었어."	"Listen, I met a man. When I came, he was doing well and had a house."	"OD-0022|OD-0045|OD-0075|OD-0149|OD-0254|OD-0312|OD-0369|OD-0396"	"S6"	"MADOran_Sentences.tsv:Sentno=704"	"MADORAN_DIRECT"	"source_direct"	"CC-BY-NC-3.0-MADORAN"	"batch02-body_health"	"MADOran-S6-704"	"source_verified"	"false"	"Raw MADOran sentence retained exactly; Batch02 source_direct row pending GPT and native review."
"ODC-000161"	"ar"	"ar-DZ-oran"	"A1"	"body_health"	"body and health"	"utterance"	"خالتي حليمة كيراكي ? كيراك ولدي راكي غاية ? صحتك لاباس . غاية حمد لله . الله يحفظك ميمتي ."	"خالتي حليمة كيراكي ? كيراك ولدي راكي غاية ? صحتك لاباس . غاية حمد لله . الله يحفظك ميمتي ."	"khalty 7lyma kyraky ? kyrak wldy raky ghaya ? s7tk labas . ghaya 7md llh . allh y7fzk mymty ."	"할리마 이모, 잘 지내? 얘야, 너는 어때? 잘 지내고 건강하지? 좋아, 하느님께 감사해. 하느님이 지켜 주시길 바라, 엄마."	"Aunt Halima, how are you? How are you, my son? Are you well? Is your health okay? Fine, thank God. May God protect you, Mom."	"OD-0086|OD-0145|OD-0309|OD-0403|OD-0433|OD-0435|OD-0443|OD-0447"	"S6"	"MADOran_Sentences.tsv:Sentno=905"	"MADORAN_DIRECT"	"source_direct"	"CC-BY-NC-3.0-MADORAN"	"batch02-body_health"	"MADOran-S6-905"	"source_verified"	"false"	"Raw MADOran sentence retained exactly; Batch02 source_direct row pending GPT and native review."
"ODC-000162"	"ar"	"ar-DZ-oran"	"A2"	"body_health"	"body and health"	"utterance"	"أيا قالي دربت و حد ساعة و لا ساعتين و جيت كي جيت دخلت يادرا كيراكم غايا لاباس ?"	"أيا قالي دربت و حد ساعة و لا ساعتين و جيت كي جيت دخلت يادرا كيراكم غايا لاباس ?"	"aya 9aly drbt w 7d sa3a w la sa3tyn w jyt ky jyt dkhlt yadra kyrakm ghaya labas ?"	"그러고 한두 시간 걸은 뒤 들어와서 물었어. 다들 잘 지내? 괜찮아?"	"Then I walked for an hour or two and came in. I asked, How are you all doing? Are you well?"	"OD-0175|OD-0241|OD-0309|OD-0371|OD-0396|OD-0433|OD-0435|OD-0436"	"S6"	"MADOran_Sentences.tsv:Sentno=44"	"MADORAN_DIRECT"	"source_direct"	"CC-BY-NC-3.0-MADORAN"	"batch02-body_health"	"MADOran-S6-44"	"source_verified"	"false"	"Raw MADOran sentence retained exactly; Batch02 source_direct row pending GPT and native review."
"ODC-000163"	"ar"	"ar-DZ-oran"	"A2"	"body_health"	"body and health"	"utterance"	"خالتي زوليخة كيراكي غاية لاباس ? غايا ميمتي الله يحفظك . مرزاق كيراك ? كيراكي دليلة ? وين كنت ? عندك سيمانة مبنتش ."	"خالتي زوليخة كيراكي غاية لاباس ? غايا ميمتي الله يحفظك . مرزاق كيراك ? كيراكي دليلة ? وين كنت ? عندك سيمانة مبنتش ."	"khalty zwlykha kyraky ghaya labas ? ghaya mymty allh y7fzk . mrza9 kyrak ? kyraky dlyla ? wyn knt ? 3ndk symana mbntch ."	"줄라이카 이모, 잘 지내? 엄마, 하느님께 감사하게 잘 지내. 마르주크, 너는 어때? 달릴라, 너는 어때? 어디 있었어? 일주일 동안 보이지 않았어."	"Aunt Zuleikha, how are you? Fine, Mom, thank God. Marzouk, how are you? Dalila, how are you? Where were you? You have not appeared for a week."	"OD-0086|OD-0142|OD-0146|OD-0158|OD-0239|OD-0306|OD-0309|OD-0369"	"S6"	"MADOran_Sentences.tsv:Sentno=906"	"MADORAN_DIRECT"	"source_direct"	"CC-BY-NC-3.0-MADORAN"	"batch02-body_health"	"MADOran-S6-906"	"source_verified"	"false"	"Raw MADOran sentence retained exactly; Batch02 source_direct row pending GPT and native review."
"ODC-000164"	"ar"	"ar-DZ-oran"	"A2"	"body_health"	"body and health"	"utterance"	"سلام و عليكم كيراكم لاباس غايا حمد لله هادي حاجا باينة كي بديت نهدر بديتو تقولو هادي مالها شاراها تهدر شا هادي لغة لي راها تهدر بيها انايا ."	"سلام و عليكم كيراكم لاباس غايا حمد لله هادي حاجا باينة كي بديت نهدر بديتو تقولو هادي مالها شاراها تهدر شا هادي لغة لي راها تهدر بيها انايا ."	"slam w 3lykm kyrakm labas ghaya 7md llh hady 7aja bayna ky bdyt nhdr bdytw t9wlw hady malha charaha thdr cha hady lgha ly raha thdr byha anaya ."	"안녕하세요, 잘 지내요? 하느님께 감사하게 잘 지내요. 내가 말하기 시작하자 너희는 그녀에게 무슨 일이 있고 어떤 언어를 쓰는지 묻기 시작했어."	"Hello, how are you? Fine, thank God. It is obvious that when I started speaking, you started asking what was wrong with her and what language she was speaking."	"OD-0037|OD-0045|OD-0129|OD-0137|OD-0138|OD-0255|OD-0256|OD-0306"	"S6"	"MADOran_Sentences.tsv:Sentno=553"	"MADORAN_DIRECT"	"source_direct"	"CC-BY-NC-3.0-MADORAN"	"batch02-body_health"	"MADOran-S6-553"	"source_verified"	"false"	"Raw MADOran sentence retained exactly; Batch02 source_direct row pending GPT and native review."
"ODC-000165"	"ar"	"ar-DZ-oran"	"A2"	"body_health"	"body and health"	"utterance"	"في امان الله مهود ملخدمة عيان نتلاقى سيد انا وياه فطريق حبا حبا جبهلي رب عالمين صدفة تلاقينا هدرة تجبد هدرة دخلنا فامر تاعك ."	"في امان الله مهود ملخدمة عيان نتلاقى سيد انا وياه فطريق حبا حبا جبهلي رب عالمين صدفة تلاقينا هدرة تجبد هدرة دخلنا فامر تاعك ."	"fy aman allh mhwd mlkhdma 3yan ntla9a syd ana wyah ftry9 7ba 7ba jbhly rb 3almyn sdfa tla9yna hdra tjbd hdra dkhlna famr ta3k ."	"안녕. 나는 일 때문에 지쳤어. 길에서 한 남자를 만났고, 그는 천천히 나를 데려갔어. 우연히 만났고, 이야기가 이어져 네 문제에 들어가게 됐어."	"Goodbye. I am tired from work. I met a man on the road; slowly, he brought me along, and by chance we met. One thing led to another and we got into your matter."	"OD-0022|OD-0036|OD-0037|OD-0048|OD-0059|OD-0129|OD-0132|OD-0149"	"S6"	"MADOran_Sentences.tsv:Sentno=710"	"MADORAN_DIRECT"	"source_direct"	"CC-BY-NC-3.0-MADORAN"	"batch02-body_health"	"MADOran-S6-710"	"source_verified"	"false"	"Raw MADOran sentence retained exactly; Batch02 source_direct row pending GPT and native review."
"ODC-000166"	"ar"	"ar-DZ-oran"	"A2"	"body_health"	"body and health"	"utterance"	"واه لاجوناس وي علي كيراكم لاباس ? غاية حمد لله عندكم سيمانة مبنتوش غير خير ? في بالي رانا في اقامة جبرية و ما راناش عابيين . اه سكت ."	"واه لاجوناس وي علي كيراكم لاباس ? غاية حمد لله عندكم سيمانة مبنتوش غير خير ? في بالي رانا في اقامة جبرية و ما راناش عابيين . اه سكت ."	"wah lajwnas wy 3ly kyrakm labas ? ghaya 7md llh 3ndkm symana mbntwch ghyr khyr ? fy baly rana fy a9ama jbrya w ma ranach 3abyyn . ah skt ."	"안녕, 젊은이들아, 잘 지내? 하느님께 감사하게 잘 지내. 일주일 동안 보이지 않던데, 괜찮아? 나는 우리가 가택연금 중이고 지치지도 않는 줄 알았어."	"Hello, young people, how are you? Fine, thank God. You have not appeared for a week; is everything okay? I thought we were under house arrest and were not tired."	"OD-0006|OD-0086|OD-0129|OD-0146|OD-0239|OD-0305|OD-0306|OD-0309"	"S6"	"MADOran_Sentences.tsv:Sentno=895"	"MADORAN_DIRECT"	"source_direct"	"CC-BY-NC-3.0-MADORAN"	"batch02-body_health"	"MADOran-S6-895"	"source_verified"	"false"	"Raw MADOran sentence retained exactly; Batch02 source_direct row pending GPT and native review."
"ODC-000167"	"ar"	"ar-DZ-oran"	"A2"	"body_health"	"body and health"	"utterance"	"لا متقرعش لغدوة دروك . صحا عم علي . كي يهودو روح فتش شومبرا تاعهم هاد ليلة ترقد هاني ."	"لا متقرعش لغدوة دروك . صحا عم علي . كي يهودو روح فتش شومبرا تاعهم هاد ليلة ترقد هاني ."	"la mt9r3ch lghdwa drwk . s7a 3m 3ly . ky yhwdw rw7 ftch chwmbra ta3hm had lyla tr9d hany ."	"걱정하지 마. 내일이면 돼. 그들이 돌아오면 방을 찾아봐. 오늘 밤은 편히 자."	"Do not worry; tomorrow, then. When they return, go search their room; sleep peacefully tonight."	"OD-0132|OD-0137|OD-0155|OD-0157|OD-0158|OD-0166|OD-0221|OD-0247"	"S6"	"MADOran_Sentences.tsv:Sentno=904"	"MADORAN_DIRECT"	"source_direct"	"CC-BY-NC-3.0-MADORAN"	"batch02-body_health"	"MADOran-S6-904"	"source_verified"	"false"	"Raw MADOran sentence retained exactly; Batch02 source_direct row pending GPT and native review."
"ODC-000168"	"ar"	"ar-DZ-oran"	"A2"	"body_health"	"body and health"	"utterance"	"رقد يا هاما تتبوف . حمامة اللي رسلتهالي غير الخير . غير الخير . شوف غادي نكلفك بمهمة . تفضل"	"رقد يا هاما تتبوف . حمامة اللي رسلتهالي غير الخير . غير الخير . شوف غادي نكلفك بمهمة . تفضل"	"r9d ya hama ttbwf . 7mama ally rslthaly ghyr alkhyr . ghyr alkhyr . chwf ghady nklfk bmhma . tfdl"	"자, 하마. 기침하니 자러 가. 네가 보낸 비둘기는 좋은 소식만 가져왔어. 정말 좋은 소식뿐이야. 봐, 내가 너에게 일을 맡길게."	"Go to sleep, Hama; you are coughing. The pigeon you sent me brought only good news. Only good news. Look, I will give you a task."	"OD-0063|OD-0167|OD-0306|OD-0310|OD-0315|OD-0385|OD-0435|OD-0436"	"S6"	"MADOran_Sentences.tsv:Sentno=1033"	"MADORAN_DIRECT"	"source_direct"	"CC-BY-NC-3.0-MADORAN"	"batch02-body_health"	"MADOran-S6-1033"	"source_verified"	"false"	"Raw MADOran sentence retained exactly; Batch02 source_direct row pending GPT and native review."
"ODC-000169"	"ar"	"ar-DZ-oran"	"A2"	"body_health"	"body and health"	"utterance"	"ما تشوفش نتا بعينيك لا ماشفتاهش . توجوغ مشفتش , ما سمعتش , معرفتش محفظينك الميم نتيا لا النون ."	"ما تشوفش نتا بعينيك لا ماشفتاهش . توجوغ مشفتش , ما سمعتش , معرفتش محفظينك الميم نتيا لا النون ."	"ma tchwfch nta b3ynyk la machftahch . twjwgh mchftch , ma sm3tch , m3rftch m7fzynk almym ntya la alnwn ."	"눈으로 볼 수 없다고? 아니, 나는 보지 못했고 듣지도 못했고 알지도 못했어. 그들은 너에게 n이 아니라 m을 가르쳤어."	"You cannot see with your eyes? No, I did not see it; I did not hear it; I did not know. They taught you the letter m, not n."	"OD-0130|OD-0131|OD-0150|OD-0167|OD-0306|OD-0312|OD-0376|OD-0404"	"S6"	"MADOran_Sentences.tsv:Sentno=1072"	"MADORAN_DIRECT"	"source_direct"	"CC-BY-NC-3.0-MADORAN"	"batch02-body_health"	"MADOran-S6-1072"	"source_verified"	"false"	"Raw MADOran sentence retained exactly; Batch02 source_direct row pending GPT and native review."
"ODC-000170"	"ar"	"ar-DZ-oran"	"A2"	"body_health"	"body and health"	"utterance"	"شتي كيراها تهدر معايا ما نتي حالتلها عينين خاطرش ."	"شتي كيراها تهدر معايا ما نتي حالتلها عينين خاطرش ."	"chty kyraha thdr m3aya ma nty 7altlha 3ynyn khatrch ."	"그녀가 나에게 말하는 걸 봤지? 네가 그녀를 위해 눈을 뜨고 있었기 때문이야."	"See how she talks to me? You kept your eyes open for her, that is why."	"OD-0037|OD-0131|OD-0150|OD-0306|OD-0309|OD-0312|OD-0421|OD-0436"	"S6"	"MADOran_Sentences.tsv:Sentno=1277"	"MADORAN_DIRECT"	"source_direct"	"CC-BY-NC-3.0-MADORAN"	"batch02-body_health"	"MADOran-S6-1277"	"source_verified"	"false"	"Raw MADOran sentence retained exactly; Batch02 source_direct row pending GPT and native review."
"ODC-000171"	"ar"	"ar-DZ-oran"	"A2"	"body_health"	"body and health"	"utterance"	"ألو كابيني ميديكال تع راجلي . تع دكتور قندسي . باغي نحجي نفوت ختي دكتور قندسي راه هنا . لا ما راهش هنا ليوم غدوة ادا بغيتي علاه وين راه ?"	"ألو كابيني ميديكال تع راجلي . تع دكتور قندسي . باغي نحجي نفوت ختي دكتور قندسي راه هنا . لا ما راهش هنا ليوم غدوة ادا بغيتي علاه وين راه ?"	"alw kabyny mydykal t3 rajly . t3 dktwr 9ndsy . baghy n7jy nfwt khty dktwr 9ndsy rah hna . la ma rahch hna lywm ghdwa ada bghyty 3lah wyn rah ?"	"여보세요, 남편의 병원인 칸두시 의사 진료실인가요? 들어가고 싶어요. 칸두시 의사 선생님이 여기 있나요? 아니요, 오늘은 안 계세요. 원하면 내일 오세요. 왜요, 선생님은 어디 계세요?"	"Hello, my husband's medical clinic, Dr Qandoussi's. I want to come in, sister; Dr Qandoussi is here. No, he is not here today; tomorrow if you want. Why, where is he?"	"OD-0142|OD-0148|OD-0149|OD-0156|OD-0157|OD-0306|OD-0310|OD-0390"	"S6"	"MADOran_Sentences.tsv:Sentno=1348"	"MADORAN_DIRECT"	"source_direct"	"CC-BY-NC-3.0-MADORAN"	"batch02-body_health"	"MADOran-S6-1348"	"source_verified"	"false"	"Raw MADOran sentence retained exactly; Batch02 source_direct row pending GPT and native review."
"ODC-000172"	"ar"	"ar-DZ-oran"	"A2"	"body_health"	"body and health"	"utterance"	"سلام عليكم و عليكم السلام دكتور . موالف وين ما تدخل تغمزلي ما راكش تبغيني صايي علاه مرديتليش غمزة راك تناقرفيا ."	"سلام عليكم و عليكم السلام دكتور . موالف وين ما تدخل تغمزلي ما راكش تبغيني صايي علاه مرديتليش غمزة راك تناقرفيا ."	"slam 3lykm w 3lykm alslam dktwr . mwalf wyn ma tdkhl tghmzly ma rakch tbghyny sayy 3lah mrdytlych ghmza rak tna9rfya ."	"안녕하세요, 의사 선생님. 선생님은 들어올 때마다 나에게 윙크하니 나를 좋아하지 않는 것 같아요. 왜 오늘은 윙크하지 않았어요? 정말 신경 쓰이게 하네요."	"Hello, doctor. Every time you enter you wink at me, so you do not like me. Why did you not wink at me? You are annoying me."	"OD-0142|OD-0175|OD-0305|OD-0306|OD-0310|OD-0381|OD-0397|OD-0408"	"S6"	"MADOran_Sentences.tsv:Sentno=1350"	"MADORAN_DIRECT"	"source_direct"	"CC-BY-NC-3.0-MADORAN"	"batch02-body_health"	"MADOran-S6-1350"	"source_verified"	"false"	"Raw MADOran sentence retained exactly; Batch02 source_direct row pending GPT and native review."
"ODC-000173"	"ar"	"ar-DZ-oran"	"A2"	"body_health"	"body and health"	"utterance"	"عيطي له يجي يشوفنا و لا راه حشمان . سلام عليكم , كيراك ولدي ? أني غاية خالتي يسلمك . يا عمري ما زينه ! تعرفي تخيري جنية ."	"عيطي له يجي يشوفنا و لا راه حشمان . سلام عليكم , كيراك ولدي ? أني غاية خالتي يسلمك . يا عمري ما زينه ! تعرفي تخيري جنية ."	"3yty lh yjy ychwfna w la rah 7chman . slam 3lykm , kyrak wldy ? any ghaya khalty yslmk . ya 3mry ma zynh ! t3rfy tkhyry jnya ."	"그에게 우리를 보러 오라고 해. 아니면 부끄러워하는 거야? 안녕, 얘야. 잘 지내? 나는 잘 지내, 이모. 세상에, 정말 예쁘다! 선택을 잘하네, 천재야."	"Call him to come see us, or is he shy? Hello, how are you, my son? I am fine, aunt. Oh, my dear, how pretty! You know how to choose, genius."	"OD-0086|OD-0145|OD-0167|OD-0171|OD-0305|OD-0306|OD-0309|OD-0382"	"S6"	"MADOran_Sentences.tsv:Sentno=1254"	"MADORAN_DIRECT"	"source_direct"	"CC-BY-NC-3.0-MADORAN"	"batch02-body_health"	"MADOran-S6-1254"	"source_verified"	"false"	"Raw MADOran sentence retained exactly; Batch02 source_direct row pending GPT and native review."
"ODC-000174"	"ar"	"ar-DZ-oran"	"A2"	"body_health"	"body and health"	"utterance"	"و نتي شا نطقك ? لا أرواحوا تحاموا فيا أيا ختي اللي ما عجبهاش الحال تروح دوش في دارها ."	"و نتي شا نطقك ? لا أرواحوا تحاموا فيا أيا ختي اللي ما عجبهاش الحال تروح دوش في دارها ."	"w nty cha nt9k ? la arwa7wa t7amwa fya aya khty ally ma 3jbhach al7al trw7 dwch fy darha ."	"너는 뭐가 문제야? 마음에 안 들면 집에 가서 샤워해."	"And you, what is wrong with you? Come on, take a shower at home if you do not like it."	"OD-0131|OD-0153|OD-0166|OD-0305|OD-0306|OD-0315|OD-0390|OD-0433"	"S6"	"MADOran_Sentences.tsv:Sentno=1319"	"MADORAN_DIRECT"	"source_direct"	"CC-BY-NC-3.0-MADORAN"	"batch02-body_health"	"MADOran-S6-1319"	"source_verified"	"false"	"Raw MADOran sentence retained exactly; Batch02 source_direct row pending GPT and native review."
"ODC-000175"	"ar"	"ar-DZ-oran"	"A1"	"food_shopping"	"food and shopping"	"utterance"	"انا هكا ندير و نزيد شوية حشيش تع كرافس الي درناه خطرة لولا"	"انا هكا ندير و نزيد شوية حشيش تع كرافس الي درناه خطرة لولا"	"ana hka ndyr w nzyd chwya 7chych t3 krafs aly drnah khtra lwla"	"나는 이렇게 하고, 전에 썼던 셀러리를 조금 더 넣어."	"That is how I do it, and I add a little celery that we used earlier."	"OD-0129|OD-0149|OD-0189|OD-0263|OD-0323|OD-0374|OD-0388|OD-0391"	"S6"	"MADOran_Sentences.tsv:Sentno=375"	"MADORAN_DIRECT"	"source_direct"	"CC-BY-NC-3.0-MADORAN"	"batch02-food_shopping"	"MADOran-S6-375"	"source_verified"	"false"	"Raw MADOran sentence retained exactly; Batch02 source_direct row pending GPT and native review."
"ODC-000176"	"ar"	"ar-DZ-oran"	"A1"	"food_shopping"	"food and shopping"	"utterance"	"كي تطحنيها ادا خرجت تقيلة تزيدلها غير شوية ما حامي بزاف غير ادا شفتيها تقيلة"	"كي تطحنيها ادا خرجت تقيلة تزيدلها غير شوية ما حامي بزاف غير ادا شفتيها تقيلة"	"ky tt7nyha ada khrjt t9yla tzydlha ghyr chwya ma 7amy bzaf ghyr ada chftyha t9yla"	"갈고 나서 너무 걸쭉하면, 걸쭉해 보일 때 뜨거운 물을 조금만 더 넣어."	"If it comes out thick after blending, add only a little hot water if you see that it is thick."	"OD-0149|OD-0174|OD-0188|OD-0189|OD-0242|OD-0306|OD-0309|OD-0310"	"S6"	"MADOran_Sentences.tsv:Sentno=379"	"MADORAN_DIRECT"	"source_direct"	"CC-BY-NC-3.0-MADORAN"	"batch02-food_shopping"	"MADOran-S6-379"	"source_verified"	"false"	"Raw MADOran sentence retained exactly; Batch02 source_direct row pending GPT and native review."
"ODC-000177"	"ar"	"ar-DZ-oran"	"A1"	"food_shopping"	"food and shopping"	"utterance"	"تاع قهوة على حساب كونتيتي تع حريرة تاعك تبغيها تقيلة تكتري تبغيها خفيفة ديري غير شوية"	"تاع قهوة على حساب كونتيتي تع حريرة تاعك تبغيها تقيلة تكتري تبغيها خفيفة ديري غير شوية"	"ta3 9hwa 3la 7sab kwntyty t3 7ryra ta3k tbghyha t9yla tktry tbghyha khfyfa dyry ghyr chwya"	"커피의 양은 하리라의 양에 따라 달라. 걸쭉하게 하려면 더 넣고, 묽게 하려면 조금만 넣어."	"The amount of coffee depends on the quantity of your harira. If you want it thick, add more; if you want it light, add only a little."	"OD-0131|OD-0132|OD-0189|OD-0305|OD-0310|OD-0311|OD-0313|OD-0374"	"S6"	"MADOran_Sentences.tsv:Sentno=381"	"MADORAN_DIRECT"	"source_direct"	"CC-BY-NC-3.0-MADORAN"	"batch02-food_shopping"	"MADOran-S6-381"	"source_verified"	"false"	"Raw MADOran sentence retained exactly; Batch02 source_direct row pending GPT and native review."
"ODC-000178"	"ar"	"ar-DZ-oran"	"A1"	"food_shopping"	"food and shopping"	"utterance"	"قدبي قدرة و ديري فيها ماء و فرغي ديك كروطة بيها بصوالحها فكسكاس وخليها تفور"	"قدبي قدرة و ديري فيها ماء و فرغي ديك كروطة بيها بصوالحها فكسكاس وخليها تفور"	"9dby 9dra w dyry fyha ma2 w frghy dyk krwta byha bswal7ha fkskas wkhlyha tfwr"	"냄비를 가져와 물을 넣고, 당근과 재료를 쿠스쿠스 찜기에 부은 다음 쪄."	"Take a pot, put water in it, empty the carrot and its ingredients into a couscous steamer, and let it steam."	"OD-0205|OD-0305|OD-0306|OD-0310|OD-0359|OD-0374|OD-0407|OD-0432"	"S6"	"MADOran_Sentences.tsv:Sentno=389"	"MADORAN_DIRECT"	"source_direct"	"CC-BY-NC-3.0-MADORAN"	"batch02-food_shopping"	"MADOran-S6-389"	"source_verified"	"false"	"Raw MADOran sentence retained exactly; Batch02 source_direct row pending GPT and native review."
"ODC-000179"	"ar"	"ar-DZ-oran"	"A1"	"food_shopping"	"food and shopping"	"utterance"	"واه شوفي توجدي كيلو تع كلمار تنقيه قاع من داخل و من برا و وخريه على جهة"	"واه شوفي توجدي كيلو تع كلمار تنقيه قاع من داخل و من برا و وخريه على جهة"	"wah chwfy twjdy kylw t3 klmar tn9yh 9a3 mn dakhl w mn bra w wkhryh 3la jha"	"오징어 1킬로를 준비해서 안팎을 깨끗이 손질한 뒤 한쪽에 두어."	"Prepare one kilo of squid, clean it completely inside and out, and set it aside."	"OD-0006|OD-0167|OD-0246|OD-0247|OD-0305|OD-0306|OD-0308|OD-0309"	"S6"	"MADOran_Sentences.tsv:Sentno=392"	"MADORAN_DIRECT"	"source_direct"	"CC-BY-NC-3.0-MADORAN"	"batch02-food_shopping"	"MADOran-S6-392"	"source_verified"	"false"	"Raw MADOran sentence retained exactly; Batch02 source_direct row pending GPT and native review."
"ODC-000180"	"ar"	"ar-DZ-oran"	"A1"	"food_shopping"	"food and shopping"	"utterance"	"و تقضبي كل كلمار تعمرها بلفاخص تع روز و تبلعيها بكيردون ."	"و تقضبي كل كلمار تعمرها بلفاخص تع روز و تبلعيها بكيردون ."	"w t9dby kl klmar t3mrha blfakhs t3 rwz w tbl3yha bkyrdwn ."	"오징어 하나하나에 쌀소를 채우고 이쑤시개로 닫아."	"Take each squid, fill it with rice stuffing, and close it with a toothpick."	"OD-0306|OD-0309|OD-0354|OD-0385|OD-0434|OD-0451|OD-0741|OD-0840"	"S6"	"MADOran_Sentences.tsv:Sentno=394"	"MADORAN_DIRECT"	"source_direct"	"CC-BY-NC-3.0-MADORAN"	"batch02-food_shopping"	"MADOran-S6-394"	"source_verified"	"false"	"Raw MADOran sentence retained exactly; Batch02 source_direct row pending GPT and native review."
"ODC-000181"	"ar"	"ar-DZ-oran"	"A1"	"food_shopping"	"food and shopping"	"utterance"	"و منبعد يقسمو علينا قاطو منوع و قهوة و لاتاي و تكمل سهرة و ناس تشور ."	"و منبعد يقسمو علينا قاطو منوع و قهوة و لاتاي و تكمل سهرة و ناس تشور ."	"w mnb3d y9smw 3lyna 9atw mnw3 w 9hwa w latay w tkml shra w nas tchwr ."	"그다음 여러 가지 과자와 커피, 차를 나누고 저녁은 사람들이 이야기를 나누며 끝나."	"Then they distribute assorted cake, coffee, and tea, and the evening ends with people chatting."	"OD-0132|OD-0163|OD-0178|OD-0209|OD-0308|OD-0384|OD-0423|OD-0433"	"S6"	"MADOran_Sentences.tsv:Sentno=419"	"MADORAN_DIRECT"	"source_direct"	"CC-BY-NC-3.0-MADORAN"	"batch02-food_shopping"	"MADOran-S6-419"	"source_verified"	"false"	"Raw MADOran sentence retained exactly; Batch02 source_direct row pending GPT and native review."
"ODC-000182"	"ar"	"ar-DZ-oran"	"A1"	"food_shopping"	"food and shopping"	"utterance"	"شا باغية طيبي ? حريرة . حريرة كل يوم حريرة ."	"شا باغية طيبي ? حريرة . حريرة كل يوم حريرة ."	"cha baghya tyby ? 7ryra . 7ryra kl ywm 7ryra ."	"무엇을 요리하고 싶어? 하리라. 매일 하리라, 하리라."	"What do you want to cook? Harira. Harira every day, harira."	"OD-0310|OD-0385|OD-0405|OD-0437|OD-0439|OD-0503|OD-0517|OD-0839"	"S6"	"MADOran_Sentences.tsv:Sentno=849"	"MADORAN_DIRECT"	"source_direct"	"CC-BY-NC-3.0-MADORAN"	"batch02-food_shopping"	"MADOran-S6-849"	"source_verified"	"false"	"Raw MADOran sentence retained exactly; Batch02 source_direct row pending GPT and native review."
"ODC-000183"	"ar"	"ar-DZ-oran"	"A1"	"food_shopping"	"food and shopping"	"utterance"	"شا هي ما راني نخبز . خلي أنا نكمله غير نوضي هداك مطلوع أنا نكمله ."	"شا هي ما راني نخبز . خلي أنا نكمله غير نوضي هداك مطلوع أنا نكمله ."	"cha hy ma rany nkhbz . khly ana nkmlh ghyr nwdy hdak mtlw3 ana nkmlh ."	"뭐야? 나 지금 빵을 굽고 있어. 놔둬, 내가 끝낼게. 그 마틀루 빵만 들어 줘. 내가 마무리할게."	"What is it? I am baking. Leave it; I will finish it. Just lift that matlou bread; I will finish it."	"OD-0133|OD-0140|OD-0178|OD-0212|OD-0306|OD-0310|OD-0407|OD-0435"	"S6"	"MADOran_Sentences.tsv:Sentno=1042"	"MADORAN_DIRECT"	"source_direct"	"CC-BY-NC-3.0-MADORAN"	"batch02-food_shopping"	"MADOran-S6-1042"	"source_verified"	"false"	"Raw MADOran sentence retained exactly; Batch02 source_direct row pending GPT and native review."
"ODC-000184"	"ar"	"ar-DZ-oran"	"A1"	"food_shopping"	"food and shopping"	"utterance"	"سؤال زاوج هو يكون شا هي احسن ماكلة جزايرية تعجبك ?"	"سؤال زاوج هو يكون شا هي احسن ماكلة جزايرية تعجبك ?"	"swal zawj hw ykwn cha hy a7sn makla jzayrya t3jbk ?"	"두 번째 질문이야. 어떤 알제리 음식이 가장 좋아?"	"Question two: which Algerian food do you like best?"	"OD-0132|OD-0133|OD-0208|OD-0264|OD-0282|OD-0306|OD-0385|OD-0434"	"S6"	"MADOran_Sentences.tsv:Sentno=563"	"MADORAN_DIRECT"	"source_direct"	"CC-BY-NC-3.0-MADORAN"	"batch02-food_shopping"	"MADOran-S6-563"	"source_verified"	"false"	"Raw MADOran sentence retained exactly; Batch02 source_direct row pending GPT and native review."
"ODC-000185"	"ar"	"ar-DZ-oran"	"A1"	"food_shopping"	"food and shopping"	"utterance"	"سؤال رابع احسن حلو جزايري يعجبك ?"	"سؤال رابع احسن حلو جزايري يعجبك ?"	"swal rab3 a7sn 7lw jzayry y3jbk ?"	"네 번째 질문이야. 어떤 알제리 디저트가 가장 좋아?"	"Question four: which Algerian dessert do you like best?"	"OD-0282|OD-0618"	"S6"	"MADOran_Sentences.tsv:Sentno=567"	"MADORAN_DIRECT"	"source_direct"	"CC-BY-NC-3.0-MADORAN"	"batch02-food_shopping"	"MADOran-S6-567"	"source_verified"	"false"	"Raw MADOran sentence retained exactly; Batch02 source_direct row pending GPT and native review."
"ODC-000186"	"ar"	"ar-DZ-oran"	"A1"	"food_shopping"	"food and shopping"	"utterance"	"المكراشة : شا بغيت نقولك نروحوا عشية عند مصطفى نفطروا , بصح راها عاد 8 ."	"المكراشة : شا بغيت نقولك نروحوا عشية عند مصطفى نفطروا , بصح راها عاد 8 ."	"almkracha : cha bghyt n9wlk nrw7wa 3chya 3nd mstfa nftrwa , bs7 raha 3ad 8 ."	"무슨 말을 하려던 거야? 오늘 저녁에 무스타파네에 가서 먹자. 아직 8시밖에 안 됐어."	"What did you want to tell me? Let's go eat at Mustafa's this evening, but it is only eight."	"OD-0166|OD-0310|OD-0322|OD-0369|OD-0406|OD-0410|OD-0437|OD-0440"	"S6"	"MADOran_Sentences.tsv:Sentno=1306"	"MADORAN_DIRECT"	"source_direct"	"CC-BY-NC-3.0-MADORAN"	"batch02-food_shopping"	"MADOran-S6-1306"	"source_verified"	"false"	"Raw MADOran sentence retained exactly; Batch02 source_direct row pending GPT and native review."
"ODC-000187"	"ar"	"ar-DZ-oran"	"A1"	"food_shopping"	"food and shopping"	"utterance"	"لا بنتي حمد لله شبعنا . جيبوا ناكلهم وحدي نتوما ماشي وجه مملحات . هودي تحت بيعيهم ."	"لا بنتي حمد لله شبعنا . جيبوا ناكلهم وحدي نتوما ماشي وجه مملحات . هودي تحت بيعيهم ."	"la bnty 7md llh chb3na . jybwa naklhm w7dy ntwma machy wjh mml7at . hwdy t7t by3yhm ."	"아니, 얘야. 하느님께 감사하게 우리는 배불러. 그것들을 가져와. 내가 혼자 먹을게. 너희는 과자를 좋아하지 않으니 아래로 가져가서 팔아."	"No, my daughter, thank God we are full. Bring them; I will eat them alone. You are not fans of pastries, so take them downstairs and sell them."	"OD-0131|OD-0132|OD-0135|OD-0146|OD-0152|OD-0181|OD-0211|OD-0245"	"S6"	"MADOran_Sentences.tsv:Sentno=1246"	"MADORAN_DIRECT"	"source_direct"	"CC-BY-NC-3.0-MADORAN"	"batch02-food_shopping"	"MADOran-S6-1246"	"source_verified"	"false"	"Raw MADOran sentence retained exactly; Batch02 source_direct row pending GPT and native review."
"ODC-000188"	"ar"	"ar-DZ-oran"	"A2"	"food_shopping"	"food and shopping"	"utterance"	"نحطو زوج حبات بصل متوسطين و لا حبة كبيرة . قطعتها غي هاك طراف طراف باسكو ابري غادي تنطحن و حطيت تاني معها ثوم ."	"نحطو زوج حبات بصل متوسطين و لا حبة كبيرة . قطعتها غي هاك طراف طراف باسكو ابري غادي تنطحن و حطيت تاني معها ثوم ."	"n7tw zwj 7bat bsl mtwstyn w la 7ba kbyra . 9t3tha ghy hak traf traf baskw abry ghady tnt7n w 7tyt tany m3ha thwm ."	"중간 크기 양파 두 개나 큰 양파 한 개를 넣어. 나중에 갈 거라서 대충 썰고, 마늘도 함께 넣어."	"We put in two medium onions or one large one. I cut it roughly because it will be blended later, and I also put garlic with it."	"OD-0036|OD-0063|OD-0184|OD-0258|OD-0310|OD-0312|OD-0320|OD-0350"	"S6"	"MADOran_Sentences.tsv:Sentno=366"	"MADORAN_DIRECT"	"source_direct"	"CC-BY-NC-3.0-MADORAN"	"batch02-food_shopping"	"MADOran-S6-366"	"source_verified"	"false"	"Raw MADOran sentence retained exactly; Batch02 source_direct row pending GPT and native review."
"ODC-000189"	"ar"	"ar-DZ-oran"	"A2"	"food_shopping"	"food and shopping"	"utterance"	"دروك حريرة تاعي راهي تتقلى هنا لولا نعطروها نديرولها حرور نص مغرف , بابريكا تاني نص مغرف مغرف تع قهوة سكنجبير نص مغرف كركم"	"دروك حريرة تاعي راهي تتقلى هنا لولا نعطروها نديرولها حرور نص مغرف , بابريكا تاني نص مغرف مغرف تع قهوة سكنجبير نص مغرف كركم"	"drwk 7ryra ta3y rahy tt9la hna lwla n3trwha ndyrwlha 7rwr ns mghrf , babryka tany ns mghrf mghrf t3 9hwa sknjbyr ns mghrf krkm"	"지금 내 하리라를 볶고 있어. 먼저 매운 고추, 파프리카 반 숟가락, 커피 숟가락 하나의 생강, 강황 반 숟가락으로 맛을 내."	"My harira is frying now. First I flavor it with hot pepper, half a spoon of paprika, a coffee spoon of ginger, and half a spoon of turmeric."	"OD-0132|OD-0133|OD-0154|OD-0155|OD-0263|OD-0281|OD-0313|OD-0323"	"S6"	"MADOran_Sentences.tsv:Sentno=370"	"MADORAN_DIRECT"	"source_direct"	"CC-BY-NC-3.0-MADORAN"	"batch02-food_shopping"	"MADOran-S6-370"	"source_verified"	"false"	"Raw MADOran sentence retained exactly; Batch02 source_direct row pending GPT and native review."
"ODC-000190"	"ar"	"ar-DZ-oran"	"A2"	"food_shopping"	"food and shopping"	"utterance"	"هنا ليزبيس هوما صح تع حريرة متقلوليش راكي تكتري و لا باسكو هادي هي حريرة تجي منكهة و متبلة بهم"	"هنا ليزبيس هوما صح تع حريرة متقلوليش راكي تكتري و لا باسكو هادي هي حريرة تجي منكهة و متبلة بهم"	"hna lyzbys hwma s7 t3 7ryra mt9lwlych raky tktry w la baskw hady hy 7ryra tjy mnkha w mtbla bhm"	"이것들이 하리라에 맞는 향신료야. 너무 많이 넣는다고 하지 마. 이 향신료가 하리라에 풍미와 양념 맛을 내."	"These are the proper spices for harira. Do not tell me that I am adding too much, because they make the harira flavorful and seasoned."	"OD-0132|OD-0133|OD-0136|OD-0137|OD-0138|OD-0219|OD-0306|OD-0308"	"S6"	"MADOran_Sentences.tsv:Sentno=371"	"MADORAN_DIRECT"	"source_direct"	"CC-BY-NC-3.0-MADORAN"	"batch02-food_shopping"	"MADOran-S6-371"	"source_verified"	"false"	"Raw MADOran sentence retained exactly; Batch02 source_direct row pending GPT and native review."
"ODC-000191"	"ar"	"ar-DZ-oran"	"A2"	"food_shopping"	"food and shopping"	"utterance"	"دروك نخلطو قاع ليزبيس خفيف باش متنحرقليش كيما راكم تشوفو بدات تغلي بادت تتلقلي داك ما مع خضرة و كلشي"	"دروك نخلطو قاع ليزبيس خفيف باش متنحرقليش كيما راكم تشوفو بدات تغلي بادت تتلقلي داك ما مع خضرة و كلشي"	"drwk nkhltw 9a3 lyzbys khfyf bach mtn7r9lych kyma rakm tchwfw bdat tghly badt ttl9ly dak ma m3 khdra w klchy"	"이제 향신료가 타지 않도록 가볍게 모두 섞어. 보다시피 채소와 재료가 든 국물이 끓기 시작했어."	"Now we mix all the spices lightly so they do not burn. As you can see, the liquid with the vegetables and everything has started boiling."	"OD-0155|OD-0167|OD-0191|OD-0202|OD-0219|OD-0298|OD-0305|OD-0306"	"S6"	"MADOran_Sentences.tsv:Sentno=373"	"MADORAN_DIRECT"	"source_direct"	"CC-BY-NC-3.0-MADORAN"	"batch02-food_shopping"	"MADOran-S6-373"	"source_verified"	"false"	"Raw MADOran sentence retained exactly; Batch02 source_direct row pending GPT and native review."
"ODC-000192"	"ar"	"ar-DZ-oran"	"A2"	"food_shopping"	"food and shopping"	"utterance"	"من بعد هادو نقلعوهم غي باش يتلقو بنة دروك بالما حامي نمرق حريرة تاعي متكتريش بزاف غي باش ليزبيس مينحرقوش و تكون مرقة نخلوها تغلي"	"من بعد هادو نقلعوهم غي باش يتلقو بنة دروك بالما حامي نمرق حريرة تاعي متكتريش بزاف غي باش ليزبيس مينحرقوش و تكون مرقة نخلوها تغلي"	"mn b3d hadw n9l3whm ghy bach ytl9w bna drwk balma 7amy nmr9 7ryra ta3y mtktrych bzaf ghy bach lyzbys myn7r9wch w tkwn mr9a nkhlwha tghly"	"맛을 내기 위해 이것들을 건져 낸 뒤 하리라에 뜨거운 물을 너무 많지 않게 넣어. 향신료가 타지 않고 국물이 되도록 끓여 둬."	"After removing these just for flavor, I add hot water to my harira, not too much, so the spices do not burn and it becomes broth. I let it boil."	"OD-0137|OD-0139|OD-0155|OD-0163|OD-0188|OD-0219|OD-0242|OD-0306"	"S6"	"MADOran_Sentences.tsv:Sentno=376"	"MADORAN_DIRECT"	"source_direct"	"CC-BY-NC-3.0-MADORAN"	"batch02-food_shopping"	"MADOran-S6-376"	"source_verified"	"false"	"Raw MADOran sentence retained exactly; Batch02 source_direct row pending GPT and native review."
"ODC-000193"	"ar"	"ar-DZ-oran"	"A2"	"food_shopping"	"food and shopping"	"utterance"	"باش ديري شرمولة تع كروطة نقي كروطة و قطعيها دوار دوار ملحيها رابي ثوم و قسبر و معدنوس في رحبا"	"باش ديري شرمولة تع كروطة نقي كروطة و قطعيها دوار دوار ملحيها رابي ثوم و قسبر و معدنوس في رحبا"	"bach dyry chrmwla t3 krwta n9y krwta w 9t3yha dwar dwar ml7yha raby thwm w 9sbr w m3dnws fy r7ba"	"당근 샤르물라를 만들려면 당근을 깨끗이 씻어 둥글게 썰어. 소금을 치고 절구에 마늘, 고수, 파슬리를 갈아."	"To make carrot charmoula, clean the carrots and cut them into rounds. Salt them, then grate garlic, coriander, and parsley in a mortar."	"OD-0036|OD-0211|OD-0305|OD-0312|OD-0314|OD-0350|OD-0359|OD-0374"	"S6"	"MADOran_Sentences.tsv:Sentno=388"	"MADORAN_DIRECT"	"source_direct"	"CC-BY-NC-3.0-MADORAN"	"batch02-food_shopping"	"MADOran-S6-388"	"source_verified"	"false"	"Raw MADOran sentence retained exactly; Batch02 source_direct row pending GPT and native review."
"ODC-000194"	"ar"	"ar-DZ-oran"	"A2"	"food_shopping"	"food and shopping"	"utterance"	"وفاء بغيت نسقسيك هديك كلمار بروز لي درتيها بغيت لاغوسات كي درتيلها غي بشوية باغية نديرها جات فخاطري ."	"وفاء بغيت نسقسيك هديك كلمار بروز لي درتيها بغيت لاغوسات كي درتيلها غي بشوية باغية نديرها جات فخاطري ."	"wfa2 bghyt ns9syk hdyk klmar brwz ly drtyha bghyt laghwsat ky drtylha ghy bchwya baghya ndyrha jat fkhatry ."	"와파, 네가 만든 쌀을 넣은 오징어에 대해 물어보고 싶어. 어떻게 만들었는지 알고 싶어. 조금만 넣었는데 나도 만들어 보고 싶어."	"Wafaa, I want to ask you about the squid with rice that you made. I want to know how you made it; you used only a little, and I feel like making it."	"OD-0045|OD-0189|OD-0306|OD-0309|OD-0310|OD-0314|OD-0335|OD-0354"	"S6"	"MADOran_Sentences.tsv:Sentno=391"	"MADORAN_DIRECT"	"source_direct"	"CC-BY-NC-3.0-MADORAN"	"batch02-food_shopping"	"MADOran-S6-391"	"source_verified"	"false"	"Raw MADOran sentence retained exactly; Batch02 source_direct row pending GPT and native review."
"ODC-000195"	"ar"	"ar-DZ-oran"	"A2"	"food_shopping"	"food and shopping"	"utterance"	"و فتيتة ملح متكتريش باسكو را نا ديجا دايريين فروز و فتيتة حرور فتيتة كركب و نص عود قرفة و ورقة تع رند"	"و فتيتة ملح متكتريش باسكو را نا ديجا دايريين فروز و فتيتة حرور فتيتة كركب و نص عود قرفة و ورقة تع رند"	"w ftyta ml7 mtktrych baskw ra na dyja dayryyn frwz w ftyta 7rwr ftyta krkb w ns 3wd 9rfa w wr9a t3 rnd"	"소금을 너무 많이 넣지 마. 이미 냉동 고추, 매운 고추, 강황, 계피 스틱 반 개와 월계수 잎이 들어가 있어."	"Do not add too much salt, because we already have frozen peppers, hot pepper, turmeric, half a cinnamon stick, and a bay leaf."	"OD-0045|OD-0211|OD-0352|OD-0354|OD-0434|OD-0460|OD-0513|OD-0520"	"S6"	"MADOran_Sentences.tsv:Sentno=396"	"MADORAN_DIRECT"	"source_direct"	"CC-BY-NC-3.0-MADORAN"	"batch02-food_shopping"	"MADOran-S6-396"	"source_verified"	"false"	"Raw MADOran sentence retained exactly; Batch02 source_direct row pending GPT and native review."
"ODC-000196"	"ar"	"ar-DZ-oran"	"A2"	"food_shopping"	"food and shopping"	"utterance"	"وديري مغرف تع قهوة طماطيس كوسنتري و ديري زوج كيسان تع ما و خلي هاديك لاصوص طيب غايا ."	"وديري مغرف تع قهوة طماطيس كوسنتري و ديري زوج كيسان تع ما و خلي هاديك لاصوص طيب غايا ."	"wdyry mghrf t3 9hwa tmatys kwsntry w dyry zwj kysan t3 ma w khly hadyk lasws tyb ghaya ."	"토마토 페이스트 한 커피 숟가락과 물 두 컵을 넣고 소스가 잘 익게 둬."	"Add a coffee spoon of tomato concentrate and two glasses of water, and let the sauce cook well."	"OD-0132|OD-0137|OD-0138|OD-0215|OD-0258|OD-0278|OD-0281|OD-0306"	"S6"	"MADOran_Sentences.tsv:Sentno=397"	"MADORAN_DIRECT"	"source_direct"	"CC-BY-NC-3.0-MADORAN"	"batch02-food_shopping"	"MADOran-S6-397"	"source_verified"	"false"	"Raw MADOran sentence retained exactly; Batch02 source_direct row pending GPT and native review."
"ODC-000197"	"ar"	"ar-DZ-oran"	"A2"	"food_shopping"	"food and shopping"	"utterance"	"طعام غير دار هاك نشف روح عند مك جيبي لي روا قلها ديرلي شوية زبيب و هبرة لحم في طبسي ."	"طعام غير دار هاك نشف روح عند مك جيبي لي روا قلها ديرلي شوية زبيب و هبرة لحم في طبسي ."	"t3am ghyr dar hak nchf rw7 3nd mk jyby ly rwa 9lha dyrly chwya zbyb w hbra l7m fy tbsy ."	"그냥 집밥이야. 네 엄마에게 가서 내 쟁반에 건포도와 고기 한 조각을 조금 담아 달라고 해."	"It is just home food. Go to your mother and ask her to put some raisins and a slice of meat on a tray for me."	"OD-0153|OD-0161|OD-0166|OD-0181|OD-0189|OD-0207|OD-0279|OD-0305"	"S6"	"MADOran_Sentences.tsv:Sentno=1345"	"MADORAN_DIRECT"	"source_direct"	"CC-BY-NC-3.0-MADORAN"	"batch02-food_shopping"	"MADOran-S6-1345"	"source_verified"	"false"	"Raw MADOran sentence retained exactly; Batch02 source_direct row pending GPT and native review."
"ODC-000198"	"ar"	"ar-DZ-oran"	"A2"	"food_shopping"	"food and shopping"	"utterance"	"متخليهاش لاصوص تنشف بزاف تخسرلك واحد عشر دقايق هادا مكان و قضبي قاع كلمار و ستفيه فلكيكوطة مع ديك لاصوص و تبلعي عليه"	"متخليهاش لاصوص تنشف بزاف تخسرلك واحد عشر دقايق هادا مكان و قضبي قاع كلمار و ستفيه فلكيكوطة مع ديك لاصوص و تبلعي عليه"	"mtkhlyhach lasws tnchf bzaf tkhsrlk wa7d 3chr d9ay9 hada mkan w 9dby 9a3 klmar w stfyh flkykwta m3 dyk lasws w tbl3y 3lyh"	"소스가 너무 마르지 않게 해. 10분 정도 걸리면 오징어를 모두 소스와 함께 압력솥에 가지런히 넣고 덮어."	"Do not let the sauce dry too much; it will take about ten minutes. Then take all the squid and arrange it in the pressure cooker with the sauce, and cover it."	"OD-0075|OD-0137|OD-0188|OD-0260|OD-0305|OD-0306|OD-0309|OD-0312"	"S6"	"MADOran_Sentences.tsv:Sentno=398"	"MADORAN_DIRECT"	"source_direct"	"CC-BY-NC-3.0-MADORAN"	"batch02-food_shopping"	"MADOran-S6-398"	"source_verified"	"false"	"Raw MADOran sentence retained exactly; Batch02 source_direct row pending GPT and native review."
"ODC-000199"	"ar"	"ar-DZ-oran"	"A2"	"food_shopping"	"food and shopping"	"utterance"	"خليه وحد 10 دقابق حتى ربع ساعة و طفي و بصحتك بنينة بزاف فدار كي سييته مشبعوش منها و سييها و ردلي خبر صحيتي لا بلا جميل ."	"خليه وحد 10 دقابق حتى ربع ساعة و طفي و بصحتك بنينة بزاف فدار كي سييته مشبعوش منها و سييها و ردلي خبر صحيتي لا بلا جميل ."	"khlyh w7d 10 d9ab9 7ta rb3 sa3a w tfy w bs7tk bnyna bzaf fdar ky syyth mchb3wch mnha w syyha w rdly khbr s7yty la bla jmyl ."	"10분에서 15분 정도 두었다가 불을 꺼. 맛있게 먹어. 아주 맛있으니 먹어 보고 알려 줘. 고마워."	"Leave it for ten minutes to a quarter of an hour, then turn it off. Enjoy; it is very tasty. Try it and let me know. Thank you."	"OD-0004|OD-0005|OD-0153|OD-0188|OD-0241|OD-0259|OD-0305|OD-0308"	"S6"	"MADOran_Sentences.tsv:Sentno=399"	"MADORAN_DIRECT"	"source_direct"	"CC-BY-NC-3.0-MADORAN"	"batch02-food_shopping"	"MADOran-S6-399"	"source_verified"	"false"	"Raw MADOran sentence retained exactly; Batch02 source_direct row pending GPT and native review."
"ODC-000200"	"ar"	"ar-DZ-oran"	"A2"	"food_shopping"	"food and shopping"	"utterance"	"كاين وصيت دليلة تجيبلنا دي سوندويش . قاع دراهم لي عندنا و مازلنا ناكلو لي سوندويتش تع دليلة و دراهم علاه منخزنوهمش هنا ?"	"كاين وصيت دليلة تجيبلنا دي سوندويش . قاع دراهم لي عندنا و مازلنا ناكلو لي سوندويتش تع دليلة و دراهم علاه منخزنوهمش هنا ?"	"kayn wsyt dlyla tjyblna dy swndwych . 9a3 drahm ly 3ndna w mazlna naklw ly swndwytch t3 dlyla w drahm 3lah mnkhznwhmch hna ?"	"달릴라에게 샌드위치를 가져와 달라고 했어. 우리는 가진 돈을 다 썼는데도 계속 달릴라의 샌드위치를 먹고 있어. 돈을 여기 보관하면 어떨까?"	"Dalila was asked to bring us sandwiches. We have spent all our money, and we are still eating Dalila's sandwiches; why do we not store the money here?"	"OD-0158|OD-0181|OD-0306|OD-0308|OD-0319|OD-0369|OD-0385|OD-0386"	"S6"	"MADOran_Sentences.tsv:Sentno=925"	"MADORAN_DIRECT"	"source_direct"	"CC-BY-NC-3.0-MADORAN"	"batch02-food_shopping"	"MADOran-S6-925"	"source_verified"	"false"	"Raw MADOran sentence retained exactly; Batch02 source_direct row pending GPT and native review."
