sample_id	cefr	domain	topic	arabic	latin	ko	en	source_locator	reviewer_id	oran_native_confirmed	rating	suggested_arabic	comment	reviewed_at
ODC-000001	A1	school_work	school and work	سمحيلي ختي باغي نسقسيك هدي هي جامعة تع علوم و تكنولوجيا ايسطو واه هدي هي جامعة حاجة .	sm7yly khty baghy ns9syk hdy hy jam3a t3 3lwm w tknwlwjya aystw wah hdy hy jam3a 7aja .	미안해, 언니. 여기가 USTO 과학기술대학교인지 물어보고 싶어.	Sorry, sister, I want to ask you: is this the University of Science and Technology in USTO?	MADOran_Sentences.tsv:Sentno=151	ORAN_R2					
ODC-000002	A1	school_work	school and work	لا مفيها والو مكانش مشكل سقسيت جامعة هايلا جامعة	la mfyha walw mkanch mchkl s9syt jam3a hayla jam3a	아니, 괜찮아. 문제없어. 대학교에 대해 물어본 거야. 좋은 대학교야.	No, it is fine; there is no problem. I asked about the university; it is a good university.	MADOran_Sentences.tsv:Sentno=153	ORAN_R2					
ODC-000003	A1	school_work	school and work	علابلك من وين راني جاي .	3lablk mn wyn rany jay .	내가 어디에서 오는지 알아?	Do you know where I am coming from?	MADOran_Sentences.tsv:Sentno=157	ORAN_R2					
ODC-000004	A1	school_work	school and work	قيساش تخرجي هاد وقت اه	9ysach tkhrjy had w9t ah	언제 떠나?	When are you leaving?	MADOran_Sentences.tsv:Sentno=162	ORAN_R2					
ODC-000005	A1	school_work	school and work	خويا معندك ما تخدم أنا كنت نقرا و دروك راني رايحة لدار .	khwya m3ndk ma tkhdm ana knt n9ra w drwk rany ray7a ldar .	형, 일 없어? 나는 공부하고 있었고 이제 집에 가.	Brother, you do not have work? I was studying, and now I am going home.	MADOran_Sentences.tsv:Sentno=167	ORAN_R2					
ODC-000006	A1	school_work	school and work	انا تاني كنت نخدم و راني جاي عندك هنايا . علبالك باي اني قريب واحد شهر راني نجي هنا .	ana tany knt nkhdm w rany jay 3ndk hnaya . 3lbalk bay any 9ryb wa7d chhr rany njy hna .	나도 일하고 있었고 너에게 여기로 오고 있어. 거의 한 달째 여기 오고 있어.	I was working too, and I am coming here to you. I have been coming here for almost a month.	MADOran_Sentences.tsv:Sentno=168	ORAN_R2					
ODC-000007	A1	school_work	school and work	انا و الله لكنت متمني نقرى هنا . كون قريت هنا شا كنت تقارع .	ana w allh lknt mtmny n9ra hna . kwn 9ryt hna cha knt t9ar3 .	나는 정말 여기서 공부하고 싶었어. 네가 여기서 공부했다면 무엇을 골랐을까?	I really wished I had studied here. If you had studied here, what would you have chosen?	MADOran_Sentences.tsv:Sentno=172	ORAN_R2					
ODC-000008	A1	school_work	school and work	ها قراية قراية قراية نقابلو رزق و لا قراية . تقارعي ترولي ?	ha 9raya 9raya 9raya n9ablw rz9 w la 9raya . t9ar3y trwly ?	트롤리를 기다리고 있어?	Are you waiting for the trolley?	MADOran_Sentences.tsv:Sentno=173	ORAN_R2					
ODC-000009	A1	school_work	school and work	راني نقارع ترونسبور تع جامعة .	rany n9ar3 trwnsbwr t3 jam3a .	나는 대학 통학버스를 기다리고 있어.	I am waiting for the university transport.	MADOran_Sentences.tsv:Sentno=174	ORAN_R2					
ODC-000010	A1	school_work	school and work	لا معليش . وين تسكني ? تسكني هنا فوهران . راكي مهودة للافيل ? معندكش حبة علك ?	la m3lych . wyn tskny ? tskny hna fwhran . raky mhwda llafyl ? m3ndkch 7ba 3lk ?	괜찮아. 어디 살아? 여기 오랑에 살아? 시내로 내려가는 중이야? 껌 하나 있어?	No problem. Where do you live? Do you live here in Oran? Are you heading down to town? Do you have a piece of gum?	MADOran_Sentences.tsv:Sentno=180	ORAN_R2					
ODC-000011	A1	school_work	school and work	باغي غدوة نشاء اللع نعرضك فطور .	baghy ghdwa ncha2 all3 n3rdk ftwr .	내일 아침 식사에 너를 초대하고 싶어, 신의 뜻이라면.	I want to invite you for breakfast tomorrow, God willing.	MADOran_Sentences.tsv:Sentno=184	ORAN_R2					
ODC-000012	A1	school_work	school and work	انا حكاية قرايتي فاردن وحدها غادي نحكيلكم كي مدولي لابوغس للأردن .	ana 7kaya 9rayty fardn w7dha ghady n7kylkm ky mdwly labwghs llardn .	요르단에서 공부한 이야기는 따로 해 줄게. 그들이 나에게 요르단 장학금을 준 이야기도 해 줄게.	I’ll tell you separately about my studies in Jordan and how they gave me the scholarship to Jordan.	MADOran_Sentences.tsv:Sentno=214	ORAN_R2					
ODC-000013	A2	school_work	school and work	انا كنت كملت قرايتي و مسوتنيا و مكملا ماستير تاعي و كنت نخدم اسيستونس كوماخسيال فوحد سونتخ كوماغسيال	ana knt kmlt 9rayty w mswtnya w mkmla mastyr ta3y w knt nkhdm asystwns kwmakhsyal fw7d swntkh kwmaghsyal	나는 공부를 마치고 석사 학위도 끝냈으며 상업 센터에서 판매 보조원으로 일했어.	I had finished my studies, completed my master's degree, and worked as a sales assistant in a commercial center.	MADOran_Sentences.tsv:Sentno=215	ORAN_R2					
ODC-000014	A2	school_work	school and work	خدامة عادي من بعد خدمت في جمعية في بروجي و كنتانا انيماتريس مام ندير بيلو و نخدم كومينيكسيون في جمعية .	khdama 3ady mn b3d khdmt fy jm3ya fy brwjy w kntana anymatrys mam ndyr bylw w nkhdm kwmynyksywn fy jm3ya .	평범하게 일하다가 협회 프로젝트에서 진행자로 일하고 소통 업무도 맡았어.	I worked normally, then I worked in an association project as an organizer and handled communication.	MADOran_Sentences.tsv:Sentno=216	ORAN_R2					
ODC-000015	A2	school_work	school and work	وحد خطرة نشوف في فيس بوك فقروب تع جامعة يحوسو عليا و يرسلولي فلي ميساج بلي جامعة راها تحوس عليك و لي يعرفها يقوللها تجي للجامعة ايرجون	w7d khtra nchwf fy fys bwk f9rwb t3 jam3a y7wsw 3lya w yrslwly fly mysaj bly jam3a raha t7ws 3lyk w ly y3rfha y9wllha tjy lljam3a ayrjwn	한번은 페이스북 대학교 그룹에서 나를 찾는다는 메시지를 받았고, 대학교가 나를 찾고 있다고 했어.	One time I saw on Facebook that a university group was looking for me and sent me a message saying the university wanted me.	MADOran_Sentences.tsv:Sentno=217	ORAN_R2					
ODC-000016	A2	school_work	school and work	ايا مديتهاش قاع حتى قالي شا راكي تقولي عندك بورس ليترونجي للاردن ايا طرت بفرحة و رايحة للجامعة نشوف باسكو مأمنتش حتى وصلت	aya mdythach 9a3 7ta 9aly cha raky t9wly 3ndk bwrs lytrwnjy llardn aya trt bfr7a w ray7a lljam3a nchwf baskw mamntch 7ta wslt	그들이 요르단 장학금을 받았다고 말할 때까지 믿지 않았어. 도착할 때까지 믿을 수 없어 기쁜 마음으로 대학교에 갔어.	I did not take it at all until they told me I had a scholarship to Jordan; I flew with joy to the university because I did not believe it until I arrived.	MADOran_Sentences.tsv:Sentno=219	ORAN_R2					
ODC-000017	A2	school_work	school and work	قالولي بلي كلاسيتي لولا ماجور دبرومو و راه عندك بورس بصحتك و عندك دوصي لايميه و دفعيه .	9alwly bly klasyty lwla majwr dbrwmw w rah 3ndk bwrs bs7tk w 3ndk dwsy laymyh w df3yh .	그들은 내가 반에서 1등이고 장학금이 있다고 했어. 작성해서 제출할 서류가 있었어.	They told me I was first in my class and had a scholarship; I had a file to complete and submit.	MADOran_Sentences.tsv:Sentno=220	ORAN_R2					
ODC-000018	A2	school_work	school and work	كي كنت في جامعة تع وهران قالولي بلي وصل هنا كيفاه مكانش قالولي حنا اصلن قلنا غي جامعة وهران لي مرسلوناش	ky knt fy jam3a t3 whran 9alwly bly wsl hna kyfah mkanch 9alwly 7na asln 9lna ghy jam3a whran ly mrslwnach	오랑대학교에 있을 때 결과가 여기 도착했다고 들었어. 우리는 오랑대학교가 우리를 보냈다고만 알고 있었어.	When I was at the University of Oran, they told me the result had arrived here; we had only said it was the University of Oran that sent us.	MADOran_Sentences.tsv:Sentno=223	ORAN_R2					
ODC-000019	A2	school_work	school and work	و نعيط للجامعة لعمادة و ترفد عليا فيس دوايان لي حطيت عندها دوسيي	w n3yt lljam3a l3mada w trfd 3lya fys dwayan ly 7tyt 3ndha dwsyy	대학교 행정실에 전화했더니 내 서류를 가지고 있던 여성이 전화를 받았어.	I called the university administration, and the woman who had my file answered me.	MADOran_Sentences.tsv:Sentno=224	ORAN_R2					
ODC-000020	A2	school_work	school and work	خدمنا بزاف و عيينا و في تورناج تاني عيينا و تعبنا رانا نصوروا فنهارو فليل حتى يوم كملنا حتى 7 تع صباح خدمنا قاع لانوي بلونش	khdmna bzaf w 3yyna w fy twrnaj tany 3yyna w t3bna rana nswrwa fnharw flyl 7ta ywm kmlna 7ta 7 t3 sba7 khdmna 9a3 lanwy blwnch	우리는 많이 일했고 촬영 중에 지쳤어. 밤낮으로 일해서 아침 7시에 끝냈어.	We worked a lot, got tired during filming, and worked day and night until we finished at seven in the morning.	MADOran_Sentences.tsv:Sentno=277	ORAN_R2					
ODC-000021	A2	school_work	school and work	انا غلطة لي درتها كون كي حطيته تمدلي غوسو اكيزي بلي دفعته و مسؤوليتها انا معرفتش	ana ghlta ly drtha kwn ky 7tyth tmdly ghwsw akyzy bly df3th w mswwlytha ana m3rftch	내가 실수는 서류를 제출했을 때 제출했다는 확인 영수증을 받아야 한다는 걸 몰랐던 거야.	The mistake I made was that, when I submitted it, I didn’t know I was supposed to get an acknowledgment receipt proving I had submitted it.	MADOran_Sentences.tsv:Sentno=235	ORAN_R2					
ODC-000022	A2	school_work	school and work	حنا مجاتش غير هكا مزية و لا 6 مو و حنا نخدموا قريب 16 ساعة فنهار سي با غيان في سيناريو	7na mjatch ghyr hka mzya w la 6 mw w 7na nkhdmwa 9ryb 16 sa3a fnhar sy ba ghyan fy synaryw	우리는 시나리오 작업을 하루에 거의 16시간씩 했어.	We worked almost sixteen hours a day on the screenplay.	MADOran_Sentences.tsv:Sentno=276	ORAN_R2					
ODC-000023	A2	school_work	school and work	دونك هاد مسلسل ولاد حلال مسلسل حمد لله تعبنا عليه بزاف صافي 6 موا رانا نخدموا فيه .	dwnk had mslsl wlad 7lal mslsl 7md llh t3bna 3lyh bzaf safy 6 mwa rana nkhdmwa fyh .	이 드라마는 힘든 일이었어. 우리는 6개월 동안 작업했어.	This series was hard work; we worked on it for six months.	MADOran_Sentences.tsv:Sentno=275	ORAN_R2					
ODC-000024	A2	school_work	school and work	كاين مخرج خدم مع ممثلين بزاف و يعطيه الصحة و كاين شركة انتاج امنت بمشروع دونك مشروع ناجح	kayn mkhrj khdm m3 mmthlyn bzaf w y3tyh als7a w kayn chrka antaj amnt bmchrw3 dwnk mchrw3 naj7	많은 배우와 함께 일한 감독이 있었고 제작사가 그 프로젝트를 믿어서 성공했어.	There is a director who worked with many actors, and a production company believed in the project, so it succeeded.	MADOran_Sentences.tsv:Sentno=287	ORAN_R2					
ODC-000025	A1	city_transport	city and transport	غادي دروك نحكيلك بغيت نبيع بولو قلت لنسيبي تروح معيا لسوق قالي واه نروح معاك لسوق .	ghady drwk n7kylk bghyt nby3 bwlw 9lt lnsyby trw7 m3ya lsw9 9aly wah nrw7 m3ak lsw9 .	나는 폴로를 팔고 싶다고 했고 처남에게 시장에 같이 가자고 했어. 그는 그러겠다고 했어.	I said I wanted to sell a Polo, and I told my brother-in-law to go with me to the market. He agreed.	MADOran_Sentences.tsv:Sentno=3	ORAN_R2					
ODC-000026	A1	city_transport	city and transport	صباح بكرنا روحنا انا و ياه في الطريق قولنا نتقهوا ايا قالي نتقهوا .	sba7 bkrna rw7na ana w yah fy altry9 9wlna nt9hwa aya 9aly nt9hwa .	우리는 아침 일찍 출발했어. 가는 길에 커피를 마시자고 했고 그는 동의했어.	We left early in the morning. On the way we said we would have coffee, and he agreed.	MADOran_Sentences.tsv:Sentno=4	ORAN_R2					
ODC-000027	A1	city_transport	city and transport	تقهوينا و ضربنا ميل فاي قهوة حليب و قضبنا الطريق .	t9hwyna w drbna myl fay 9hwa 7lyb w 9dbna altry9 .	우리는 카페에서 커피와 밀푀유를 먹고 길을 계속 갔어.	We had coffee and a mille-feuille pastry at a café, then continued on the road.	MADOran_Sentences.tsv:Sentno=5	ORAN_R2					
ODC-000028	A1	city_transport	city and transport	كي وصلنا لسوق خلصنا ترونتميل قاله بنعمي ترونتميل بزاف .	ky wslna lsw9 khlsna trwntmyl 9alh bn3my trwntmyl bzaf .	시장에 도착했을 때 3만을 냈고 그는 너무 많다고 했어.	When we reached the market, we paid thirty thousand; he said it was too much.	MADOran_Sentences.tsv:Sentno=6	ORAN_R2					
ODC-000029	A1	city_transport	city and transport	واه ايا ترونتميل خلصنا , دخلنا لسوق و قعدنا نقارعوا كان حال مازال مبانش .	wah aya trwntmyl khlsna , dkhlna lsw9 w 93dna n9ar3wa kan 7al mazal mbanch .	돈을 내고 시장에 들어가 앉아서 기다렸어. 아직 날이 밝지 않았어.	We paid, entered the market, and sat waiting; it was not daylight yet.	MADOran_Sentences.tsv:Sentno=7	ORAN_R2					
ODC-000030	A1	city_transport	city and transport	قالي أنا و الله خطرة تلاقيت بمرا مسكينة شبانية في طريق شفتني حبست رفدتها	9aly ana w allh khtra tla9yt bmra mskyna chbanya fy try9 chftny 7bst rfdtha	한번은 길에서 가엾은 노파를 만났어. 내가 멈추자 그녀를 태워 줬어.	One time I met a poor old woman on the road. When she saw me stop, I picked her up.	MADOran_Sentences.tsv:Sentno=10	ORAN_R2					
ODC-000031	A1	city_transport	city and transport	قالي غدوة روحت قضبت لوطو روحت عندها قلتلها ياضرا شا قلتي كون تجي عندي	9aly ghdwa rw7t 9dbt lwtw rw7t 3ndha 9ltlha yadra cha 9lty kwn tjy 3ndy	다음 날 차를 타고 그녀에게 가서 나에게 오라고 한 말이 무엇인지 물었어.	The next day I took the car to her and asked what she had said about coming to me.	MADOran_Sentences.tsv:Sentno=18	ORAN_R2					
ODC-000032	A1	city_transport	city and transport	قال لوحدين حمبوك وخروا وخروا هادا راه باع لوطو باغي يخرج .	9al lw7dyn 7mbwk wkhrwa wkhrwa hada rah ba3 lwtw baghy ykhrj .	그들은 두 사람에게 비키라고 했어. 이 남자는 차를 팔고 떠나려 했어.	They told two people to move away; this man had sold the car and wanted to leave.	MADOran_Sentences.tsv:Sentno=52	ORAN_R2					
ODC-000033	A1	city_transport	city and transport	مسكين الله يكثر خيره وخلي زوج لواطا دالي طريق	mskyn allh ykthr khyrh wkhly zwj lwata daly try9	하나님이 그에게 보답하시길. 그는 차 두 대를 비켜서 내 길을 열어 줬어.	May God reward him; he moved two cars aside and cleared the way for me.	MADOran_Sentences.tsv:Sentno=54	ORAN_R2					
ODC-000034	A1	city_transport	city and transport	قظبت طريق 11.30 جيت خارج من سوق تلاقيت بهادوك لي يبيعوا دلاع و بتيخ شريت حبة دلاع و جيت لحقت على 12.30 و لا صليت جمعة و رقدت غاية .	9zbt try9 11.30 jyt kharj mn sw9 tla9yt bhadwk ly yby3wa dla3 w btykh chryt 7ba dla3 w jyt l79t 3la 12.30 w la slyt jm3a w r9dt ghaya .	11시 30분에 길을 나서 시장에서 나와 수박을 샀고 12시 30분에 도착해 금요 예배를 드리고 푹 잤어.	I took the road at 11:30, left the market, bought a watermelon, arrived at 12:30, prayed Friday prayer, and slept well.	MADOran_Sentences.tsv:Sentno=55	ORAN_R2					
ODC-000035	A1	city_transport	city and transport	خويا نتا باغي تهدر مراكش باغي تسقسي . مشي تليفون راه يصوني لا ? لا خويا معنديش تليفون . انا قلت حس تع تليفون صحا باغي نسقسيك ما دايرين لكمش ترونسوبور هنا	khwya nta baghy thdr mrakch baghy ts9sy . mchy tlyfwn rah yswny la ? la khwya m3ndych tlyfwn . ana 9lt 7s t3 tlyfwn s7a baghy ns9syk ma dayryn lkmch trwnswbwr hna	오빠, 너는 말하고 싶어 하지만 물어볼 게 없네. 이건 전화가 아니지? 나는 전화가 없어. 여기서 교통편을 제공하는지 물어보려 했어.	Brother, you want to talk, but you are not asking anything. This is not a phone, is it? I do not have a phone. I wanted to ask whether they have transport here.	MADOran_Sentences.tsv:Sentno=155	ORAN_R2					
ODC-000036	A1	city_transport	city and transport	و نولي لوهران انا و بابا روحنلها للبيرو قلنلها وين راه دوصيي تقولنا معلبليش	w nwly lwhran ana w baba rw7nlha llbyrw 9lnlha wyn rah dwsyy t9wlna m3lblych	아버지와 나는 오랑으로 돌아가 사무실에 갔어. 서류가 어디 있는지 물었지만 그녀는 모른다고 했어.	My father and I went back to Oran and went to the office; we asked where the file was, and she said she did not know.	MADOran_Sentences.tsv:Sentno=227	ORAN_R2					
ODC-000037	A2	city_transport	city and transport	كي بان الحال جاو غاشي يساومو فلوطو شعال عطاوك ? شعال عطاوك ? مازال عطاوني 45 عطاوني 48 تلاقيت مع واحد قعدنا نحكوا هو ثاني قعد يبيع لوطو .	ky ban al7al jaw ghachy ysawmw flwtw ch3al 3tawk ? ch3al 3tawk ? mazal 3tawny 45 3tawny 48 tla9yt m3 wa7d 93dna n7kwa hw thany 93d yby3 lwtw .	차가 보이자 사람들이 흥정하러 왔어. 얼마를 제안했어? 나도 차를 팔고 있던 사람을 만났어.	When the car appeared, people came to bargain. How much did they offer you? I met another man who was also selling a car.	MADOran_Sentences.tsv:Sentno=8	ORAN_R2					
ODC-000038	A2	city_transport	city and transport	تعرفي شا ندير غادي انا نعيط لشوفور هو يرجه لوهران و نتي بقاي حتا لسمانة جاية داكور ? تزعقس عليا واقيلا .	t3rfy cha ndyr ghady ana n3yt lchwfwr hw yrjh lwhran w nty b9ay 7ta lsmana jaya dakwr ? tz39s 3lya wa9yla .	내가 어떻게 할지 알아? 운전기사에게 전화할게. 그는 오랑으로 돌아가고, 너는 다음 주까지 있어. 알겠지? 너 나한테 소리 지르는 것 같네.	You know what I’ll do? I’ll call the driver; he’ll go back to Oran, and you stay until next week, okay? Maybe you’re shouting at me.	MADOran_Sentences.tsv:Sentno=815	ORAN_R2					
ODC-000039	A2	city_transport	city and transport	قالي روحت عند هادك شاف تاعهم جريت شوي جريت شوي داروها على اسمي أيوا و عطاوها سكنة و روحنا سكنا و قعدنا أنا وياها .	9aly rw7t 3nd hadk chaf ta3hm jryt chwy jryt chwy darwha 3la asmy aywa w 3tawha skna w rw7na skna w 93dna ana wyaha .	나는 담당자에게 가서 조금 뛰어다녔고 집을 내 이름으로 등록해 주어서 우리는 함께 살았어.	I went to their official, ran a little, and they registered the home in my name; then we lived there together.	MADOran_Sentences.tsv:Sentno=36	ORAN_R2					
ODC-000040	A2	city_transport	city and transport	أيا عليها أنا بعت لوطو و قتله أيا تبقى على خير قالي مسكين بون قالي مين بعتها ارجى ارجى باش تخرج ارجى دوك نحلك طريق .	aya 3lyha ana b3t lwtw w 9tlh aya tb9a 3la khyr 9aly mskyn bwn 9aly myn b3tha arja arja bach tkhrj arja dwk n7lk try9 .	나는 차를 팔고 작별했어. 그는 길을 열 수 있게 기다리라고 했어.	I sold the car and said goodbye. He told me to wait so that he could open a route for me.	MADOran_Sentences.tsv:Sentno=51	ORAN_R2					
ODC-000041	A2	city_transport	city and transport	حنا غادي فليل نكونوا أنا و صحابي نكونو فوهران نكونو في بلسدارم بدات مور طراويح رانا نروحو نقصرو تما و قاع و اللي يبغي يجي يشوفنا مرحبا بيه	7na ghady flyl nkwnwa ana w s7aby nkwnw fwhran nkwnw fy blsdarm bdat mwr trawy7 rana nrw7w n9srw tma w 9a3 w ally ybghy yjy ychwfna mr7ba byh	밤에는 친구들과 오랑에 있을 거야. 같이 놀고 싶은 사람은 누구나 와도 돼.	At night we will be in Oran with our friends; we will go out and anyone who wants to join us is welcome.	MADOran_Sentences.tsv:Sentno=288	ORAN_R2					
ODC-000042	A2	city_transport	city and transport	يا مسكينة تروح أبيي على كرعيك أيا قالي هودت بلوطو رفدتها قالي دخلتني في وحد شجر هاكا فلخلا قالي عندها دار فلخلا . مسكينة دخل جبرها وحدها مسكينة عايشة وحدها تسكن وحدها	ya mskyna trw7 abyy 3la kr3yk aya 9aly hwdt blwtw rfdtha 9aly dkhltny fy w7d chjr haka flkhla 9aly 3ndha dar flkhla . mskyna dkhl jbrha w7dha mskyna 3aycha w7dha tskn w7dha	그 불쌍한 여자는 걸어갔어. 나는 차에 태웠지만 그녀는 시골의 나무 쪽으로 나를 이끌었고 혼자 살고 있었어.	The poor woman went on foot. I took her in the car, but she led me toward some trees in the countryside; she lived alone.	MADOran_Sentences.tsv:Sentno=13	ORAN_R2					
ODC-000043	A2	city_transport	city and transport	داها قالي ديتها داها داها كي وصل وحد فيلاج قالوله متسكنش هنا هاذي ليق تزيد بصح متتمشاش بلوطو	daha 9aly dytha daha daha ky wsl w7d fylaj 9alwlh mtsknch hna hadhy ly9 tzyd bs7 mttmchach blwtw	그는 그녀를 마을로 데려갔는데, 그곳 사람들은 그에게 머물지 말라고 했어. 차보다 걸어서 계속 가는 편이 낫다고 했어.	He took her to a village, where they told him not to stay; it was better to continue on foot rather than by car.	MADOran_Sentences.tsv:Sentno=12	ORAN_R2					
ODC-000044	A2	city_transport	city and transport	معليش مداري نقارع وحدي	m3lych mdary n9ar3 w7dy	괜찮아. 나 혼자 기다리고 있어.	It is okay; I am waiting by myself.	MADOran_Sentences.tsv:Sentno=177	ORAN_R2					
ODC-000045	A2	city_transport	city and transport	قالها وين تسكني قاتله ديني لدار و نقولك وين نسكن .	9alha wyn tskny 9atlh dyny ldar w n9wlk wyn nskn .	그가 그녀에게 어디 사는지 묻자, 그녀는 “나를 집에 데려다주면 내가 어디 사는지 말해 줄게”라고 했어.	He asked her where she lived, and she told him, “Take me home and I will tell you where I live.”	MADOran_Sentences.tsv:Sentno=11	ORAN_R2					
ODC-000046	A2	city_transport	city and transport	مقلقة ? نقارع معك .	m9l9a ? n9ar3 m3k .	속상해? 내가 너와 함께 기다릴게.	Are you upset? I will wait with you.	MADOran_Sentences.tsv:Sentno=176	ORAN_R2					
ODC-000047	A2	city_transport	city and transport	لا مكانش بروبلام نقارع وحدي .	la mkanch brwblam n9ar3 w7dy .	문제없어. 나 혼자 기다리고 있어.	No problem; I am waiting by myself.	MADOran_Sentences.tsv:Sentno=179	ORAN_R2					
ODC-000048	A2	city_transport	city and transport	كي سقسينا قالك كانو يجرو و كاميون باش يجبد دخل فلوطو تخابطو ايا جاو بومبيا رفدهوم مساكين و بعدو لوطو و كاميون باش يدوهم لافراي باش يحلو طريق و نفوتو .	ky s9syna 9alk kanw yjrw w kamywn bach yjbd dkhl flwtw tkhabtw aya jaw bwmbya rfdhwm msakyn w b3dw lwtw w kamywn bach ydwhm lafray bach y7lw try9 w nfwtw .	물어보니 자동차와 트럭이 충돌했대. 소방대원들이 사람들을 구조하고 차와 트럭을 치워 길을 열어 우리가 지나갈 수 있게 했어.	When we asked, they said a car and a truck had collided. The firefighters rescued them and moved the car and truck aside so the road could be cleared and we could pass.	MADOran_Sentences.tsv:Sentno=402	ORAN_R2					
ODC-000049	A1	food_shopping	food and shopping	كي شربت كوكا باردة هي لي دارتلي هاك . شفت ياك ضارتك . واه ضرتني .	ky chrbt kwka barda hy ly dartly hak . chft yak dartk . wah drtny .	차가운 콜라를 마셨더니 이렇게 됐어. 봐, 너도 아팠지? 응, 나도 아팠어.	When I drank a cold Coke, it made me feel like this. You see, it hurt you? Yes, it hurt me.	MADOran_Sentences.tsv:Sentno=1	ORAN_R2					
ODC-000050	A1	food_shopping	food and shopping	نجيبلك حمود ? جيبلي حمود هادي مالها تعوج فروحها . مادم ?	njyblk 7mwd ? jybly 7mwd hady malha t3wj frw7ha . madm ?	함우드 음료를 가져다줄까? 함우드 하나 가져다줘. 그게 뭐가 문제야?	Shall I bring you a Hamoud drink? Bring me a Hamoud. What is wrong with it?	MADOran_Sentences.tsv:Sentno=530	ORAN_R2					
ODC-000051	A1	food_shopping	food and shopping	صحيتي ميمتي . نديرلكم لي سوندويتش ? واه ديرلي كاش حاجا ناكالها . من عينيا شا ندريلك فيه ? تعرفيني شا نبغي فيه . صحا . زينو هيا .	s7yty mymty . ndyrlkm ly swndwytch ? wah dyrly kach 7aja nakalha . mn 3ynya cha ndrylk fyh ? t3rfyny cha nbghy fyh . s7a . zynw hya .	샌드위치 먹을래? 응, 먹을 것을 좀 만들어 줘. 네가 좋아하는 걸 준비할게.	Would you like a sandwich? Yes, make me something to eat. I will prepare what you like.	MADOran_Sentences.tsv:Sentno=908	ORAN_R2					
ODC-000052	A1	food_shopping	food and shopping	كيفاه ريحة دجاج ? انا قبل ما نكمل خدمة نغسل و منبعد نجيب لكم . اني قتلك و صايي . صحا كيما تبغي .	kyfah ry7a djaj ? ana 9bl ma nkml khdma nghsl w mnb3d njyb lkm . any 9tlk w sayy . s7a kyma tbghy .	닭고기 냄새는 어때? 일을 마치기 전에 씻어서 가져다줄게. 내가 말했잖아, 그게 다야. 그래, 네가 원하는 대로 해.	What about the smell of the chicken? Before I finish work, I’ll wash it and then bring it to you. I told you, that’s it. Okay, as you like.	MADOran_Sentences.tsv:Sentno=871	ORAN_R2					
ODC-000053	A1	food_shopping	food and shopping	كي تسمعي هداك حس تع بلي غلات تعاودي تمرقيها حتى يتغطى لحم و خضرا عينك هي ميزانك و تخليها تطيب ساعة هكا شوفها ساعة على ساعة .	ky tsm3y hdak 7s t3 bly ghlat t3awdy tmr9yha 7ta ytghta l7m w khdra 3ynk hy myzank w tkhlyha ttyb sa3a hka chwfha sa3a 3la sa3a .	그 소리가 들리면 끓기 시작했다는 뜻이야. 고기와 채소가 잠길 때까지 국물을 더 붓고 약 한 시간 익히면서 가끔 확인해.	When you hear that sound, it means it has come to a boil. Add more broth until the meat and vegetables are covered, then let it cook for about an hour, checking it from time to time.	MADOran_Sentences.tsv:Sentno=377	ORAN_R2					
ODC-000054	A1	food_shopping	food and shopping	كي طيب لولا تشوفي لحم ادا طاب توخريه على جهة و تشوفي ادا طابت تفي عليها باش تميكسيها و لا تطحنيها ف رحة تاني خير	ky tyb lwla tchwfy l7m ada tab twkhryh 3la jha w tchwfy ada tabt tfy 3lyha bach tmyksyha w la tt7nyha f r7a tany khyr	익으면 먼저 고기를 확인해. 다 익었으면 한쪽에 빼 두고, 나머지도 익었으면 불을 끈 뒤 갈아. 믹서로 갈거나 분쇄기로 갈아도 되고 후자가 더 좋아.	When it cooks, first check the meat. If it is done, set it aside; if the rest is cooked, turn off the heat so you can blend it, or grind it in a grinder, which is even better.	MADOran_Sentences.tsv:Sentno=378	ORAN_R2					
ODC-000055	A1	food_shopping	food and shopping	و نخلطو كلشي و منبعد نخلو تشيشة تاعنا طيب لربع ساعة هاكا و نطفو عليها تخرج مترتقة و بنينة .	w nkhltw klchy w mnb3d nkhlw tchycha ta3na tyb lrb3 sa3a haka w ntfw 3lyha tkhrj mtrt9a w bnyna .	모두 섞고 티치샤를 약 15분 익힌 다음 불을 꺼. 부드럽고 맛있게 될 거야.	Mix everything, let our tchicha cook for about fifteen minutes, then turn off the heat; it will come out tender and tasty.	MADOran_Sentences.tsv:Sentno=386	ORAN_R2					
ODC-000056	A1	food_shopping	food and shopping	شويا راهم غاليين نتي ساومي و شوفي متحصيش تطيحي في حاجة شابة عينك هي ميزانك	chwya rahm ghalyyn nty sawmy w chwfy mt7sych tty7y fy 7aja chaba 3ynk hy myzank	어떤 것들은 비싸. 흥정하고 잘 살펴봐. 네 눈이 저울이야.	Some things are expensive. Bargain and look carefully; your eye is your scale.	MADOran_Sentences.tsv:Sentno=149	ORAN_R2					
ODC-000057	A1	food_shopping	food and shopping	خلي انا نخلص	khly ana nkhls	내가 계산할게.	Let me pay.	MADOran_Sentences.tsv:Sentno=296	ORAN_R2					
ODC-000058	A1	food_shopping	food and shopping	وي صاحبي ايا نروحو ناكلو اني ميت بجوع . وي منسيتكش نتلاقو عند هداك قنت على زوج	wy sa7by aya nrw7w naklw any myt bjw3 . wy mnsytkch ntla9w 3nd hdak 9nt 3la zwj	친구야, 가서 먹자. 나 배고파 죽겠어. 너를 잊지 않았어. 두 시에 그곳에서 만나자.	Let us go eat, my friend; I am starving. I have not forgotten you; let us meet at that place at two.	MADOran_Sentences.tsv:Sentno=304	ORAN_R2					
ODC-000059	A1	food_shopping	food and shopping	و ترمي تشيشة انا ندير يا ربي فنجان صغير .	w trmy tchycha ana ndyr ya rby fnjan sghyr .	티치샤를 넣어. 나는 작은 컵 하나 정도를 넣어.	Add the tchicha; I use about one small cup.	MADOran_Sentences.tsv:Sentno=380	ORAN_R2					
ODC-000060	A1	food_shopping	food and shopping	مالكم ما تاكلوش مملحات بدون كريمة اللي درتهم تع ام وليد .	malkm ma taklwch mml7at bdwn kryma ally drthm t3 am wlyd .	움 왈리드식 크림 없는 짭짤한 페이스트리를 왜 안 먹어?	Why aren’t you eating the savory pastries without cream, the ones from Oum Walid?	MADOran_Sentences.tsv:Sentno=1245	ORAN_R2					
ODC-000061	A2	food_shopping	food and shopping	نوجدوا لهم بركوكس و ليموناد و ما تقنة حلوة و قاطو و قهوة و لتاي و نحطوهم لناس معروضين و نفوتوها بالهدرة تقصارو غي ضحك قاع ديك لعشية .	nwjdwa lhm brkwks w lymwnad w ma t9na 7lwa w 9atw w 9hwa w ltay w n7twhm lnas m3rwdyn w nfwtwha balhdra t9sarw ghy d7k 9a3 dyk l3chya .	손님을 위해 베르쿠스, 레모네이드, 과자, 케이크, 커피와 차를 준비하고 오후를 이야기와 웃음으로 보낼 거야.	We will prepare berkoukes, lemonade, sweets, cake, coffee, and tea for the guests and spend the afternoon chatting and laughing.	MADOran_Sentences.tsv:Sentno=109	ORAN_R2					
ODC-000062	A2	food_shopping	food and shopping	وي سعاد شركي دايرة فيها كاش عيد ? يا ودي العيد راه غير هو انا شريت سروال جينز و 2 تع لي بودي شابين باقيلي غي الصباط غادي نطلع للبلاد ولا لشوبو باه نشري شا قلتي راهم غاليين ولا لا ?	wy s3ad chrky dayra fyha kach 3yd ? ya wdy al3yd rah ghyr hw ana chryt srwal jynz w 2 t3 ly bwdy chabyn ba9yly ghy alsbat ghady ntl3 llblad wla lchwbw bah nchry cha 9lty rahm ghalyyn wla la ?	명절에 뭐 샀어? 나는 청바지와 예쁜 바디수트 두 개를 샀고 아직 신발이 필요해서 쇼핑하러 갈 거야.	Did you buy anything for the holiday? I bought jeans and two nice bodysuits; I still need shoes and will go shopping.	MADOran_Sentences.tsv:Sentno=148	ORAN_R2					
ODC-000063	A2	food_shopping	food and shopping	حاجا فور اه ? حاجة تري بنينة ? سيرتو مدبل و لا سينيي خضر فوق نار و دمر اه خويا مرمد بفرينة حاجة مامي حاجة تفوت وحدها سيرتو اون صوص تومات	7aja fwr ah ? 7aja try bnyna ? syrtw mdbl w la synyy khdr fw9 nar w dmr ah khwya mrmd bfryna 7aja mamy 7aja tfwt w7dha syrtw awn sws twmat	좋아? 맛있어? 특히 불에 굽고 밀가루를 입힌 것, 특히 토마토소스를 곁들인 것이 좋아.	Is it good? Is it tasty? Especially when it is grilled over a fire and covered with flour, especially with tomato sauce.	MADOran_Sentences.tsv:Sentno=199	ORAN_R2					
ODC-000064	A2	food_shopping	food and shopping	رانا رايحيين لمرشي نديرو قضيان تاعنا و غادي نزيدو بارح سيد الله يبارك يعطيه الصحة شرالنا كبش دبحه و قطعه و وجدهلنا و جابهلنا مشاء الله كاين واحد تاني دونتور جابلنا دجاج الله يبارك يكتر خيره .	rana ray7yyn lmrchy ndyrw 9dyan ta3na w ghady nzydw bar7 syd allh ybark y3tyh als7a chralna kbch db7h w 9t3h w wjdhlna w jabhlna mcha2 allh kayn wa7d tany dwntwr jablna djaj allh ybark yktr khyrh .	우리는 장을 보러 시장에 가고 있어. 한 사람이 양을 사서 잡고 잘라 손질해 주었고, 다른 사람이 닭고기를 가져왔어.	We are going to the market to do our shopping. A man bought us a lamb, slaughtered it, cut it up, prepared it, and another person brought us chicken.	MADOran_Sentences.tsv:Sentno=640	ORAN_R2					
ODC-000065	A2	food_shopping	food and shopping	مهم كي يروح لدار يدخل جيعان متوحش لماكلا تاع دار يفطر و يتقهوا ديراكت بلا ميقارع من بعد يخرج يقصر برا مع صحابه يدورو يتقهو	mhm ky yrw7 ldar ydkhl jy3an mtw7ch lmakla ta3 dar yftr w yt9hwa dyrakt bla my9ar3 mn b3d ykhrj y9sr bra m3 s7abh ydwrw yt9hw	그는 집에 가면 배고픈 채로 들어와 집밥을 먹고 커피를 마신 뒤 친구들과 이야기하러 나가.	When he goes home, he enters hungry, eats the home food, has coffee, then goes out to chat with friends.	MADOran_Sentences.tsv:Sentno=338	ORAN_R2					
ODC-000066	A2	food_shopping	food and shopping	كاتقوري 3 هوما صحاب دراهم يبكر صباح يلقا قهوا واجدة لوطو واجدة لاقيها طايبة ميدير والو	kat9wry 3 hwma s7ab drahm ybkr sba7 yl9a 9hwa wajda lwtw wajda la9yha tayba mydyr walw	세 번째 부류는 돈 있는 사람들이야. 일찍 일어나면 커피도 준비돼 있고 차도 준비돼 있어서 아무것도 할 일이 없어.	Category three is wealthy people: they wake up early, find the coffee ready and the car ready, and do nothing.	MADOran_Sentences.tsv:Sentno=340	ORAN_R2					
ODC-000067	A2	food_shopping	food and shopping	سييتي كاش نهار تروحي وين يبيعو سردين شفتي غير توقفي عند سيد لي يبيع كيفاش تتمشى ريحة تقتل بصح بصح بعد مدة توالفها و كي تزيدي طولي ماغاديش تحسي بيها أصلا	syyty kach nhar trw7y wyn yby3w srdyn chfty ghyr tw9fy 3nd syd ly yby3 kyfach ttmcha ry7a t9tl bs7 bs7 b3d mda twalfha w ky tzydy twly maghadych t7sy byha asla	정어리를 파는 곳에 가면 냄새가 아주 강하지만 시간이 지나면 익숙해져.	If you go where sardines are sold, the smell is very strong, but after a while you get used to it.	MADOran_Sentences.tsv:Sentno=349	ORAN_R2					
ODC-000068	A2	food_shopping	food and shopping	و لو كان تروحي لعند لي يبيعو و تقوليله أعق شا هادي ريحة غادي يقولك تاعش ريحة ? شاركي تقولي ! ! مشكيتش غادي يفهمك أصلا	w lw kan trw7y l3nd ly yby3w w t9wlylh a39 cha hady ry7a ghady y9wlk ta3ch ry7a ? charky t9wly ! ! mchkytch ghady yfhmk asla	생선 장수에게 냄새가 이상하다고 말해도 그는 네 말을 이해하지 못할 수 있어.	If you tell the fish seller that the smell is strange, he may not understand you.	MADOran_Sentences.tsv:Sentno=350	ORAN_R2					
ODC-000069	A2	food_shopping	food and shopping	سلام و عليكم ختي مرحبا بيكم معايا في وصفة جديدة ليوم نشاء الله جبتلكم طبق بزاف نبغوه قاع حنا جزايريين من شرق للغرب و من شمال لجنوب .	slam w 3lykm khty mr7ba bykm m3aya fy wsfa jdyda lywm ncha2 allh jbtlkm tb9 bzaf nbghwh 9a3 7na jzayryyn mn chr9 llghrb w mn chmal ljnwb .	새 요리법에 오신 것을 환영해. 오늘은 모든 알제리 사람이 좋아하는 음식을 가져왔어.	Welcome to a new recipe. Today I brought a dish that all Algerians love.	MADOran_Sentences.tsv:Sentno=363	ORAN_R2					
ODC-000070	A2	food_shopping	food and shopping	ثوم درت صنيفة تكون كبيرة درت زوج حبات كروطة نقيتهم وقطعتهم مورصيات صغار طماطيس و كرافس راه سيزون تاعه و مليح بزاف طيبو بيه باسكو فيه فايدة كبيرة	thwm drt snyfa tkwn kbyra drt zwj 7bat krwta n9ythm w9t3thm mwrsyat sghar tmatys w krafs rah syzwn ta3h w mly7 bzaf tybw byh baskw fyh fayda kbyra	당근 두 개와 토마토, 셀러리를 씻어 작은 조각으로 잘랐어. 셀러리는 제철이고 유용해.	I cleaned and cut two carrots, tomatoes, and celery into small pieces; celery is in season and useful.	MADOran_Sentences.tsv:Sentno=367	ORAN_R2					
ODC-000071	A2	food_shopping	food and shopping	هايلة خصرة تاعنا أخواتي مننساوش نديرو شوية تع ملح و نزيدو معها مغرف تع ماكلة طماطيس كونسوتري نحطو كلشي فوق نار ينقلى و نولو .	hayla khsra ta3na akhwaty mnnsawch ndyrw chwya t3 ml7 w nzydw m3ha mghrf t3 makla tmatys kwnswtry n7tw klchy fw9 nar yn9la w nwlw .	이건 우리 맛있는 채소 요리야. 소금과 토마토 페이스트 한 숟가락을 넣고 모두 불에 올려 볶아.	This is our nice vegetable dish. Add salt and a spoon of tomato concentrate, put everything on the heat, and fry it.	MADOran_Sentences.tsv:Sentno=369	ORAN_R2					
ODC-000072	A2	food_shopping	food and shopping	جابولنا جلبان بطاطا لي زاليمون نتأمنش عقلك و دروك نروحو نشرو و نجيبو غير شا خصنا باش نبدو نطيبو و نوجدو للمساكين فقارى	jabwlna jlban btata ly zalymwn ntamnch 39lk w drwk nrw7w nchrw w njybw ghyr cha khsna bach nbdw ntybw w nwjdw llmsakyn f9ara	완두콩과 감자를 가져다줬어. 이제 필요한 것만 더 사 와서 요리를 시작하고 어려운 사람들을 위한 음식을 준비할 거야.	They brought us peas and potatoes. Now we’ll go buy whatever else we need so we can start cooking and prepare food for poor people in need.	MADOran_Sentences.tsv:Sentno=641	ORAN_R2					
ODC-000073	A1	body_health	body and health	أنت راك باغي تهدر و انا معنديش وقت راسي راه دارني مل قراية .	ant rak baghy thdr w ana m3ndych w9t rasy rah darny ml 9raya .	너는 이야기하고 싶지만 나는 시간이 없어. 공부 때문에 머리가 아파.	You want to talk, but I have no time; my head hurts from studying.	MADOran_Sentences.tsv:Sentno=181	ORAN_R2					
ODC-000074	A1	body_health	body and health	متتقلقيش مكانش مشكل .	mtt9l9ych mkanch mchkl .	걱정하지 마. 문제없어.	Don't worry; there is no problem.	MADOran_Sentences.tsv:Sentno=293	ORAN_R2					
ODC-000075	A1	body_health	body and health	تبردنا بداك لاكريم انا بغيت اسكيمو ليم و كملنا طريق وصلنا لدار عيانين كاو دوشنا و رقدنا .	tbrdna bdak lakrym ana bghyt askymw lym w kmlna try9 wslna ldar 3yanyn kaw dwchna w r9dna .	우리는 아이스크림을 먹으며 더위를 식히고 길을 계속 갔어. 집에 도착해서 샤워하고 잤어.	We cooled off with ice cream, continued on the road, reached home tired, showered, and slept.	MADOran_Sentences.tsv:Sentno=411	ORAN_R2					
ODC-000076	A1	body_health	body and health	ايا كلاني قلبي قلت نهدر معاه و منبعد قلت شدخلني دوك يقول كاش واحد يهدر معاه ما نربحش عيب	aya klany 9lby 9lt nhdr m3ah w mnb3d 9lt chdkhlny dwk y9wl kach wa7d yhdr m3ah ma nrb7ch 3yb	마음이 불편해서 그에게 말할까 했지만, 나와 상관없는 일이라고 생각했어.	My heart bothered me, so I thought of talking to him; then I decided it was none of my business.	MADOran_Sentences.tsv:Sentno=522	ORAN_R2					
ODC-000077	A1	body_health	body and health	هو ليام ناقصة من عمري و انا نعد فيها . ليام معنتها خص نحبسو نخمو فمستقبل ف لافونيغ لي راها لي غادي تجي لينا خصنا نعيشو حياتنا من دروك	hw lyam na9sa mn 3mry w ana n3d fyha . lyam m3ntha khs n7bsw nkhmw fmst9bl f lafwnygh ly raha ly ghady tjy lyna khsna n3ychw 7yatna mn drwk	날들을 세는 동안 내 삶이 줄어드는 것 같아. 이제 미래 생각은 그만하고 지금부터 우리의 삶을 살아야 해.	The days are taking from my life while I count them. We need to stop thinking about the future and live our lives from now.	MADOran_Sentences.tsv:Sentno=583	ORAN_R2					
ODC-000078	A1	body_health	body and health	ما تتعراش و نتا عرقان و متشربش ماء و نتا عرقان و متكسلش كرعيك وسط جماعة , و ما متوكلش ولادك وسط جماعة .	ma tt3rach w nta 3r9an w mtchrbch ma2 w nta 3r9an w mtkslch kr3yk wst jma3a , w ma mtwklch wladk wst jma3a .	땀을 흘릴 때 옷을 벗지 말고, 땀을 흘릴 때 물을 마시지도 마. 사람들 사이에서 다리를 뻗지 말고, 아이들에게 사람들 앞에서 먹이지도 마.	Do not take off your clothes while you are sweating, do not drink water while sweating, do not stretch your legs out among people, and do not feed your children among people.	MADOran_Sentences.tsv:Sentno=720	ORAN_R2					
ODC-000079	A1	body_health	body and health	ولدي بيت الما وين الله يحفظ . راه لهيها حاجا كاين ما باش نستجا . واه جا غير شوية هاك الما حاجا . صحا ولدي .	wldy byt alma wyn allh y7fz . rah lhyha 7aja kayn ma bach nstja . wah ja ghyr chwya hak alma 7aja . s7a wldy .	얘야, 물이 어디 있어? 하느님이 지켜 주시길. 저쪽에 있어. 씻을 물이 있어. 그래, 물이 조금밖에 없네.	My son, where is the water? God protect you. It is over there; there is water for me to wash. Yes, there is only a little water.	MADOran_Sentences.tsv:Sentno=1341	ORAN_R2					
ODC-000080	A1	body_health	body and health	واه عندك صح نتا تعرف كلشي . مكانش حاجا ناكلوها اني ميت بالجوع .	wah 3ndk s7 nta t3rf klchy . mkanch 7aja naklwha any myt baljw3 .	응, 네 말이 맞아. 너는 모든 것을 알고 있어. 먹을 것이 없어서 배가 너무 고파.	Yes, you are right; you know everything. There is nothing to eat, and I am starving.	MADOran_Sentences.tsv:Sentno=924	ORAN_R2					
ODC-000081	A1	body_health	body and health	ايا خويا راحله خاطش سيد تاح في واد ايا تسما قعد يدور غي فبلاصته و يجبده ماء حتى سلكه خويا و خرجه و حماية مدنية جات داروله تنفس اصطناعي باش يرجعوله روح باسكو سيد تغاشى قلعوله ماء الي كان فيه حتى ولتله روح و فطن لبسوله قشه و داوه .	aya khwya ra7lh khatch syd ta7 fy wad aya tsma 93d ydwr ghy fblasth w yjbdh ma2 7ta slkh khwya w khrjh w 7maya mdnya jat darwlh tnfs astna3y bach yrj3wlh rw7 baskw syd tghacha 9l3wlh ma2 aly kan fyh 7ta wltlh rw7 w ftn lbswlh 9chh w dawh .	한 남자가 강에 빠져 동생이 구조할 때까지 그 자리에서 계속 허우적거렸어. 민방위 구조대가 와서 인공호흡을 하고 그를 데려갔어.	A man fell into a river and kept struggling in place until my brother rescued him. Civil Protection arrived, performed artificial respiration, and took him away.	MADOran_Sentences.tsv:Sentno=407	ORAN_R2					
ODC-000082	A1	body_health	body and health	راكي سير غير بارح ماتت له وحدة داخل . دخل يدير لها بارسيون غير من راسه باش يقلعلها مرارة قلعلها كلوة . في البلاص . الله يعاونك ختي . بسلامة مدام .	raky syr ghyr bar7 matt lh w7da dakhl . dkhl ydyr lha barsywn ghyr mn rash bach y9l3lha mrara 9l3lha klwa . fy alblas . allh y3awnk khty . bslama mdam .	어제 한 여성이 안에서 숨졌어. 의사가 수술하러 들어가 현장에서 담낭과 신장을 제거했어.	Yesterday, a woman died inside. The doctor went in to perform surgery and removed her gallbladder and kidney on the spot.	MADOran_Sentences.tsv:Sentno=1354	ORAN_R2					
ODC-000083	A1	body_health	body and health	قلبي ما راه مهنيني روح شوفلي بنتي . أرواح هنا اي .	9lby ma rah mhnyny rw7 chwfly bnty . arwa7 hna ay .	마음이 놓이지 않아. 가서 내 딸을 확인해 줘.	My heart is not at ease; go and check on my daughter.	MADOran_Sentences.tsv:Sentno=1052	ORAN_R2					
ODC-000084	A1	body_health	body and health	واه ختي جعت ما قديتش ركز و أنا كرشي خاوية الله يحفظ و يستر شا تبلع .	wah khty j3t ma 9dytch rkz w ana krchy khawya allh y7fz w ystr cha tbl3 .	배가 고파서 집중할 수가 없어. 배가 텅 비었어.	I am hungry and cannot concentrate because my stomach is empty.	MADOran_Sentences.tsv:Sentno=1307	ORAN_R2					
ODC-000085	A2	body_health	body and health	هو غلط حسب روحه عوام بورتون كان مهلك وعلام كان حمر مي مزية شفناه و خويا سلكه و فاتت على خير ولينا عمنا غي فشط تكلما بحر قاع	hw ghlt 7sb rw7h 3wam bwrtwn kan mhlk w3lam kan 7mr my mzya chfnah w khwya slkh w fatt 3la khyr wlyna 3mna ghy fcht tklma b7r 9a3	그는 상황을 잘못 판단하고 자신이 수영을 잘한다고 생각했어. 바다는 거칠었고 빨간 깃발이 올라와 있었지만, 다행히 우리가 그를 발견했고 내 동생이 구조해서 무사히 끝났어.	He misjudged it and thought he was a good swimmer. The sea was rough and the flag was red, but luckily we saw him and my brother rescued him; everything ended well.	MADOran_Sentences.tsv:Sentno=408	ORAN_R2					
ODC-000086	A2	body_health	body and health	كي دخلنا رانا نعومو حتى نشوفو واحد يتخبط فماء و يقول سلكوني ايا قلت لخويا عندك راه يختر غادي يغرق حمبوك روح شوفه	ky dkhlna rana n3wmw 7ta nchwfw wa7d ytkhbt fma2 w y9wl slkwny aya 9lt lkhwya 3ndk rah ykhtr ghady yghr9 7mbwk rw7 chwfh	물에 들어가 수영하다가 누군가 물에서 허우적거리며 도와 달라고 외치는 것을 봤어. 익사할 수도 있으니 동생에게 가서 도우라고 했어.	When we went in, we swam until we saw someone struggling in the water and shouting for help. I told my brother to go help him because he might drown.	MADOran_Sentences.tsv:Sentno=406	ORAN_R2					
ODC-000087	A2	body_health	body and health	كرينا باغاصول و كراسى و ريحنا مجاتنش ندخلو ديراكت قابلنا بحرو فطرنا وزدنا قصرنا باش تهود ماكلة	kryna baghaswl w krasa w ry7na mjatnch ndkhlw dyrakt 9ablna b7rw ftrna wzdna 9srna bach thwd makla	파라솔과 의자를 빌려 쉬었어. 바로 물에 들어가지 않고 바다를 바라보며 밥을 먹고, 소화가 되도록 잠시 쉬었어.	We rented a parasol and chairs and rested. We did not go into the water right away; we sat facing the sea, ate, and stayed a while so the food could settle.	MADOran_Sentences.tsv:Sentno=405	ORAN_R2					
ODC-000088	A2	body_health	body and health	باسكو نستاهل قريت و عييت ايا ولينا لدار مضمرين رفعت يدي و قلت يا ربي ادا فيها خير كتبهالي و انا ندير لي عليا	baskw nstahl 9ryt w 3yyt aya wlyna ldar mdmryn rf3t ydy w 9lt ya rby ada fyha khyr ktbhaly w ana ndyr ly 3lya	공부하고 지쳐서 우리는 녹초가 된 채 집에 갔어. 나는 손을 들고 기도했어. 좋은 일이라면 내게 이루어지게 해 달라고, 나도 내가 할 일을 하겠다고.	I studied and got tired, then we went home exhausted. I raised my hand and prayed: if it is good, let it be written for me, and I will do my part.	MADOran_Sentences.tsv:Sentno=251	ORAN_R2					
ODC-000089	A2	body_health	body and health	أنا شيرة في عمري خمسا وعشرين عام زدت قبل الوقت ه ست شهر و نص حاشاكم ماما ما خلاتنيش ف السبيطار خاطرش خافت ما يتهلوش فيا سما خرجتني معاها للدار و كبرتني هي و جدتي الله يرحمها	ana chyra fy 3mry khmsa w3chryn 3am zdt 9bl alw9t h st chhr w ns 7achakm mama ma khlatnych f alsbytar khatrch khaft ma ythlwch fya sma khrjtny m3aha lldar w kbrtny hy w jdty allh yr7mha	나는 스물다섯 살 여자야. 임신 6개월 반 만에 미숙아로 태어났어. 어머니는 병원에서 나를 잘 돌보지 못할까 봐 집으로 데려왔고, 어머니와 할머니가 나를 키웠어.	I am a twenty-five-year-old woman. I was born prematurely at six and a half months. My mother took me home because she feared the hospital would not care for me, and she and my grandmother raised me.	MADOran_Sentences.tsv:Sentno=343	ORAN_R2					
ODC-000090	A2	body_health	body and health	خطرة ماما كانت رايحة لطبيب حنا كنا نسكنو في كازيرنا تاع لي جونداغم كنت صغيرة و كان عندي وحد 7 سنين هكا	khtra mama kant ray7a ltbyb 7na kna nsknw fy kazyrna ta3 ly jwndaghm knt sghyra w kan 3ndy w7d 7 snyn hka	한번은 어머니가 의사에게 가고 있었어. 우리는 헌병대 숙소에 살았고 나는 일곱 살쯤이었어.	Once my mother was going to the doctor. We lived in a gendarmerie barracks; I was about seven years old.	MADOran_Sentences.tsv:Sentno=357	ORAN_R2					
ODC-000091	A2	body_health	body and health	ما تشربش بالواقف , وجهك نقيه ماتدري واش تلاقي بيه و لي فاتك بالزين فوته بالتبسيمة ولي فاتك بالصيغة فوته بالسياسة , و لي فاتك بالمال فوته بالقناعة .	ma tchrbch balwa9f , wjhk n9yh matdry wach tla9y byh w ly fatk balzyn fwth baltbsyma wly fatk balsygha fwth balsyasa , w ly fatk balmal fwth bal9na3a .	서서 물을 마시지 마. 얼굴을 깨끗이 씻고, 사람들 사이에 발을 넣지 마.	Do not drink while standing. Clean your face, and do not put your feet in the middle of a crowd.	MADOran_Sentences.tsv:Sentno=721	ORAN_R2					
ODC-000092	A2	body_health	body and health	ديجا هاد جمعية متخصة في نشاطات إنسانية كيما زيارة مرضى الي يتبروعو بدم . إفطار صاى ءم في رمضان يشرو قش عيد اللي ميعيدوش يعاونوهم و تاني كبش عيد في عيد كبير و قش دخلة لبزوز لي يدخلو يقرو تاني في سبتومبر .	dyja had jm3ya mtkhsa fy nchatat insanya kyma zyara mrda aly ytbrw3w bdm . iftar saa 2m fy rmdan ychrw 9ch 3yd ally my3ydwch y3awnwhm w tany kbch 3yd fy 3yd kbyr w 9ch dkhla lbzwz ly ydkhlw y9rw tany fy sbtwmbr .	이 단체는 환자 방문과 헌혈 같은 인도적 활동을 전문으로 해. 라마단에는 금식하는 사람들에게 식사를 제공하고 도움이 필요한 사람들을 도와.	This association specializes in humanitarian activities such as visiting patients and donating blood. It also provides iftar meals in Ramadan and helps people in need.	MADOran_Sentences.tsv:Sentno=642	ORAN_R2					
ODC-000093	A2	body_health	body and health	حوجيانا شوف شا صرالها قلبي راه دم . راني نهدر معاك . روحلي شوفلي بنتي . مانيش خدام ليوم .	7wjyana chwf cha sralha 9lby rah dm . rany nhdr m3ak . rw7ly chwfly bnty . manych khdam lywm .	세상에, 그녀에게 무슨 일이 생긴 거야. 마음이 너무 아파. 가서 내 딸을 확인해 줘. 오늘은 일하지 않아.	Oh my God, look what happened to her; my heart is bleeding. Go and check on my daughter. I am not working today.	MADOran_Sentences.tsv:Sentno=1050	ORAN_R2					
ODC-000094	A2	body_health	body and health	محمد ديقوردي ما تخافش عليه خليه وحده يسلك راسه .	m7md dy9wrdy ma tkhafch 3lyh khlyh w7dh yslk rash .	모하메드를 걱정하지 마. 그를 내버려 두면 스스로 잘 해낼 거야.	Don't worry about Mohamed; leave him alone and he will manage by himself.	MADOran_Sentences.tsv:Sentno=1225	ORAN_R2					
ODC-000095	A2	body_health	body and health	كي ولت عشية لقات خوها يقرعلها طاح فيها بلبونيات حتى نغلها من هداك نهار ولت تساعف وتسقمت و قالتلهم منزيدش نعاود عمر دواد ما يعاود يعطيه حبة فمراود .	ky wlt 3chya l9at khwha y9r3lha ta7 fyha blbwnyat 7ta nghlha mn hdak nhar wlt tsa3f wts9mt w 9altlhm mnzydch n3awd 3mr dwad ma y3awd y3tyh 7ba fmrawd .	저녁이 되자 그녀는 오빠가 문을 두드리는 것을 보았어. 오빠가 화를 내서 그녀가 아팠지만, 그날부터 자신을 돌보며 회복했고 다시는 그러지 않겠다고 말했어.	When evening came, she found her brother knocking. He got upset with her until she became ill; from that day she took care of herself and recovered, and she said she would not do it again.	MADOran_Sentences.tsv:Sentno=213	ORAN_R2					
ODC-000096	A2	body_health	body and health	لا تفضلي مادام . نجي . لا غادي ندخل غير أنا و مريضة . ويزيد يبلع البا في وجهي ادا بات فدار ليوم تحزن عليا ما . سلام مدام باغي تفوتي ? واه بصح ليوم ? واه صحا غادي نعطيك غير كونساي مدام ادا بغيتي ديري عليا ما تفوتيش عنده ما راهش كيما بكري طاحوله . معليش ختي غير ديري لي رونديفو .	la tfdly madam . njy . la ghady ndkhl ghyr ana w mryda . wyzyd ybl3 alba fy wjhy ada bat fdar lywm t7zn 3lya ma . slam mdam baghy tfwty ? wah bs7 lywm ? wah s7a ghady n3tyk ghyr kwnsay mdam ada bghyty dyry 3lya ma tfwtych 3ndh ma rahch kyma bkry ta7wlh . m3lych khty ghyr dyry ly rwndyfw .	먼저 들어가세요, 부인. 곧 갈게요. 아니요, 아픈 여자와 저만 들어갈 거예요. 원하면 그 사람과 약속을 잡으세요. 그는 예전 같지 않아요. 괜찮아요, 언니. 그냥 진료 예약을 하세요.	Please go ahead, ma’am. I’ll come. No, only the sick woman and I will go in. If you want, make an appointment with him; he is not like before. It’s okay, sister, just make an appointment.	MADOran_Sentences.tsv:Sentno=1352	ORAN_R2					
ODC-000097	A1	school_work	school and work	تع شا غادي يخرجوا منها هاد جامعة غير مخاخ باينة غادي تخرجي حاجا كبيرة نتيا .	t3 cha ghady ykhrjwa mnha had jam3a ghyr mkhakh bayna ghady tkhrjy 7aja kbyra ntya .	그래서 이 대학에서는 어떤 인재들이 나와? 이곳에는 뛰어난 사람들만 있는 것 같아. 너도 훌륭한 사람이 될 게 분명해.	So what comes out of this university? It is full of geniuses; it is clear that you will become someone important.	MADOran_Sentences.tsv:Sentno=154	ORAN_R2					
ODC-000098	A1	school_work	school and work	حق استقبلتنا 7 بيبان باش وصلنا و حكينالها قلنالها رانا باغيين غي دوصيي رسلوه	79 ast9bltna 7 byban bach wslna w 7kynalha 9lnalha rana baghyyn ghy dwsyy rslwh	그녀는 우리가 그녀에게 가기 위해 일곱 개의 문을 지나온 뒤 우리를 맞아 주었어. 우리는 그녀에게 서류만 보내 달라고 말했어.	She received us after we had gone through seven doors to reach her. We told her that we only wanted the dossier sent.	MADOran_Sentences.tsv:Sentno=255	ORAN_R2					
ODC-000099	A1	school_work	school and work	في الجامعة جزايرية كاين 7 أنواع من الطلبة ,	fy aljam3a jzayrya kayn 7 anwa3 mn altlba ,	알제리 대학교에는 학생 유형이 7가지 있어.	There are seven types of students at an Algerian university.	MADOran_Sentences.tsv:Sentno=731	ORAN_R2					
ODC-000100	A1	school_work	school and work	مشي مشكل استاد مشي مشكل . بارك الله فيك و كوراج سيرتو . ميرسي ربي معاك انشاء الله .	mchy mchkl astad mchy mchkl . bark allh fyk w kwraj syrtw . myrsy rby m3ak ancha2 allh .	문제없어요, 교수님. 문제없어요. 감사합니다. 특히 행운을 빌어요. 고마워요. 하느님이 함께하시길 바라요.	No problem, professor. No problem. Thank you, and good luck, especially. Thank you; may God be with you.	MADOran_Sentences.tsv:Sentno=783	ORAN_R2					
ODC-000101	A2	school_work	school and work	و تراديكسبون مترجمة قاع غولوفي تع لي نوت بلأونقلي و مخلصة عليها دم فوادي تع دراهم و تقولي معنديش	w tradyksbwn mtrjma 9a3 ghwlwfy t3 ly nwt blawn9ly w mkhlsa 3lyha dm fwady t3 drahm w t9wly m3ndych	성적 관련 서류를 전부 영어로 번역했고 번역비도 큰돈을 냈는데, 이제 그게 없다고 하잖아.	All the grade records were translated into English, and I paid a fortune for the translation, but you tell me you do not have it.	MADOran_Sentences.tsv:Sentno=229	ORAN_R2					
ODC-000102	A1	school_work	school and work	روح تخدم ولدي روح .	rw7 tkhdm wldy rw7 .	일하러 가, 얘야. 가.	Go to work, my son, go.	MADOran_Sentences.tsv:Sentno=872	ORAN_R2					
ODC-000103	A1	school_work	school and work	و نتيا علاه جيتي شا دخلك ? مشفتيش كيفاه كان يهدر معانا . ارجعي لخدمتك أيا .	w ntya 3lah jyty cha dkhlk ? mchftych kyfah kan yhdr m3ana . arj3y lkhdmtk aya .	너는 왜 왔어? 네가 상관할 일이 아니야. 그가 우리에게 어떻게 말했는지 못 봤어? 이제 네 일로 돌아가.	Why did you come? It is none of your business. Didn't you see how he was speaking to us? Now go back to your work.	MADOran_Sentences.tsv:Sentno=880	ORAN_R2					
ODC-000104	A2	school_work	school and work	ايا قعدت تبدلي فهدرة و تكدب عليا و تقول رسلته قالها مديلي اكيزي ورقة بلي وصل قاتله معنديش	aya 93dt tbdly fhdra w tkdb 3lya w t9wl rslth 9alha mdyly akyzy wr9a bly wsl 9atlh m3ndych	그러다 네가 계속 말을 바꾸고 나에게 거짓말하면서 보냈다고 했어. 그가 그녀에게 도착했다는 영수증을 보여 달라고 했고, 그녀는 없다고 말했어.	Then you kept changing your story, lying to me and saying you had sent it. He told her, “Give me an acknowledgment paper showing that it arrived.” She said, “I do not have one.”	MADOran_Sentences.tsv:Sentno=226	ORAN_R2					
ODC-000105	A2	school_work	school and work	و قالهم لي كلاست لولا دروك تحوسوا و تجبدولها دوصيي تاعها و لا بلاصتك طير	w 9alhm ly klast lwla drwk t7wswa w tjbdwlha dwsyy ta3ha w la blastk tyr	그는 그들에게 그 여학생이 반에서 1등을 했으니 지금 그 학생의 서류를 찾아서 가져오라고 했어. 그러지 않으면 네 자리를 잃을 거야.	He told them that she had ranked first in her class and ordered them to find and bring her dossier now, or your position would be gone.	MADOran_Sentences.tsv:Sentno=241	ORAN_R2					
ODC-000106	A2	school_work	school and work	الا راك تحشم بيا طردني و صايي . خلينا من هاد الهدرة الله يحفظ . جيبلي دوسيات تع اليوم راني نخدم عندك . بونجوغ دكتور ما رانيش روطار لا ?	ila rak t7chm bya trdny w sayy . khlina mn had lhdra allh y7fz . jybly dwsyat t3 lywm rany nkhdm 3ndk . bwnjwr dktwr ma ranych rwtar la ?	내가 부끄러우면 그냥 해고해, 그걸로 끝내. 그 얘기는 그만하자. 오늘 서류들을 가져다줘. 나는 당신 밑에서 일하잖아. 안녕하세요, 선생님. 저 늦지 않았죠?	If you are embarrassed by me, fire me and that is it. Let us leave that talk aside. Bring me today's dossiers; I work for you. Good morning, doctor. I am not late, am I?	MADOran_Sentences.tsv:Sentno=1351	ORAN_R2					
ODC-000107	A1	school_work	school and work	صباح الخير استاد راه هنا ? عندك موعد معاه واه عندي . تفضلو ريحو قارعو شوية .	sba7 alkhyr astad rah hna ? 3ndk mw3d m3ah wah 3ndy . tfdlw ry7w 9ar3w chwya .	안녕하세요. 교수님 계세요? 그분과 약속이 있으세요? 네. 앉아서 잠시 기다리세요.	Good morning. Is the professor here? Do you have an appointment with him? Yes, I do. Please sit down and wait a little.	MADOran_Sentences.tsv:Sentno=818	ORAN_R2					
ODC-000108	A1	school_work	school and work	واه مكنتش هنا كنت خدام كنت في دزاير تاعش خدمة هادي ? كنت خدام . الله يعاونكم ولدي .	wah mkntch hna knt khdam knt fy dzayr ta3ch khdma hady ? knt khdam . allh y3awnkm wldy .	응, 나는 여기 없었어. 알제에서 일하고 있었어. 무슨 일이었냐고? 그냥 일하고 있었어. 하느님이 도와주시길, 얘야.	Yes, I was not here; I was working in Algiers. What job? I was working. May God help you, my son.	MADOran_Sentences.tsv:Sentno=907	ORAN_R2					
ODC-000109	A2	school_work	school and work	علبالك مادم كنت عندك تلميد بكري . ابون ? سي بورسا دايوغ لي ستدعيتك او باغسون في وحد موضوع . خير انشا الله .	3labalk madm knt 3ndk tlmyd bkry . abwn ? sy bwrsa daywgh ly std3ytk aw baghswn fy w7d mwdw3 . khyr ancha allh .	아시죠, 선생님. 예전에 제가 선생님 학생이었어요. “아, 그래?” “그래서 사실 선생님을 불렀어요. 이야기할 일이 하나 있어서요.” “좋은 일이면 좋겠네요.”	You know, ma'am, I used to be your student. “Oh really?” “That's actually why I called you; I wanted to talk to you about something.” “I hope it's good news.”	MADOran_Sentences.tsv:Sentno=819	ORAN_R2					
ODC-000110	A2	school_work	school and work	ايا لقيت ميساج تع سكريتار قالي ارواحي عندك بورس قتله ايه لابورس صاي ديتها معلي انا ديجا كان عندي مشكل في لابورس تالية مدخلتنيش	aya l9yt mysaj t3 skrytar 9aly arwa7y 3ndk bwrs 9tlh ayh labwrs say dytha m3ly ana dyja kan 3ndy mchkl fy labwrs talya mdkhltnych	그다음 비서가 보낸 메시지를 찾았어. “와, 장학금이 있어”라고 했어. 나는 “네, 이미 장학금을 받았어요. 괜찮아요. 전에 다른 장학금 문제로 들어가지 못한 적이 있었어요”라고 말했어.	Then I found a message from the secretary saying, “Come, you have a scholarship.” I said, “Yes, I already received the scholarship; no problem. I already had a problem with another scholarship that did not let me in.”	MADOran_Sentences.tsv:Sentno=218	ORAN_R2					
ODC-000111	A2	school_work	school and work	قلتلها باغي تهبليني وين راه دوصيي انا دفعته عندك ملف قد سخط تقوليلي مكانش قعدوا مشيطيني رايحة جاية مشي عارفة حتى وين راه	9ltlha baghy thblyny wyn rah dwsyy ana df3th 3ndk mlf 9d skht t9wlyly mkanch 93dwa mchytyny ray7a jaya mchy 3arfa 7ta wyn rah	나는 그녀에게 말했어. 나를 미치게 하려는 거야? 내 서류가 어디 있어? 내가 당신에게 냈는데 여기 없다고 하잖아. 그들은 나를 계속 왔다 갔다 하게 했고, 나는 서류가 어디 있는지도 몰랐어.	I told her, Are you trying to drive me crazy? Where is my dossier? I submitted it to you, and you say it is not here. They kept sending me back and forth, and I did not even know where it was.	MADOran_Sentences.tsv:Sentno=228	ORAN_R2					
ODC-000112	A2	school_work	school and work	مهم تلعنا لل غكتوغ بلافون لي يحكم فيهم قاع عميد جينا داخلين تخرجنا سكرتيرته ما راهش هنا ديري دومونض بش تشوفيه و قارعي	mhm tl3na ll ghktwgh blafwn ly y7km fyhm 9a3 3myd jyna dakhlyn tkhrjna skrtyrth ma rahch hna dyry dwmwnd bch tchwfyh w 9ar3y	그다음 우리는 모든 일을 맡은 학장실로 올라갔어. 우리가 들어가자 그의 비서가 나와서 그가 여기 없다고 말했어. 그를 만나려면 신청서를 내고 기다리라고 했어.	Then we went up to the rector's office, the dean who oversees everything. When we went in, his secretary came out and said that he was not there. She told us to submit a request to see him and wait.	MADOran_Sentences.tsv:Sentno=236	ORAN_R2					
ODC-000113	A2	school_work	school and work	ابري رحت بيرو تع سو ديركتريس لمتخصة في منح في خارج قاتلي لحقتي روطار راه فات ديلي و تنازلتي نتي	abry r7t byrw t3 sw dyrktrys lmtkhsa fy mn7 fy kharj 9atly l79ty rwtar rah fat dyly w tnazlty nty	그다음 해외 장학금을 담당하는 부원장실에 갔어. 그녀는 내가 늦게 왔고 마감일이 지났으며 내가 포기했다고 말했어.	Then I went to the office of the deputy director responsible for scholarships abroad. She told me I had arrived late, that the deadline had passed, and that I had given up.	MADOran_Sentences.tsv:Sentno=245	ORAN_R2					
ODC-000114	A2	school_work	school and work	قاتلي اه حنا خاطينا قتلها واه انا مانيش نحصل فيك اني نقولك شا صرا دروك جبتهلك باش ترسلوهلي عاونوني	9atly ah 7na khatyna 9tlha wah ana manych n7sl fyk any n9wlk cha sra drwk jbthlk bach trslwhly 3awnwny	그녀는 우리 책임이 아니라고 말했어. 나는 당신을 탓하는 게 아니라 무슨 일이 있었는지 말하는 거라고 했어. 보내 달라고 가져왔으니 도와 달라고 했어.	She told me, We are not responsible. I said, I am not accusing you; I am telling you what happened. I brought it so you could send it; help me.	MADOran_Sentences.tsv:Sentno=247	ORAN_R2					
ODC-000115	A2	school_work	school and work	قاتلي صعيبة و ديجا رسلنا دوصيات و منا و قعدو يشكلو عليا قلتلها قتولي لولا غي جيليه و دروك كي جبته خرجتولي بحاجة وخدوخرة	9atly s3yba w dyja rslna dwsyat w mna w 93dw ychklw 3lya 9ltlha 9twly lwla ghy jylyh w drwk ky jbth khrjtwly b7aja wkhdwkhra	그녀는 어렵고 이미 서류들을 보냈다며 계속 일을 복잡하게 만들었어. 나는 “처음에는 그냥 가져오라고 했는데, 이제 가져오니 또 다른 걸 요구하잖아요”라고 했어.	She told me it was difficult and that they had already sent the dossiers, and they kept making things difficult for me. I told her, “At first you told me just to bring it, but now that I brought it, you are asking for something else.”	MADOran_Sentences.tsv:Sentno=248	ORAN_R2					
ODC-000116	A2	school_work	school and work	ايا حكا مع عمي قاله كوزين تاعي كلاست ماجوغ دو برومو في جامعة تع وهران و صرالها بروبلام و ودرولها دوصيي	aya 7ka m3 3my 9alh kwzyn ta3y klast majwgh dw brwmw fy jam3a t3 whran w sralha brwblam w wdrwlha dwsyy	그가 내 삼촌에게 자기 사촌이 오랑대학교에서 반 1등을 했지만 문제가 생겨 서류를 잃어버렸다고 말했어.	Then he spoke with my uncle and told him that his cousin had ranked first in her class at the University of Oran, but a problem occurred and her dossier was lost.	MADOran_Sentences.tsv:Sentno=253	ORAN_R2					
ODC-000117	A2	school_work	school and work	مهم حمد لله لقيت فقروب تع فيسبوك بلي هادوك دوسيات لي رسلوهم مشي كاملين و الأردن عاودت رجعتهم للجزاير قاتلهم مينقبلوش حتى يكملو وثاى ءق	mhm 7md llh l9yt f9rwb t3 fysbwk bly hadwk dwsyat ly rslwhm mchy kamlyn w alardn 3awdt rj3thm lljzayr 9atlhm myn9blwch 7ta ykmlw wtha2i9	페이스북 그룹에서 그들이 보낸 서류가 완전하지 않았다는 것을 알게 됐어. 요르단 측은 서류가 완성될 때까지 받지 않겠다며 그것들을 알제리로 돌려보냈어.	I found on a Facebook group that the dossiers they sent were incomplete. Jordan sent them back to Algeria and said they would not accept them until the documents were complete.	MADOran_Sentences.tsv:Sentno=260	ORAN_R2					
ODC-000118	A2	school_work	school and work	كي شفتها فرحت قلت سبحان الله هاكا كي يعودوا يرسلو للجامعة الأردنية يرسلودوصيي تاعي معاهم باسكو تاعي كامل فيه كلشي ماغديش يرفضوه حمد الله	ky chftha fr7t 9lt sb7an allh haka ky y3wdwa yrslw lljam3a alardnya yrslwdwsyy ta3y m3ahm baskw ta3y kaml fyh klchy maghdych yrfdwh 7md allh	그걸 보고 기뻤어. 요르단대학교로 서류를 보낼 때 내 서류도 함께 보내는데, 내 서류에는 모든 것이 들어 있어서 거절하지 않을 거야. 하느님께 감사해.	When I saw it, I was happy. When they send the dossiers to the Jordanian university, they send mine with them because mine has everything, so they will not reject it, thank God.	MADOran_Sentences.tsv:Sentno=261	ORAN_R2					
ODC-000119	A2	school_work	school and work	سي الياس سمحلي علابالي مشي وقتها بصح لازم تقول للوالدة غدوة نشاء الله تجيني للمكتب في موضوع مهم سمحلي .	sy alyas sm7ly 3labaly mchy w9tha bs7 lazm t9wl llwalda ghdwa ncha2 allh tjyny llmktb fy mwdw3 mhm sm7ly .	일리아스 씨, 미안해요. 지금이 적절한 때가 아닌 건 알지만, 중요한 일이 있으니 어머니께 내일 제 사무실로 오시라고 전해 주세요. 죄송해요.	Mr Ilyas, sorry. I know it is not the right time, but please tell your mother to come to my office tomorrow, God willing, about an important matter. Sorry.	MADOran_Sentences.tsv:Sentno=782	ORAN_R2					
ODC-000120	A2	school_work	school and work	وين كنت ? نخدم على شري . نوض كاش ما تنافيقي على روحك نوض قاعد ما دير والو في حياتك .	wyn knt ? nkhdm 3la chry . nwd kach ma tnafy9y 3la rw7k nwd 9a3d ma dyr walw fy 7yatk .	어디 있었어? 먹고살려고 일하고 있었어. 일어나. 적어도 너 자신을 위해 뭔가 해 보려고 해. 일어나, 너는 인생에서 아무것도 하지 않고 있잖아.	Where were you? I was working for my living. Get up; at least try to do something for yourself. Get up, you are doing nothing with your life.	MADOran_Sentences.tsv:Sentno=847	ORAN_R2					
ODC-000121	A2	school_work	school and work	نتا ما تشوف ما والو نخدم نجي , نقابل ناس كي نديرنقطع روحي . بليش دو سا ما عندكش روجيستر دو كومارس .	nta ma tchwf ma walw nkhdm njy , n9abl nas ky ndyrn9t3 rw7y . blych dw sa ma 3ndkch rwjystr dw kwmars .	너는 아무것도 보지 못하잖아. 나는 일하러 가서 사람들을 만나고, 그러다 보면 기진맥진해. 게다가 너에게는 상업 등록증도 없어.	You cannot see anything; I work and come to meet people, and when I do I wear myself out. Also, you do not have a commercial register.	MADOran_Sentences.tsv:Sentno=1111	ORAN_R2					
ODC-000122	A2	school_work	school and work	قتلها كيفاش وينتا هادي انا متنازلتش قاتلي ما جانا حتى رد من جامعة تع وهران قتلها باسكو دفعته و ودروهلي كل خطرة يقولولي بلي رسلناه حتى لقيتاه	9tlha kyfach wynta hady ana mtnazltch 9atly ma jana 7ta rd mn jam3a t3 whran 9tlha baskw df3th w wdrwhly kl khtra y9wlwly bly rslnah 7ta l9ytah	그럴 수가 있어? 언제 그랬어? 나는 포기하지 않았어. 그녀는 오랑대학교에서 아무 답도 오지 않았다고 했어. 나는 서류를 냈고 그들이 잃어버렸다고 말했어. 그들은 보냈다고 계속 말했지만, 결국 내가 찾아냈어.	How can that be? When was this? I did not give it up. She said the University of Oran had not sent any reply. I told her I had submitted it and that they had lost it; every time they said they had sent it, until I found it.	MADOran_Sentences.tsv:Sentno=246	ORAN_R2					
ODC-000123	A1	city_transport	city and transport	أيا حكيلي حكاية هداك سيد نهار بغي تبيع لوطو .	aya 7kyly 7kaya hdak syd nhar bghy tby3 lwtw .	자, 차를 팔고 싶어 했던 남자 이야기를 들려줘.	Come on, tell me the story of the man who wanted to sell his car.	MADOran_Sentences.tsv:Sentno=2	ORAN_R2					
ODC-000124	A1	city_transport	city and transport	ختي مدينة جديدة حتى واحد ما راحلها انا رحتلها قبل رمضان بغيت نطرطق الغاشي بزاف	khty mdyna jdyda 7ta wa7d ma ra7lha ana r7tlha 9bl rmdan bghyt ntrt9 alghachy bzaf	누나, 메디나 제디다에는 아무도 가 본 적이 없었어. 나는 라마단 전에 그곳에 갔고, 사람이 너무 많아서 터질 것 같았어.	Sister, no one had been to Medina Jdida. I went there before Ramadan; there were so many people that I felt like I would burst.	MADOran_Sentences.tsv:Sentno=145	ORAN_R2					
ODC-000125	A1	city_transport	city and transport	هادي هي فيلا واه راك تشوف راك في كارتي كالم و عندك كلشي حداك . مرحبا بيك . نقدندخلو نشوفو ?	hady hya fyla wah rak tchwf rak f karti kalm w 3ndk klchy 7dak . mr7ba bik . n9dr ndkhlo nchwfo ?	여기 빌라가 있어. 봐, 너는 조용한 동네에 있고 주변에 필요한 게 다 있어. 어서 와. 들어가서 볼까?	Here is the villa. As you can see, you are in a quiet neighborhood and everything is nearby. Welcome. Shall we go in and look?	MADOran_Sentences.tsv:Sentno=780	ORAN_R2					
ODC-000126	A2	city_transport	city and transport	و كي جيت فايت و صبتك واقفة تقارعي في بيس حشمت قلت نحبس نوصلك من شوك و حشمة ضربتها بتزغريتة طويلة وعريضة و نضت نصفق و نرقص حسيتها في جنابي هه .	w ky jyt fayt w sbtk wa9fa t9ar3y f bys 7chmt 9lt n7bs nwslk mn chwk w 7chma drbtha btzghryta twila w 3ryda w ndt nsf9 w nr9s 7sitha fy jnaby h h .	내가 지나가다 네가 버스를 기다리는 것을 봤어. 놀라고 쑥스러워서 차를 세워 태워 주겠다고 했고, 긴 환호를 한 뒤 박수를 치고 춤을 췄어. 그 느낌을 내 옆구리에서 느꼈어.	When I came by and saw you waiting for a bus, I felt shocked and embarrassed. I said I would stop to give you a ride, then let out a long ululation, stood clapping and dancing, and felt it in my sides.	MADOran_Sentences.tsv:Sentno=525	ORAN_R2					
ODC-000127	A2	city_transport	city and transport	شارم تع بحر جاي وحده بعدا حنا عندنا شيرات حنا شيرات مين نروحو للبحر جنيغالمون غادي نروحو مع دارنا و والدينا و قاع	charm t3 b7r jay w7dha b3da 7na 3ndna chyrat 7na chyrat myn nrw7w llb7r jnyralmon ghady nrw7w m3a darna w walidyna w 9a3	바다는 저절로 매력이 느껴져. 우리는 여자들이라 바다에 갈 때 보통 가족과 부모님과 함께 가.	The sea has a charm of its own. We women generally go to the beach with our families and parents.	MADOran_Sentences.tsv:Sentno=542	ORAN_R2					
ODC-000128	A1	city_transport	city and transport	عبد القادر : أيا وجد روحك , غادي _ نفوت عليك	3bd al9adr : aya wjd rw7k , ghady _ nfwt 3lyk	준비해. 내가 들를게.	Get ready; I will come by.	MADOran_Sentences.tsv:Sentno=1159	ORAN_R2					
ODC-000129	A1	city_transport	city and transport	عبد القادر : راني جاي , كاش ما نجيبلك معايا	3bd al9adr : rany jay , kach ma njyblk m3aya	나 가고 있어. 뭐라도 가져다줄까?	I am coming. Shall I bring you anything?	MADOran_Sentences.tsv:Sentno=1161	ORAN_R2					
ODC-000130	A2	city_transport	city and transport	أنا كون باغي نحكي على وهران نحكي عليها بفاسون شابة خويا . وهران ترازيام مويوغ بالكون أوموند .	ana kwn baghy n7ky 3la whran n7ky 3lyha bfaswn chaba khwya . whran trazyam mwywgh balkwn awmwnd .	오랑에 대해 이야기한다면 멋지게 이야기할 거야, 형제여. 오랑은 세계에서 세 번째로 좋은 발코니야.	If I wanted to talk about Oran, I would talk about it nicely, brother. Oran is the third-best balcony in the world.	MADOran_Sentences.tsv:Sentno=1215	ORAN_R2					
ODC-000131	A1	city_transport	city and transport	قالك خطرة هواري الدوفان كان عنده حفلة في معسكر , أيا المعسكرية قعدو يقارعوله فالبور	9alk khtra hwary dwfan kan 3ndh 7fla fy m3skr , aya lm3skrya 93dw y9ar3wlh flbwr	한번은 호와리 두판이 마스카라에서 공연을 했고, 마스카라 사람들이 항구에서 그를 기다렸어.	Once, Houari Dauphin had a concert in Mascara, and the people of Mascara waited for him at the port.	MADOran_Sentences.tsv:Sentno=69	ORAN_R2					
ODC-000132	A1	city_transport	city and transport	و قالي راكي راكبة في بيس تاع عايلة هادي عايلتي رايحة للعرس	w 9aly raky rakba fy bys t3 3ayla hady 3aylty ray7a ll3rs	그가 말했어. '너는 가족이 탄 버스를 타고 있어. 이 사람들은 내 가족이고 결혼식에 가는 중이야.'	He said, 'You are riding in a family bus. This is my family, and we are going to a wedding.'	MADOran_Sentences.tsv:Sentno=524	ORAN_R2					
ODC-000133	A1	city_transport	city and transport	هديك لي ظل مدابزة مع الطاكسيات .	hdyk ly zl mdabza m3 altaksyat .	저 사람은 늘 택시 기사들과 다퉈.	That one is always arguing with taxis.	MADOran_Sentences.tsv:Sentno=1283	ORAN_R2					
ODC-000134	A1	city_transport	city and transport	حطني عند دار الضو . زيد قولي ما تعرفش دار ضو نتا بروحك باين بلي ماشي ولد بلاد .	7tny 3nd dar aldw . zyd 9wly ma t3rfch dar dw nta brw7k bayn bly machy wld blad .	다르 에드다우에서 내려 줘. 그런데 다르 에드다우를 모른다고 하니, 너는 분명 이곳 사람이 아니야.	Drop me at Dar ed-Daw. Then tell me you do not know Dar ed-Daw; you are clearly not from here.	MADOran_Sentences.tsv:Sentno=1287	ORAN_R2					
ODC-000135	A1	city_transport	city and transport	نتي شا راه مدخلك راه مفتح عليك نعطيك لادريس تع دار روحي شقيله و صايي .	nty cha rah mdkhlk rah mft7 3lyk n3tyk ladrys t3 dar rw7y ch9ylh w sayy .	그게 너와 무슨 상관이야? 문은 열려 있어. 내가 집 주소를 줄 테니 가서 문을 두드리면 돼.	What is it to you? The door is open for you. I will give you the address of the house; go knock on it and that is all.	MADOran_Sentences.tsv:Sentno=1349	ORAN_R2					
ODC-000136	A2	city_transport	city and transport	بوحد نهار بويكاند جمعة كان حمان بزاف حرقة ديسيدينا نروحو للبحر و نوفتو قاع نهار و نبحروا ايا وجدنا كسكروطات توعنا فريت اومليت و جي و ماء بارد و طيبنا لتاي و قاطو و فطيرة و قاليتات و قضبنا طريق .	bwa7d nhar wikyand jm3a kan 7man bzaf 7r9a disidna nrw7w llb7r w nwftw 9a3 nhar w nb7rw aya wjdna kskrwtat twa3na fryt awmlyt w jy w ma bard w tybna ltay w 9atw w ftyra w 9alyat w 9dbna tri9 .	어느 주말 금요일, 날씨가 아주 더워서 우리는 바다에 가서 하루 종일 수영하기로 했어. 샌드위치와 프리트 오믈렛, 주스와 차가운 물을 준비하고, 차와 케이크, 파이와 갈레트를 챙겨 길을 나섰어.	One hot Friday weekend, we decided to go to the beach and spend the whole day swimming. We prepared sandwiches, fries with omelet, juice and cold water, made tea, cake, pie, and galettes, and set off on the road.	MADOran_Sentences.tsv:Sentno=400	ORAN_R2					
ODC-000137	A2	city_transport	city and transport	رسلوه بعد عناء طويل ايا من بعد وصل ألجي قلعنا حنا تاني لأجي كي وصلنا تاني بروبلام وخداخر دخلت عند واحد لي يشد دوصيات تع لابورس	rslwh b3d 3na2 twyl aya mn b3d wsl aljy 9l3na 7na tany lajy ky wslna tany brwblam wkhdakhr dkhlt 3nd wa7d ly ychd dwsyat t3 labwrs	오랜 노력 끝에 그들은 그것을 보냈고 알제로 도착했어. 우리도 알제로 떠났는데, 도착하니 또 다른 문제가 있어서 장학금 서류를 담당하는 사람에게 갔어.	After a long effort they sent it, and it reached Algiers. We also left for Algiers; when we arrived there was another problem, so I went to the person who handles scholarship dossiers.	MADOran_Sentences.tsv:Sentno=244	ORAN_R2					
ODC-000138	A2	city_transport	city and transport	راه ملخميس قاعد و راه يفوت وقت قاتلي غي متتقلقيش نتي رايحة رايحة خرجتي فمنيستار مكانش لي يقلعهالك	rah mlkhmys 9a3d w rah yfwt w9t 9atly ghy mtt9l9ych nty ray7a ray7a khrjty fmnystar mkanch ly y9l3halk	목요일부터 그대로 있고 시간이 지나고 있어. 그는 걱정하지 말라고 했어. 너는 떠날 거고, 그 일을 부처를 통해 받았으니 아무도 그것을 빼앗을 수 없어.	It has been sitting since Thursday and time is passing. He told me not to worry: you are leaving, and you got it through the ministry, so no one can take it away from you.	MADOran_Sentences.tsv:Sentno=256	ORAN_R2					
ODC-000139	A2	city_transport	city and transport	انا تاني كنت كيفك و مدولي لابورس لفرنسا عشيت في مصر مي مهم رحت تسما نشاء الله بربي تروحي	ana tany knt kyfk w mdwly labwrs lfrnsa 3chyt fy msr my mhm r7t tsma ncha2 allh brby trw7y	나도 너와 같았어. 그들이 나에게 프랑스 장학금을 줬고, 나는 이집트에서 저녁을 보냈지만 결국 갔어. 하느님 뜻대로 너도 가게 될 거야.	I was like you; they gave me a scholarship to France. I spent the evening in Egypt, but in the end I went. God willing, you will go too.	MADOran_Sentences.tsv:Sentno=257	ORAN_R2					
ODC-000140	A2	city_transport	city and transport	وهران مدينة جزاى ءرية كيما تصور فوهران قادر تصور في بجاية في شلف كيما قادر تصور في قسنطينة بلعباس	whran mdyna jaza2irya kyma tswr fwhran 9adr tswr fy bjaya fy chlf kyma 9adr tswr fy 9sntyna bl3bas	오랑은 알제리 도시야. 오랑에서 촬영할 수 있는 것처럼 베자이아, 슐레프, 콘스탄틴, 시디 벨 아베스에서도 촬영할 수 있어.	Oran is an Algerian city. Just as you can film in Oran, you can film in Bejaia, Chlef, Constantine, or Sidi Bel Abbes.	MADOran_Sentences.tsv:Sentno=280	ORAN_R2					
ODC-000141	A2	city_transport	city and transport	كانوا يدوروا بليجيب و لواطا كبار و كانو يروحوا لي كارتيي تع العرب يدوروا فيهم , يروحوا الحمري , مدينة الجديدة , يروحوا للدرب , سيدي هواري قلب وهران علابالك هادوا لي كارتيي , جينرالمون طرقان تاعهم ضيقين .	kanw ydwrw bljyb w lwata kbar w kanw yrw7w lkartiy t3 l3rb ydwrw fyhm , yrw7w l7mry , mdyna ljdida , yrw7w ldrb , sidi hwary 9lb whran 3labalk hado lkartiy , jnyralmon tr9an t3hm dy9yn .	그들은 지프와 큰 차를 타고 다니며 오랑의 아랍인 동네들을 돌아다녔어. 함리, 메디나 제디다, 데르브, 오랑의 중심인 시디 엘후아리에도 갔지. 그 동네들의 길은 대체로 좁아.	They drove around in Jeeps and large cars, visiting Oran's Arab neighborhoods: Hamri, Medina Jdida, Derb, and Sidi El Houari, the heart of Oran. The roads in those neighborhoods are generally narrow.	MADOran_Sentences.tsv:Sentno=1197	ORAN_R2					
ODC-000142	A2	city_transport	city and transport	راهي مور ستاسيون تع كيران تع بتي لاك . و هادي ايستواغ كبيرة تع ليزامريكان مين دخلو لوهران كاش نهار نحكيها لكم .	rahy mwr stasywn t3 kyran t3 bty lak . w hady aystwagh kbyra t3 lyzamrykan myn dkhlw lwhran kach nhar n7kyha lkm .	그곳은 프티 라크 버스 정류장 뒤에 있어. 미국인들이 오랑에 들어왔을 때의 큰 이야기인데, 언젠가 이야기해 줄게.	It is behind the Petit Lac bus station. This is a big story about the Americans entering Oran; I will tell you about it one day.	MADOran_Sentences.tsv:Sentno=1179	ORAN_R2					
ODC-000143	A2	city_transport	city and transport	30 كاتريام بريزيدون تع ليزيتازيني , ايزان هاور , ولده دخل لوهران , دخلها عوم على مداغ و كاش نهار نقولكم علاه دخلها عوم .	30 katryam bryzydwn t3 lyzytazyny , ayzan hawr , wldh dkhl lwhran , dkhlha 3wm 3la mdagh w kach nhar n9wlkm 3lah dkhlha 3wm .	미국의 34대 대통령 아이젠하워의 아들이 오랑에 들어왔어. 그는 마다그에서 헤엄쳐 들어왔고, 왜 그렇게 들어왔는지는 언젠가 말해 줄게.	The son of Eisenhower, the thirty-fourth president of the United States, entered Oran. He entered by swimming from Madagh, and one day I will tell you why he entered that way.	MADOran_Sentences.tsv:Sentno=1184	ORAN_R2					
ODC-000144	A2	city_transport	city and transport	واحد مين يكون عنده كارو . يجرها حمار . هداك مول الكارو مين يبغي باش حمار تاعه يتمشي يقوله أريي مان .	wa7d myn ykwn 3ndh karw . yjrha 7mar . hdak mwl alkarw myn ybghy bach 7mar ta3h ytmchy y9wlh aryy man .	누군가 수레를 가지고 있으면 당나귀가 끌어. 수레 주인이 당나귀를 걷게 하려고 아리 만이라고 말해.	When someone has a cart, a donkey pulls it. When the cart owner wants the donkey to walk, he says, Arri man.	MADOran_Sentences.tsv:Sentno=1195	ORAN_R2					
ODC-000145	A2	city_transport	city and transport	وهران باغمي بورميير فيل اللي عرفوا شوالا أرشيتاكتير عتمانية . و هي بورميير فيل الي كانت فيها وزين باستوس المعروف . وهران حية كبيرة ز كي تبغي تحكي , احكي فري .	whran baghmy brmyr fyl ly 3rfwha chwala arshytiktwr 3tmany . w hya brmyr fyl ly kant fyha wzyn bastws lm3rwf . whran 7ya kbyra z ky tbghy t7ky , 7ky fry .	오랑은 오스만 건축으로 알려진 최초의 도시들 가운데 하나야. 유명한 바스토스 공장이 있던 최초의 도시이기도 해. 오랑은 크고 활기찬 도시니까, 이야기하고 싶다면 자유롭게 말해.	Oran is among the first cities known for Ottoman architecture. It was also the first city to have the famous Bastos factory. Oran is a big, lively city, so if you want to talk about it, speak freely.	MADOran_Sentences.tsv:Sentno=1217	ORAN_R2					
ODC-000146	A2	city_transport	city and transport	في عوام تع 40 مين كانوا هنا ليزاميركان كي دخلوا لوهران كانوا يخرجوا ما يقعدوش غير في البركي الحي تع وهران اللي هو باركينق عند وين كانوا حاطين ماتيريال تاعهم .	fy 3wam t3 40 myn kanw hnaya lyzamyrkan ky dkhlo lwhran kanw ykhrjw ma y9a3dwch ghy f lbrky l7y t3 whran lli hw parkyn9 3nd wyn kanw 7atyn matryal t3hm .	1940년대, 미국인들이 오랑에 들어왔을 때 그들은 오랑의 동네인 파르키에만 머물지 않고 밖으로 나가곤 했어. 그곳은 그들이 장비를 두었던 주차장이었어.	In the 1940s, when the Americans entered Oran, they would go out instead of staying only in Parki, an Oran neighborhood and parking area where they had placed their equipment.	MADOran_Sentences.tsv:Sentno=1196	ORAN_R2					
ODC-000147	A2	city_transport	city and transport	من بعد طلعوا فيه ردوه ديميل و ابري مرقوها ولا 400 دج و كون غي بارك كي ناس مسقم و لا جاي كي بيست و ما فيها والو حتى قدرون و مكانش قلنا معليش مهم يعسها .	mn b3d tl3w fyh rdwh dymyl w abry mr9wha wla 400 dj w kwn ghy park ky nas ms9m wla jay ky byst w ma fyha wlw 7ta 9drwn w makanch 9lna m3lych mhm y3sha .	그다음 요금을 2,000디나르로 올렸다가 400디나르를 받았어. 주차장이 잘 정비되어 있거나 포장도로처럼 되어 있으면 좋았겠지만, 아무것도 없었고 아스팔트조차 없었어. 그래도 우리는 괜찮다고 했어. 중요한 건 관리되고 있다는 거였지.	Then they raised the fee to 2,000 dinars and later charged 400 dinars. If only the parking area had been maintained or paved like a proper road; it had nothing, not even asphalt. Still, we said it was fine as long as it was watched.	MADOran_Sentences.tsv:Sentno=404	ORAN_R2					
ODC-000148	A1	city_transport	city and transport	نكملها أبيي خير لي . وين راكي رايحة ختي ? راني رايحة للدار . قزان أنا وين نعرف داركم .	nkmlha abyy khyr ly . wyn raky ray7a khty ? rany ray7a lldar . 9zan ana wyn n3rf darkm .	나머지는 차라리 걸어서 끝내는 게 낫겠어. 누나, 어디 가? 나는 집에 가. 사촌아, 네 집이 어디인지 내가 어떻게 알겠어?	I would rather finish the rest on foot. Where are you going, sister? I am going home. Cousin, how would I know where your house is?	MADOran_Sentences.tsv:Sentno=1285	ORAN_R2					
ODC-000151	A1	body_health	body and health	أيا واي طيحتني براس ما ما راني قاعدها .	aya way ty7tny bras ma ma rany 9a3dha .	아, 머리를 부딪혔어. 나는 여기 앉아 있어.	Oh, it hit me in the head; I am sitting here.	MADOran_Sentences.tsv:Sentno=692	ORAN_R2					
ODC-000152	A1	body_health	body and health	صحا ختي روحي . نريان صباح خير . صباح خير حبيبتي كيراكي ? غاية .	s7a khty rw7y . nryan sba7 khyr . sba7 khyr 7bybty kyraky ? ghaya .	좋은 아침이야, 자기야. 잘 지내? 좋아.	Good morning, my dear. How are you? Fine.	MADOran_Sentences.tsv:Sentno=838	ORAN_R2					
ODC-000156	A1	body_health	body and health	عبد القادر : كيراك داير	3bd al9adr : kyrak dayr	압델카데르: 잘 지내?	Abdelkader: How are you doing?	MADOran_Sentences.tsv:Sentno=1149	ORAN_R2					
ODC-000157	A1	body_health	body and health	عبد القادر : لاباس	3bd al9adr : labas	압델카데르: 괜찮아.	Abdelkader: Fine.	MADOran_Sentences.tsv:Sentno=1151	ORAN_R2					
ODC-000161	A1	body_health	body and health	خالتي حليمة كيراكي ? كيراك ولدي راكي غاية ? صحتك لاباس . غاية حمد لله . الله يحفظك ميمتي .	khalty 7lyma kyraky ? kyrak wldy raky ghaya ? s7tk labas . ghaya 7md llh . allh y7fzk mymty .	할리마 이모, 잘 지내? 얘야, 너는 어때? 잘 지내고 건강하지? 좋아, 하느님께 감사해. 하느님이 지켜 주시길 바라, 엄마.	Aunt Halima, how are you? How are you, my son? Are you well? Is your health okay? Fine, thank God. May God protect you, Mom.	MADOran_Sentences.tsv:Sentno=905	ORAN_R2					
ODC-000163	A2	body_health	body and health	خالتي زوليخة كيراكي غاية لاباس ? غايا ميمتي الله يحفظك . مرزاق كيراك ? كيراكي دليلة ? وين كنت ? عندك سيمانة مبنتش .	khalty zwlykha kyraky ghaya labas ? ghaya mymty allh y7fzk . mrza9 kyrak ? kyraky dlyla ? wyn knt ? 3ndk symana mbntch .	줄라이카 이모, 잘 지내? 잘 지내, 엄마. 하느님이 지켜 주시길 바라. 마르주크, 너는 어때? 달릴라, 너는 어때? 어디 있었어? 일주일 동안 보이지 않았어.	Aunt Zuleikha, how are you? Fine, Mom. May God protect you. Marzouk, how are you? Dalila, how are you? Where were you? You have not appeared for a week.	MADOran_Sentences.tsv:Sentno=906	ORAN_R2					
ODC-000168	A2	body_health	body and health	و من بعد كي زعما تقرب لافان تع عرس كي تكوني تسيلي بعرق عطشانة مهم كي تكوني فريمون فريمون عيانة نلبس حيا سامبل منديرش دجين كي تكوني تسيلي بعرق ميدخولكش .	w mn b3d ky z3ma t9rb lafan t3 3rs ky tkwny tsily b3r9 3tchana mhm ky tkwny frymwn frymwn 3yana nlbs 7ya sambl mndyrch djyn ky tkwny tsily b3r9 mydkhlkch .	그리고 결혼식이 끝날 무렵, 네가 땀을 흘리고 목이 마를 때, 특히 네가 아주 지쳤을 때 나는 간단한 옷을 입어. 나는 청바지를 입지 않아. 네가 땀을 흘릴 때는 청바지가 잘 맞지 않기 때문이야.	And later, near the end of the wedding, when you are sweating and thirsty, especially when you are really exhausted, I wear something simple; I do not wear jeans, because when you are sweating they do not go on well.	MADOran_Sentences.tsv:Sentno=580	ORAN_R2					
ODC-000169	A2	body_health	body and health	الطبيب قال للسكريتيرة جيبيلي قرعة رقم 22	tbib 9al lskritira jibli 9r3a r9m 22	의사가 비서에게 22번 병을 가져오라고 말했어.	The doctor told the secretary to bring bottle number 22.	MADOran_Sentences.tsv:Sentno=944	ORAN_R2					
ODC-000170	A2	body_health	body and health	ويي سافا كيراكي ? . راني جاي منطولش عليك . كانت باينة بنت الناس مسكينة عليها دعوة الشر . مانيش عارفة شا عجبها فيك . عينيا ضروني هاد الألوان ختي اللي راكي مخلطتهم , قوس قزح . هاهو وجهي الا لقيتي راجل .	wy sfa kyraky ? . rani jay mntwlch 3lik . kant bayna bnt nas mskyna 3liha d3wa chr . manich 3arfa cha 3jbha fik . 3ynya drwni had l lwan khty lly raky mkhltthm , 9ws 9z7 . hahw wjhy ila l9iti rjl .	안녕, 잘 지내? 곧 갈게. 그 여자는 불쌍해 보였고 불운을 겪고 있었어. 그녀가 네게서 무엇을 좋아하는지 모르겠어. 네가 섞은 이 무지개색 때문에 내 눈이 아파. 여기 내 얼굴이야, 남자를 찾으면.	Hi, how are you? I am coming soon. She looked like a poor woman with bad luck. I do not know what she likes about you. My eyes hurt because of these rainbow colors you mixed. Here is my face, if you find a man.	MADOran_Sentences.tsv:Sentno=1240	ORAN_R2					
ODC-000171	A2	body_health	body and health	ألو كابيني ميديكال تع راجلي . تع دكتور قندسي . باغي نحجي نفوت ختي دكتور قندسي راه هنا . لا ما راهش هنا ليوم غدوة ادا بغيتي علاه وين راه ?	alw kabyny mydykal t3 rajly . t3 dktwr 9ndsy . baghy n7jy nfwt khty dktwr 9ndsy rah hna . la ma rahch hna lywm ghdwa ada bghyty 3lah wyn rah ?	여보세요, 남편의 병원인 칸두시 의사 진료실인가요? 들어가고 싶어요. 칸두시 의사 선생님이 여기 있나요? 아니요, 오늘은 안 계세요. 원하면 내일 오세요. 왜요, 선생님은 어디 계세요?	Hello, is this my husband's medical clinic, Dr Qandoussi's? I want to come by, sister. Is Dr Qandoussi here? No, he is not here today; come tomorrow if you want. Why, where is he?	MADOran_Sentences.tsv:Sentno=1348	ORAN_R2					
ODC-000172	A2	body_health	body and health	جزائري راح لفرنسا دار عيادة طبية .	jzayry ra7 lfrnsa dar 3yada tbya .	한 알제리 사람이 프랑스로 가서 진료소를 열었어.	An Algerian went to France and opened a medical clinic.	MADOran_Sentences.tsv:Sentno=938	ORAN_R2					
ODC-000175	A1	food_shopping	food and shopping	انا هكا ندير و نزيد شوية حشيش تع كرافس الي درناه خطرة لولا	ana hka ndyr w nzyd chwya 7chych t3 krafs aly drnah khtra lwla	나는 이렇게 하고, 전에 썼던 셀러리를 조금 더 넣어.	That is how I do it, and I add a little celery that we used earlier.	MADOran_Sentences.tsv:Sentno=375	ORAN_R2					
ODC-000176	A1	food_shopping	food and shopping	كي تطحنيها ادا خرجت تقيلة تزيدلها غير شوية ما حامي بزاف غير ادا شفتيها تقيلة	ky tt7nyha ada khrjt t9yla tzydlha ghyr chwya ma 7amy bzaf ghyr ada chftyha t9yla	갈고 나서 너무 걸쭉하면, 걸쭉해 보일 때 뜨거운 물을 조금만 더 넣어.	If it comes out thick after blending, add only a little hot water if you see that it is thick.	MADOran_Sentences.tsv:Sentno=379	ORAN_R2					
ODC-000178	A1	food_shopping	food and shopping	قدبي قدرة و ديري فيها ماء و فرغي ديك كروطة بيها بصوالحها فكسكاس وخليها تفور	9dby 9dra w dyry fyha ma2 w frghy dyk krwta byha bswal7ha fkskas wkhlyha tfwr	냄비를 가져와 물을 넣고, 당근과 재료를 쿠스쿠스 찜기에 부은 다음 쪄.	Take a pot, put water in it, empty the carrot and its ingredients into a couscous steamer, and let it steam.	MADOran_Sentences.tsv:Sentno=389	ORAN_R2					
ODC-000179	A1	food_shopping	food and shopping	واه شوفي توجدي كيلو تع كلمار تنقيه قاع من داخل و من برا و وخريه على جهة	wah chwfy twjdy kylw t3 klmar tn9yh 9a3 mn dakhl w mn bra w wkhryh 3la jha	오징어 1킬로를 준비해서 안팎을 깨끗이 손질한 뒤 한쪽에 두어.	Prepare one kilo of squid, clean it completely inside and out, and set it aside.	MADOran_Sentences.tsv:Sentno=392	ORAN_R2					
ODC-000180	A1	food_shopping	food and shopping	و تقضبي كل كلمار تعمرها بلفاخص تع روز و تبلعيها بكيردون .	w t9dby kl klmar t3mrha blfakhs t3 rwz w tbl3yha bkyrdwn .	오징어 하나하나에 쌀소를 채우고 이쑤시개로 닫아.	Take each squid, fill it with rice stuffing, and close it with a toothpick.	MADOran_Sentences.tsv:Sentno=394	ORAN_R2					
ODC-000181	A1	food_shopping	food and shopping	و منبعد يقسمو علينا قاطو منوع و قهوة و لاتاي و تكمل سهرة و ناس تشور .	w mnb3d y9smw 3lyna 9atw mnw3 w 9hwa w latay w tkml shra w nas tchwr .	그다음 여러 가지 과자와 커피, 차를 나누고 저녁은 사람들이 이야기를 나누며 끝나.	Then they distribute assorted cake, coffee, and tea, and the evening ends with people chatting.	MADOran_Sentences.tsv:Sentno=419	ORAN_R2					
ODC-000182	A1	food_shopping	food and shopping	شا باغية طيبي ? حريرة . حريرة كل يوم حريرة .	cha baghya tyby ? 7ryra . 7ryra kl ywm 7ryra .	무엇을 요리하고 싶어? 하리라. 매일 하리라, 하리라.	What do you want to cook? Harira. Harira every day, harira.	MADOran_Sentences.tsv:Sentno=849	ORAN_R2					
ODC-000183	A1	food_shopping	food and shopping	شا هي ما راني نخبز . خلي أنا نكمله غير نوضي هداك مطلوع أنا نكمله .	cha hy ma rany nkhbz . khly ana nkmlh ghyr nwdy hdak mtlw3 ana nkmlh .	뭐야? 나 지금 빵을 굽고 있어. 놔둬, 내가 끝낼게. 그 마틀루 빵만 들어 줘. 내가 마무리할게.	What is it? I am baking. Leave it; I will finish it. Just lift that matlou bread; I will finish it.	MADOran_Sentences.tsv:Sentno=1042	ORAN_R2					
ODC-000184	A1	food_shopping	food and shopping	سؤال زاوج هو يكون شا هي احسن ماكلة جزايرية تعجبك ?	swal zawj hw ykwn cha hy a7sn makla jzayrya t3jbk ?	두 번째 질문이야. 어떤 알제리 음식이 가장 좋아?	Question two: which Algerian food do you like best?	MADOran_Sentences.tsv:Sentno=563	ORAN_R2					
ODC-000185	A1	food_shopping	food and shopping	سؤال رابع احسن حلو جزايري يعجبك ?	swal rab3 a7sn 7lw jzayry y3jbk ?	네 번째 질문이야. 어떤 알제리 디저트가 가장 좋아?	Question four: which Algerian dessert do you like best?	MADOran_Sentences.tsv:Sentno=567	ORAN_R2					
ODC-000186	A1	food_shopping	food and shopping	المكراشة : شا بغيت نقولك نروحوا عشية عند مصطفى نفطروا , بصح راها عاد 8 .	almkracha : cha bghyt n9wlk nrw7wa 3chya 3nd mstfa nftrwa , bs7 raha 3ad 8 .	내가 말하려던 건, 오늘 저녁 무스타파네에 가서 이프타르를 먹자는 거야. 그런데 아직 8시밖에 안 됐어.	What I wanted to tell you is: let's go have iftar at Mustafa's this evening, but it is only eight.	MADOran_Sentences.tsv:Sentno=1306	ORAN_R2					
ODC-000187	A1	food_shopping	food and shopping	لا بنتي حمد لله شبعنا . جيبوا ناكلهم وحدي نتوما ماشي وجه مملحات . هودي تحت بيعيهم .	la bnty 7md llh chb3na . jybwa naklhm w7dy ntwma machy wjh mml7at . hwdy t7t by3yhm .	아니, 얘야. 하느님께 감사하게 우리는 배불러. 그것들을 가져와. 내가 혼자 먹을게. 너희는 과자를 좋아하지 않으니 아래로 가져가서 팔아.	No, my daughter, thank God we are full. Bring them; I will eat them alone. You are not fans of pastries, so take them downstairs and sell them.	MADOran_Sentences.tsv:Sentno=1246	ORAN_R2					
ODC-000188	A2	food_shopping	food and shopping	نحطو زوج حبات بصل متوسطين و لا حبة كبيرة . قطعتها غي هاك طراف طراف باسكو ابري غادي تنطحن و حطيت تاني معها ثوم .	n7tw zwj 7bat bsl mtwstyn w la 7ba kbyra . 9t3tha ghy hak traf traf baskw abry ghady tnt7n w 7tyt tany m3ha thwm .	중간 크기 양파 두 개나 큰 양파 한 개를 넣어. 나중에 갈 거라서 대충 썰고, 마늘도 함께 넣어.	We put in two medium onions or one large one. I cut it roughly because it will be blended later, and I also put garlic with it.	MADOran_Sentences.tsv:Sentno=366	ORAN_R2					
ODC-000189	A2	food_shopping	food and shopping	دروك حريرة تاعي راهي تتقلى هنا لولا نعطروها نديرولها حرور نص مغرف , بابريكا تاني نص مغرف مغرف تع قهوة سكنجبير نص مغرف كركم	drwk 7ryra ta3y rahy tt9la hna lwla n3trwha ndyrwlha 7rwr ns mghrf , babryka tany ns mghrf mghrf t3 9hwa sknjbyr ns mghrf krkm	지금 내 하리라를 볶고 있어. 먼저 매운 고추 반 숟가락, 파프리카 반 숟가락, 커피 숟가락 하나의 생강, 강황 반 숟가락으로 맛을 내.	My harira is frying now. First I flavor it with half a spoon of hot pepper, half a spoon of paprika, a coffee spoon of ginger, and half a spoon of turmeric.	MADOran_Sentences.tsv:Sentno=370	ORAN_R2					
ODC-000190	A2	food_shopping	food and shopping	هنا ليزبيس هوما صح تع حريرة متقلوليش راكي تكتري و لا باسكو هادي هي حريرة تجي منكهة و متبلة بهم	hna lyzbys hwma s7 t3 7ryra mt9lwlych raky tktry w la baskw hady hy 7ryra tjy mnkha w mtbla bhm	이것들이 하리라에 맞는 향신료야. 너무 많이 넣는다고 하지 마. 이 향신료가 하리라에 풍미와 양념 맛을 내.	These are the proper spices for harira. Do not tell me that I am adding too much, because they make the harira flavorful and seasoned.	MADOran_Sentences.tsv:Sentno=371	ORAN_R2					
ODC-000191	A2	food_shopping	food and shopping	دروك نخلطو قاع ليزبيس خفيف باش متنحرقليش كيما راكم تشوفو بدات تغلي بادت تتلقلي داك ما مع خضرة و كلشي	drwk nkhltw 9a3 lyzbys khfyf bach mtn7r9lych kyma rakm tchwfw bdat tghly badt ttl9ly dak ma m3 khdra w klchy	이제 향신료가 타지 않도록 가볍게 모두 섞어. 보다시피 채소와 재료가 든 국물이 끓기 시작했어.	Now we mix all the spices lightly so they do not burn. As you can see, the liquid with the vegetables and everything has started boiling.	MADOran_Sentences.tsv:Sentno=373	ORAN_R2					
ODC-000192	A2	food_shopping	food and shopping	من بعد هادو نقلعوهم غي باش يتلقو بنة دروك بالما حامي نمرق حريرة تاعي متكتريش بزاف غي باش ليزبيس مينحرقوش و تكون مرقة نخلوها تغلي	mn b3d hadw n9l3whm ghy bach ytl9w bna drwk balma 7amy nmr9 7ryra ta3y mtktrych bzaf ghy bach lyzbys myn7r9wch w tkwn mr9a nkhlwha tghly	맛을 내기 위해 이것들을 건져 낸 뒤 하리라에 뜨거운 물을 너무 많지 않게 넣어. 향신료가 타지 않고 국물이 되도록 끓여 둬.	After removing these just for flavor, I add hot water to my harira, not too much, so the spices do not burn and it becomes broth. I let it boil.	MADOran_Sentences.tsv:Sentno=376	ORAN_R2					
ODC-000193	A2	food_shopping	food and shopping	باش ديري شرمولة تع كروطة نقي كروطة و قطعيها دوار دوار ملحيها رابي ثوم و قسبر و معدنوس في رحبا	bach dyry chrmwla t3 krwta n9y krwta w 9t3yha dwar dwar ml7yha raby thwm w 9sbr w m3dnws fy r7ba	당근 샤르물라를 만들려면 당근을 깨끗이 씻어 둥글게 썰어. 소금을 치고 절구에 마늘, 고수, 파슬리를 갈아.	To make carrot charmoula, clean the carrots and cut them into rounds. Salt them, then grate garlic, coriander, and parsley in a mortar.	MADOran_Sentences.tsv:Sentno=388	ORAN_R2					
ODC-000194	A2	food_shopping	food and shopping	وفاء بغيت نسقسيك هديك كلمار بروز لي درتيها بغيت لاغوسات كي درتيلها غي بشوية باغية نديرها جات فخاطري .	wfa2 bghyt ns9syk hdyk klmar brwz ly drtyha bghyt laghwsat ky drtylha ghy bchwya baghya ndyrha jat fkhatry .	와파, 네가 만든 쌀을 넣은 오징어에 대해 물어보고 싶어. 레시피를 원해—어떻게 만들었는지 천천히 말해 줘. 나도 만들어 보고 싶어.	Wafaa, I want to ask you about that squid with rice you made. I want the recipe—tell me slowly how you made it; I feel like making it.	MADOran_Sentences.tsv:Sentno=391	ORAN_R2					
ODC-000195	A2	food_shopping	food and shopping	و فتيتة ملح متكتريش باسكو را نا ديجا دايريين فروز و فتيتة حرور فتيتة كركب و نص عود قرفة و ورقة تع رند	w ftyta ml7 mtktrych baskw ra na dyja dayryyn frwz w ftyta 7rwr ftyta krkb w ns 3wd 9rfa w wr9a t3 rnd	소금을 조금만 넣어, 너무 많이 넣지 마. 이미 밥에 넣었고, 매운 고추 조금, 강황 조금, 계피 스틱 반 개와 월계수 잎도 넣었어.	Add just a little salt, not too much, because we already put some in the rice, plus a little hot pepper, a little turmeric, half a cinnamon stick, and a bay leaf.	MADOran_Sentences.tsv:Sentno=396	ORAN_R2					
ODC-000196	A2	food_shopping	food and shopping	وديري مغرف تع قهوة طماطيس كوسنتري و ديري زوج كيسان تع ما و خلي هاديك لاصوص طيب غايا .	wdyry mghrf t3 9hwa tmatys kwsntry w dyry zwj kysan t3 ma w khly hadyk lasws tyb ghaya .	토마토 페이스트 한 커피 숟가락과 물 두 컵을 넣고 소스가 잘 익게 둬.	Add a coffee spoon of tomato concentrate and two glasses of water, and let the sauce cook well.	MADOran_Sentences.tsv:Sentno=397	ORAN_R2					
ODC-000198	A2	food_shopping	food and shopping	متخليهاش لاصوص تنشف بزاف تخسرلك واحد عشر دقايق هادا مكان و قضبي قاع كلمار و ستفيه فلكيكوطة مع ديك لاصوص و تبلعي عليه	mtkhlyhach lasws tnchf bzaf tkhsrlk wa7d 3chr d9ay9 hada mkan w 9dby 9a3 klmar w stfyh flkykwta m3 dyk lasws w tbl3y 3lyh	소스가 너무 마르지 않게 해. 10분 정도 걸리면 오징어를 모두 소스와 함께 압력솥에 가지런히 넣고 덮어.	Do not let the sauce dry too much; it will take about ten minutes. Then take all the squid and arrange it in the pressure cooker with the sauce, and cover it.	MADOran_Sentences.tsv:Sentno=398	ORAN_R2					
ODC-000199	A2	food_shopping	food and shopping	خليه وحد 10 دقابق حتى ربع ساعة و طفي و بصحتك بنينة بزاف فدار كي سييته مشبعوش منها و سييها و ردلي خبر صحيتي لا بلا جميل .	khlyh w7d 10 d9ab9 7ta rb3 sa3a w tfy w bs7tk bnyna bzaf fdar ky syyth mchb3wch mnha w syyha w rdly khbr s7yty la bla jmyl .	10분에서 15분 정도 두었다가 불을 꺼. 맛있게 먹어, 정말 맛있어. 내가 집에서 해 보니 사람들이 질리지 않고 계속 먹었어. 너도 해 보고 소식 알려 줘. 고마워, 천만에.	Leave it for ten minutes to a quarter of an hour, then turn it off. Enjoy; it is very tasty. When I tried it at home, they couldn't get enough of it. Try it and let me know. Thank you. You're welcome.	MADOran_Sentences.tsv:Sentno=399	ORAN_R2					
ODC-000200	A2	food_shopping	food and shopping	كاين وصيت دليلة تجيبلنا دي سوندويش . قاع دراهم لي عندنا و مازلنا ناكلو لي سوندويتش تع دليلة و دراهم علاه منخزنوهمش هنا ?	kayn wsyt dlyla tjyblna dy swndwych . 9a3 drahm ly 3ndna w mazlna naklw ly swndwytch t3 dlyla w drahm 3lah mnkhznwhmch hna ?	내가 달릴라에게 샌드위치를 가져와 달라고 부탁했어. 우리가 가진 돈이 있는데도 계속 달릴라의 샌드위치를 먹고 있어. 돈을 여기 보관하는 게 어때?	I asked Dalila to bring us sandwiches. With all the money we have, we are still eating Dalila's sandwiches; why don't we keep the money here?	MADOran_Sentences.tsv:Sentno=925	ORAN_R2					
