id	field	corrected_value	reason
OD-0591	ko	우리는 그것을 그녀에게 비유한다	자연스러운 한국어 및 형태·접사 해석 교정
OD-0591	en	we liken it to her	영어 문법·시제·인칭 및 의미 교정
OD-0592	ko	그들은 그들에게 전화한다	자연스러운 한국어 및 형태·접사 해석 교정
OD-0592	en	they call them	영어 문법·시제·인칭 및 의미 교정
OD-0594	ko	우리는 그녀를/그것을 내버려 둔다	자연스러운 한국어 및 형태·접사 해석 교정
OD-0594	en	we leave her/it alone	영어 문법·시제·인칭 및 의미 교정
OD-0596	ko	그들은 그에게 말한다	자연스러운 한국어 및 형태·접사 해석 교정
OD-0596	en	they tell him	영어 문법·시제·인칭 및 의미 교정
OD-0597	ko	그는 그들에게 말한다	자연스러운 한국어 및 형태·접사 해석 교정
OD-0597	en	he tells them	영어 문법·시제·인칭 및 의미 교정
OD-0599	ko	그는 너에게 말한다	자연스러운 한국어 및 형태·접사 해석 교정
OD-0599	en	he tells you	영어 문법·시제·인칭 및 의미 교정
OD-0600	ko	그가 너를 지켜 주기를 바란다	자연스러운 한국어 및 형태·접사 해석 교정
OD-0600	en	may God keep you safe	영어 문법·시제·인칭 및 의미 교정
OD-0601	ko	그들은 계속 머물렀다	자연스러운 한국어 및 형태·접사 해석 교정
OD-0601	en	they stayed / kept on	영어 문법·시제·인칭 및 의미 교정
OD-0602	ko	그는 없었다	자연스러운 한국어 및 형태·접사 해석 교정
OD-0602	en	he was not there / did not exist	영어 문법·시제·인칭 및 의미 교정
OD-0604	ko	나는 그녀에게/그것에 대해 말한다	자연스러운 한국어 및 형태·접사 해석 교정
OD-0604	en	I tell her / say it	영어 문법·시제·인칭 및 의미 교정
OD-0605	ko	나는 너희에게 이야기해 준다	자연스러운 한국어 및 형태·접사 해석 교정
OD-0605	en	I tell you (pl.)	영어 문법·시제·인칭 및 의미 교정
OD-0606	ko	그는 그에게 말한다	자연스러운 한국어 및 형태·접사 해석 교정
OD-0606	en	he tells him	영어 문법·시제·인칭 및 의미 교정
OD-0607	ko	너(남성 단수)는 할 수 없다	자연스러운 한국어 및 형태·접사 해석 교정
OD-0607	en	you (m.sg.) cannot	영어 문법·시제·인칭 및 의미 교정
OD-0611	ko	너는 나를 이해했다	자연스러운 한국어 및 형태·접사 해석 교정
OD-0611	en	you understood me	영어 문법·시제·인칭 및 의미 교정
OD-0613	ko	그들은 그것(여성형)을 했다	자연스러운 한국어 및 형태·접사 해석 교정
OD-0613	en	they did it (f.)	영어 문법·시제·인칭 및 의미 교정
OD-0614	ko	나는 몰랐다	자연스러운 한국어 및 형태·접사 해석 교정
OD-0614	en	I did not know	영어 문법·시제·인칭 및 의미 교정
OD-0615	ko	그는 할 수 없다	자연스러운 한국어 및 형태·접사 해석 교정
OD-0615	en	he cannot	영어 문법·시제·인칭 및 의미 교정
OD-0616	ko	그는 그에게 자비를 베푼다	자연스러운 한국어 및 형태·접사 해석 교정
OD-0616	en	he has mercy on him	영어 문법·시제·인칭 및 의미 교정
OD-0617	ko	너(남성 단수)는 그에게 묻는다	자연스러운 한국어 및 형태·접사 해석 교정
OD-0617	en	you (m.sg.) ask him	영어 문법·시제·인칭 및 의미 교정
OD-0618	ko	그것이 네 마음에 든다	자연스러운 한국어 및 형태·접사 해석 교정
OD-0618	en	you like it	영어 문법·시제·인칭 및 의미 교정
OD-0619	ko	그는 너를 내버려 둔다/하게 둔다	자연스러운 한국어 및 형태·접사 해석 교정
OD-0619	en	he leaves you / lets you	영어 문법·시제·인칭 및 의미 교정
OD-0620	ko	나는 늦지 않는다	자연스러운 한국어 및 형태·접사 해석 교정
OD-0620	en	I am not late	영어 문법·시제·인칭 및 의미 교정
OD-0621	ko	나는 그녀를/그것을 가져온다	자연스러운 한국어 및 형태·접사 해석 교정
OD-0621	en	I bring her/it	영어 문법·시제·인칭 및 의미 교정
OD-0622	ko	너(남성 단수)는 그녀를/그것을 내버려 둔다	자연스러운 한국어 및 형태·접사 해석 교정
OD-0622	en	you (m.sg.) leave her/it alone	영어 문법·시제·인칭 및 의미 교정
OD-0623	ko	그들은 나에게 해 주었다	자연스러운 한국어 및 형태·접사 해석 교정
OD-0623	en	they did it for me	영어 문법·시제·인칭 및 의미 교정
OD-0624	ko	그들은 나에게 주었다	자연스러운 한국어 및 형태·접사 해석 교정
OD-0624	en	they gave me	영어 문법·시제·인칭 및 의미 교정
OD-0628	ko	나는 너를 데려다준다	자연스러운 한국어 및 형태·접사 해석 교정
OD-0628	en	I take you / get you there	영어 문법·시제·인칭 및 의미 교정
OD-0629	ko	나는 원하지 않는다	자연스러운 한국어 및 형태·접사 해석 교정
OD-0629	en	I do not want	영어 문법·시제·인칭 및 의미 교정
OD-0630	ko	나는 모른다	자연스러운 한국어 및 형태·접사 해석 교정
OD-0630	en	I do not know	영어 문법·시제·인칭 및 의미 교정
OD-0631	ko	나는 너를 사랑한다	자연스러운 한국어 및 형태·접사 해석 교정
OD-0631	en	I love you (m.sg.)	영어 문법·시제·인칭 및 의미 교정
OD-0632	ko	나는 할 수 없다	자연스러운 한국어 및 형태·접사 해석 교정
OD-0632	en	I cannot	영어 문법·시제·인칭 및 의미 교정
OD-0634	ko	나는 너를 위해 잡아 준다	자연스러운 한국어 및 형태·접사 해석 교정
OD-0634	en	I hold it for you	영어 문법·시제·인칭 및 의미 교정
OD-0638	ko	나는 그것(여성형)에 대해 이야기한다	자연스러운 한국어 및 형태·접사 해석 교정
OD-0638	en	I talk about it (f.)	영어 문법·시제·인칭 및 의미 교정
OD-0639	ko	너(남성 단수)는 모른다	자연스러운 한국어 및 형태·접사 해석 교정
OD-0639	en	you (m.sg.) do not know	영어 문법·시제·인칭 및 의미 교정
OD-0640	ko	그것이 너를 지치게 한다	자연스러운 한국어 및 형태·접사 해석 교정
OD-0640	en	it tires you	영어 문법·시제·인칭 및 의미 교정
OD-0641	ko	나는 너에게 청혼한다	자연스러운 한국어 및 형태·접사 해석 교정
OD-0641	en	I propose to you	영어 문법·시제·인칭 및 의미 교정
OD-0642	ko	나는 너희를 내버려 둔다	자연스러운 한국어 및 형태·접사 해석 교정
OD-0642	en	I leave you (pl.) alone	영어 문법·시제·인칭 및 의미 교정
OD-0643	ko	나는 그것(여성형)을 너에게 가져다준다	자연스러운 한국어 및 형태·접사 해석 교정
OD-0643	en	I bring it (f.) to you	영어 문법·시제·인칭 및 의미 교정
OD-0644	ko	너(남성 단수)는 나에게 청혼한다	자연스러운 한국어 및 형태·접사 해석 교정
OD-0644	en	you (m.sg.) propose to me	영어 문법·시제·인칭 및 의미 교정
OD-0645	ko	나는 너를 위해 해 준다	자연스러운 한국어 및 형태·접사 해석 교정
OD-0645	en	I do it for you	영어 문법·시제·인칭 및 의미 교정
OD-0647	ko	나는 너에게 알려 준다	자연스러운 한국어 및 형태·접사 해석 교정
OD-0647	en	I tell you	영어 문법·시제·인칭 및 의미 교정
OD-0648	ko	우리는 할 수 없었다	자연스러운 한국어 및 형태·접사 해석 교정
OD-0648	en	we could not	영어 문법·시제·인칭 및 의미 교정
OD-0652	ko	너는 알고 있다	자연스러운 한국어 및 형태·접사 해석 교정
OD-0652	en	you know	영어 문법·시제·인칭 및 의미 교정
OD-0653	ko	나를 용서해 줘 (남성 단수에게)	자연스러운 한국어 및 형태·접사 해석 교정
OD-0653	en	forgive me (imperative, m.sg.)	영어 문법·시제·인칭 및 의미 교정
OD-0654	ko	나는 알고 있다	자연스러운 한국어 및 형태·접사 해석 교정
OD-0654	en	I know	영어 문법·시제·인칭 및 의미 교정
OD-0656	ko	너(여성 단수)는 ~이다/있다	자연스러운 한국어 및 형태·접사 해석 교정
OD-0656	en	you (f.sg.) are / will be	영어 문법·시제·인칭 및 의미 교정
OD-0657	ko	너(남성 단수)는 그것(여성형)을 했다	자연스러운 한국어 및 형태·접사 해석 교정
OD-0657	en	you (m.sg.) did it (f.)	영어 문법·시제·인칭 및 의미 교정
OD-0660	ko	우리는 계속 머문다	자연스러운 한국어 및 형태·접사 해석 교정
OD-0660	en	we stay / keep on	영어 문법·시제·인칭 및 의미 교정
OD-0662	ko	그들은 계속 머문다	자연스러운 한국어 및 형태·접사 해석 교정
OD-0662	en	they stay / remain	영어 문법·시제·인칭 및 의미 교정
OD-0663	ko	우리는 이야기한다	자연스러운 한국어 및 형태·접사 해석 교정
OD-0663	en	we talk / discuss	영어 문법·시제·인칭 및 의미 교정
OD-0666	ko	나는 모른다	자연스러운 한국어 및 형태·접사 해석 교정
OD-0666	en	I do not know	영어 문법·시제·인칭 및 의미 교정
OD-0668	ko	그녀에게 일이 생겼다	자연스러운 한국어 및 형태·접사 해석 교정
OD-0668	en	something happened to her	영어 문법·시제·인칭 및 의미 교정
OD-0669	ko	우리는 만난다	자연스러운 한국어 및 형태·접사 해석 교정
OD-0669	en	we meet	영어 문법·시제·인칭 및 의미 교정
OD-0670	ko	그녀는 그것(여성형)을 했다	자연스러운 한국어 및 형태·접사 해석 교정
OD-0670	en	she did it (f.)	영어 문법·시제·인칭 및 의미 교정
OD-0671	ko	너(여성 단수)는 말한다	자연스러운 한국어 및 형태·접사 해석 교정
OD-0671	en	you (f.sg.) speak / talk	영어 문법·시제·인칭 및 의미 교정
OD-0675	ko	나를 용서해 주세요 (복수에게)	자연스러운 한국어 및 형태·접사 해석 교정
OD-0675	en	forgive me (imperative, pl.)	영어 문법·시제·인칭 및 의미 교정
OD-0676	ko	나에게 줘 (남성 단수에게)	자연스러운 한국어 및 형태·접사 해석 교정
OD-0676	en	give me (imperative, m.sg.)	영어 문법·시제·인칭 및 의미 교정
OD-0677	ko	나는 그것(남성형)을 놓았다	자연스러운 한국어 및 형태·접사 해석 교정
OD-0677	en	I put it (m.)	영어 문법·시제·인칭 및 의미 교정
OD-0678	ko	너는 나를 알아보았다	자연스러운 한국어 및 형태·접사 해석 교정
OD-0678	en	you recognized me	영어 문법·시제·인칭 및 의미 교정
OD-0679	ko	나를 구해 줘 (남성 단수에게)	자연스러운 한국어 및 형태·접사 해석 교정
OD-0679	en	save me (imperative, m.sg.)	영어 문법·시제·인칭 및 의미 교정
OD-0680	ko	그는 그를/그것을 찾았다	자연스러운 한국어 및 형태·접사 해석 교정
OD-0680	en	he found him/it	영어 문법·시제·인칭 및 의미 교정
OD-0681	ko	너는 알고 있다	자연스러운 한국어 및 형태·접사 해석 교정
OD-0681	en	you know	영어 문법·시제·인칭 및 의미 교정
OD-0682	ko	너(여성 단수)는 기다린다	자연스러운 한국어 및 형태·접사 해석 교정
OD-0682	en	you (f.sg.) wait	영어 문법·시제·인칭 및 의미 교정
OD-0683	ko	TV 채널에서	자연스러운 한국어 및 형태·접사 해석 교정
OD-0683	en	on a TV channel	영어 문법·시제·인칭 및 의미 교정
OD-0684	ko	우리는 다시 한다	자연스러운 한국어 및 형태·접사 해석 교정
OD-0684	en	we do it again	영어 문법·시제·인칭 및 의미 교정
OD-0685	ko	나는 필요하다	자연스러운 한국어 및 형태·접사 해석 교정
OD-0685	en	I need	영어 문법·시제·인칭 및 의미 교정
OD-0686	ko	우리는 시작한다	자연스러운 한국어 및 형태·접사 해석 교정
OD-0686	en	we start	영어 문법·시제·인칭 및 의미 교정
OD-0687	ko	너(여성 단수)는 듣는다	자연스러운 한국어 및 형태·접사 해석 교정
OD-0687	en	you (f.sg.) hear / listen	영어 문법·시제·인칭 및 의미 교정
OD-0689	ko	그들은 먹인다	자연스러운 한국어 및 형태·접사 해석 교정
OD-0689	en	they feed	영어 문법·시제·인칭 및 의미 교정
OD-0690	ko	그가 나를 때렸다	자연스러운 한국어 및 형태·접사 해석 교정
OD-0690	en	he hit me	영어 문법·시제·인칭 및 의미 교정
OD-0691	ko	너(여성 단수)는 수영한다	자연스러운 한국어 및 형태·접사 해석 교정
OD-0691	en	you (f.sg.) swim	영어 문법·시제·인칭 및 의미 교정
OD-0693	ko	무사히; 안녕히	자연스러운 한국어 및 형태·접사 해석 교정
OD-0693	en	safely; goodbye	영어 문법·시제·인칭 및 의미 교정
OD-0694	ko	그들은 따른다	자연스러운 한국어 및 형태·접사 해석 교정
OD-0694	en	they obey / comply	영어 문법·시제·인칭 및 의미 교정
OD-0695	ko	그는/그녀는 너를 위해 해 준다	자연스러운 한국어 및 형태·접사 해석 교정
OD-0695	en	he/she does it for you	영어 문법·시제·인칭 및 의미 교정
OD-0696	ko	나 혼자; 스스로	자연스러운 한국어 및 형태·접사 해석 교정
OD-0696	en	by myself	영어 문법·시제·인칭 및 의미 교정
OD-0697	ko	그에게 해 줘 (남성 단수에게)	자연스러운 한국어 및 형태·접사 해석 교정
OD-0697	en	do it for him (imperative, m.sg.)	영어 문법·시제·인칭 및 의미 교정
OD-0698	ko	그에게 줘 (남성 단수에게)	자연스러운 한국어 및 형태·접사 해석 교정
OD-0698	en	give it to him (imperative, m.sg.)	영어 문법·시제·인칭 및 의미 교정
OD-0700	ko	네가 무슨 상관이야?	자연스러운 한국어 및 형태·접사 해석 교정
OD-0700	en	what is it to you? / none of your business	영어 문법·시제·인칭 및 의미 교정
OD-0701	ko	그녀가 너를 위해 요리했다	자연스러운 한국어 및 형태·접사 해석 교정
OD-0701	en	she cooked for you	영어 문법·시제·인칭 및 의미 교정
OD-0702	ko	그가 나를 들여보냈다	자연스러운 한국어 및 형태·접사 해석 교정
OD-0702	en	he let me in	영어 문법·시제·인칭 및 의미 교정
OD-0703	ko	네 평생에; 네 목숨을 걸고	자연스러운 한국어 및 형태·접사 해석 교정
OD-0703	en	in your life; by your life	영어 문법·시제·인칭 및 의미 교정
OD-0705	ko	그들은 돌아다닌다/돈다	자연스러운 한국어 및 형태·접사 해석 교정
OD-0705	en	they go around / turn	영어 문법·시제·인칭 및 의미 교정
OD-0706	ko	그들은 두려워한다	자연스러운 한국어 및 형태·접사 해석 교정
OD-0706	en	they are afraid	영어 문법·시제·인칭 및 의미 교정
OD-0708	ko	우리는 청혼한다	자연스러운 한국어 및 형태·접사 해석 교정
OD-0708	en	we propose marriage	영어 문법·시제·인칭 및 의미 교정
OD-0710	ko	우리는 의지한다	자연스러운 한국어 및 형태·접사 해석 교정
OD-0710	en	we rely / trust	영어 문법·시제·인칭 및 의미 교정
OD-0712	ko	내 영혼; 나 자신	자연스러운 한국어 및 형태·접사 해석 교정
OD-0712	en	my soul; myself	영어 문법·시제·인칭 및 의미 교정
OD-0713	ko	네 영혼; 너 자신	자연스러운 한국어 및 형태·접사 해석 교정
OD-0713	en	your soul; yourself	영어 문법·시제·인칭 및 의미 교정
OD-0714	ko	내 삶; 내 사랑	자연스러운 한국어 및 형태·접사 해석 교정
OD-0714	en	my life; my dear	영어 문법·시제·인칭 및 의미 교정
OD-0715	ko	너(여성 단수)는 왜 그래?	자연스러운 한국어 및 형태·접사 해석 교정
OD-0715	en	what is wrong with you? (f.sg.)	영어 문법·시제·인칭 및 의미 교정
OD-0716	ko	너(남성 단수)는 어떻게 지내?	자연스러운 한국어 및 형태·접사 해석 교정
OD-0716	en	how are you doing? (m.sg.)	영어 문법·시제·인칭 및 의미 교정
OD-0718	ko	무엇	자연스러운 한국어 및 형태·접사 해석 교정
OD-0718	en	what	영어 문법·시제·인칭 및 의미 교정
OD-0719	ko	나는 머문다	자연스러운 한국어 및 형태·접사 해석 교정
OD-0719	en	I stay	영어 문법·시제·인칭 및 의미 교정
OD-0720	ko	바다로; 바다에	자연스러운 한국어 및 형태·접사 해석 교정
OD-0720	en	to the sea; at the sea	영어 문법·시제·인칭 및 의미 교정
OD-0721	ko	나는 무서워한다/걱정한다	자연스러운 한국어 및 형태·접사 해석 교정
OD-0721	en	I am afraid / worried	영어 문법·시제·인칭 및 의미 교정
OD-0723	ko	내 이모	자연스러운 한국어 및 형태·접사 해석 교정
OD-0723	en	my maternal aunt	영어 문법·시제·인칭 및 의미 교정
OD-0725	ko	그들은 들어갔다	자연스러운 한국어 및 형태·접사 해석 교정
OD-0725	en	they entered	영어 문법·시제·인칭 및 의미 교정
OD-0726	ko	나는 기다린다	자연스러운 한국어 및 형태·접사 해석 교정
OD-0726	en	I wait	영어 문법·시제·인칭 및 의미 교정
OD-0729	ko	신이 원하신다면	자연스러운 한국어 및 형태·접사 해석 교정
OD-0729	en	God willing	영어 문법·시제·인칭 및 의미 교정
OD-0730	ko	내 남편	자연스러운 한국어 및 형태·접사 해석 교정
OD-0730	en	my husband	영어 문법·시제·인칭 및 의미 교정
OD-0732	ko	나는 입는다	자연스러운 한국어 및 형태·접사 해석 교정
OD-0732	en	I wear	영어 문법·시제·인칭 및 의미 교정
OD-0733	ko	그들은 ~이 되었다	자연스러운 한국어 및 형태·접사 해석 교정
OD-0733	en	they became	영어 문법·시제·인칭 및 의미 교정
OD-0735	ko	너(여성 단수)는 어떻게 지내?	자연스러운 한국어 및 형태·접사 해석 교정
OD-0735	en	how are you doing? (f.sg.)	영어 문법·시제·인칭 및 의미 교정
OD-0736	ko	그녀는 찾는다	자연스러운 한국어 및 형태·접사 해석 교정
OD-0736	en	she looks for	영어 문법·시제·인칭 및 의미 교정
OD-0737	ko	~하지 않을 것이다	자연스러운 한국어 및 형태·접사 해석 교정
OD-0737	en	will not	영어 문법·시제·인칭 및 의미 교정
OD-0739	ko	너(남성 단수)는 할 수 있다	자연스러운 한국어 및 형태·접사 해석 교정
OD-0739	en	you (m.sg.) can	영어 문법·시제·인칭 및 의미 교정
OD-0741	ko	그의 삶; 평생	자연스러운 한국어 및 형태·접사 해석 교정
OD-0741	en	his life; lifetime	영어 문법·시제·인칭 및 의미 교정
OD-0742	ko	일어나 (여성 단수에게)	자연스러운 한국어 및 형태·접사 해석 교정
OD-0742	en	get up (imperative, f.sg.)	영어 문법·시제·인칭 및 의미 교정
OD-0743	ko	그녀는 받아들인다	자연스러운 한국어 및 형태·접사 해석 교정
OD-0743	en	she accepts	영어 문법·시제·인칭 및 의미 교정
OD-0744	ko	그는 나간다/떠난다	자연스러운 한국어 및 형태·접사 해석 교정
OD-0744	en	he goes out / leaves	영어 문법·시제·인칭 및 의미 교정
OD-0745	ko	그 뜻은; 즉	자연스러운 한국어 및 형태·접사 해석 교정
OD-0745	en	it means; that is	영어 문법·시제·인칭 및 의미 교정
OD-0746	ko	그의 친구	자연스러운 한국어 및 형태·접사 해석 교정
OD-0746	en	his friend	영어 문법·시제·인칭 및 의미 교정
OD-0747	ko	나를 원하는	자연스러운 한국어 및 형태·접사 해석 교정
OD-0747	en	wanting me	영어 문법·시제·인칭 및 의미 교정
OD-0748	ko	네 아내	자연스러운 한국어 및 형태·접사 해석 교정
OD-0748	en	your wife	영어 문법·시제·인칭 및 의미 교정
OD-0749	ko	나 혼자	자연스러운 한국어 및 형태·접사 해석 교정
OD-0749	en	alone / by myself	영어 문법·시제·인칭 및 의미 교정
OD-0750	ko	그녀 자신	자연스러운 한국어 및 형태·접사 해석 교정
OD-0750	en	herself	영어 문법·시제·인칭 및 의미 교정
OD-0751	ko	그는 말한다	자연스러운 한국어 및 형태·접사 해석 교정
OD-0751	en	he speaks / talks	영어 문법·시제·인칭 및 의미 교정
OD-0752	ko	나는 가져온다/데려온다	자연스러운 한국어 및 형태·접사 해석 교정
OD-0752	en	I bring / get	영어 문법·시제·인칭 및 의미 교정
OD-0753	ko	집에서; 집 안에	자연스러운 한국어 및 형태·접사 해석 교정
OD-0753	en	at home / in the house	영어 문법·시제·인칭 및 의미 교정
OD-0754	ko	너(여성 단수)는 ~였다/있었다	자연스러운 한국어 및 형태·접사 해석 교정
OD-0754	en	you (f.sg.) were	영어 문법·시제·인칭 및 의미 교정
OD-0755	ko	그는 축복한다/축하한다	자연스러운 한국어 및 형태·접사 해석 교정
OD-0755	en	he blesses / congratulates	영어 문법·시제·인칭 및 의미 교정
OD-0756	ko	그는 임대한다	자연스러운 한국어 및 형태·접사 해석 교정
OD-0756	en	he rents out	영어 문법·시제·인칭 및 의미 교정
OD-0758	ko	네 마음; 네 기분	자연스러운 한국어 및 형태·접사 해석 교정
OD-0758	en	your mind / feelings	영어 문법·시제·인칭 및 의미 교정
OD-0759	ko	나는 올라간다	자연스러운 한국어 및 형태·접사 해석 교정
OD-0759	en	I go up	영어 문법·시제·인칭 및 의미 교정
OD-0763	ko	그들은 원했다	자연스러운 한국어 및 형태·접사 해석 교정
OD-0763	en	they wanted	영어 문법·시제·인칭 및 의미 교정
OD-0764	ko	그들은 시작했다	자연스러운 한국어 및 형태·접사 해석 교정
OD-0764	en	they started	영어 문법·시제·인칭 및 의미 교정
OD-0765	ko	괜찮음; 별일 없음	자연스러운 한국어 및 형태·접사 해석 교정
OD-0765	en	fine / no problem	영어 문법·시제·인칭 및 의미 교정
OD-0766	ko	축하해; 잘 써	자연스러운 한국어 및 형태·접사 해석 교정
OD-0766	en	congratulations / enjoy it	영어 문법·시제·인칭 및 의미 교정
OD-0767	ko	그의 누이	자연스러운 한국어 및 형태·접사 해석 교정
OD-0767	en	his sister	영어 문법·시제·인칭 및 의미 교정
OD-0768	ko	그는 더한다/늘어난다	자연스러운 한국어 및 형태·접사 해석 교정
OD-0768	en	he adds / increases	영어 문법·시제·인칭 및 의미 교정
OD-0770	ko	나는 찾는다	자연스러운 한국어 및 형태·접사 해석 교정
OD-0770	en	I look for	영어 문법·시제·인칭 및 의미 교정
OD-0771	ko	나는 날아간다/달아난다	자연스러운 한국어 및 형태·접사 해석 교정
OD-0771	en	I fly / run off	영어 문법·시제·인칭 및 의미 교정
OD-0772	ko	그녀는 지나간다	자연스러운 한국어 및 형태·접사 해석 교정
OD-0772	en	she passes	영어 문법·시제·인칭 및 의미 교정
OD-0773	ko	그는 다시 한다	자연스러운 한국어 및 형태·접사 해석 교정
OD-0773	en	he does it again	영어 문법·시제·인칭 및 의미 교정
OD-0774	ko	너(여성 단수)는 ~이 되었다	자연스러운 한국어 및 형태·접사 해석 교정
OD-0774	en	you (f.sg.) became	영어 문법·시제·인칭 및 의미 교정
OD-0776	ko	그녀는 소리친다	자연스러운 한국어 및 형태·접사 해석 교정
OD-0776	en	she shouts	영어 문법·시제·인칭 및 의미 교정
OD-0777	ko	그녀는 도착한다/따라잡는다	자연스러운 한국어 및 형태·접사 해석 교정
OD-0777	en	she reaches / catches up	영어 문법·시제·인칭 및 의미 교정
OD-0778	ko	그녀는 산책한다	자연스러운 한국어 및 형태·접사 해석 교정
OD-0778	en	she walks around	영어 문법·시제·인칭 및 의미 교정
OD-0782	ko	나는 할 수 있다	자연스러운 한국어 및 형태·접사 해석 교정
OD-0782	en	I can	영어 문법·시제·인칭 및 의미 교정
OD-0783	ko	깨끗이 해 (여성 단수에게)	자연스러운 한국어 및 형태·접사 해석 교정
OD-0783	en	clean it (imperative, f.sg.)	영어 문법·시제·인칭 및 의미 교정
OD-0784	ko	고마워 (여성에게)	자연스러운 한국어 및 형태·접사 해석 교정
OD-0784	en	thank you (to a woman)	영어 문법·시제·인칭 및 의미 교정
OD-0785	ko	그는 시작한다	자연스러운 한국어 및 형태·접사 해석 교정
OD-0785	en	he starts / begins	영어 문법·시제·인칭 및 의미 교정
OD-0786	ko	네 친구	자연스러운 한국어 및 형태·접사 해석 교정
OD-0786	en	your friend	영어 문법·시제·인칭 및 의미 교정
OD-0787	ko	그의 형제	자연스러운 한국어 및 형태·접사 해석 교정
OD-0787	en	his brother	영어 문법·시제·인칭 및 의미 교정
OD-0788	ko	나는 소리친다	자연스러운 한국어 및 형태·접사 해석 교정
OD-0788	en	I shout	영어 문법·시제·인칭 및 의미 교정
OD-0789	ko	그는 ~이 된다	자연스러운 한국어 및 형태·접사 해석 교정
OD-0789	en	he becomes	영어 문법·시제·인칭 및 의미 교정
OD-0790	ko	그녀가 보인다/드러난다	자연스러운 한국어 및 형태·접사 해석 교정
OD-0790	en	she appears / becomes visible	영어 문법·시제·인칭 및 의미 교정
OD-0791	ko	그녀는 머문다	자연스러운 한국어 및 형태·접사 해석 교정
OD-0791	en	she stays	영어 문법·시제·인칭 및 의미 교정
OD-0792	ko	그는 거짓말한다	자연스러운 한국어 및 형태·접사 해석 교정
OD-0792	en	he lies	영어 문법·시제·인칭 및 의미 교정
OD-0794	ko	그의 부모	자연스러운 한국어 및 형태·접사 해석 교정
OD-0794	en	his parents	영어 문법·시제·인칭 및 의미 교정
OD-0796	ko	내 마음; 내 생각	자연스러운 한국어 및 형태·접사 해석 교정
OD-0796	en	my mind / thoughts	영어 문법·시제·인칭 및 의미 교정
OD-0798	ko	너(여성 단수)는 원했다	자연스러운 한국어 및 형태·접사 해석 교정
OD-0798	en	you (f.sg.) wanted	영어 문법·시제·인칭 및 의미 교정
OD-0799	ko	그녀는 ~이 된다	자연스러운 한국어 및 형태·접사 해석 교정
OD-0799	en	she becomes	영어 문법·시제·인칭 및 의미 교정
OD-0800	ko	네 남편	자연스러운 한국어 및 형태·접사 해석 교정
OD-0800	en	your husband	영어 문법·시제·인칭 및 의미 교정
OD-0801	ko	나는 요청한다	자연스러운 한국어 및 형태·접사 해석 교정
OD-0801	en	I request / ask for	영어 문법·시제·인칭 및 의미 교정
OD-0804	ko	너희는 배신한다	자연스러운 한국어 및 형태·접사 해석 교정
OD-0804	en	you (pl.) betray	영어 문법·시제·인칭 및 의미 교정
OD-0806	ko	우리는 지불했다	자연스러운 한국어 및 형태·접사 해석 교정
OD-0806	en	we paid	영어 문법·시제·인칭 및 의미 교정
OD-0807	ko	나는 산다/거주한다	자연스러운 한국어 및 형태·접사 해석 교정
OD-0807	en	I live / reside	영어 문법·시제·인칭 및 의미 교정
OD-0808	ko	너에게는 없다	자연스러운 한국어 및 형태·접사 해석 교정
OD-0808	en	you do not have	영어 문법·시제·인칭 및 의미 교정
OD-0809	ko	너처럼	자연스러운 한국어 및 형태·접사 해석 교정
OD-0809	en	like you	영어 문법·시제·인칭 및 의미 교정
OD-0810	ko	그의 아내에게	자연스러운 한국어 및 형태·접사 해석 교정
OD-0810	en	to his wife	영어 문법·시제·인칭 및 의미 교정
OD-0811	ko	그들은 머물렀다	자연스러운 한국어 및 형태·접사 해석 교정
OD-0811	en	they stayed	영어 문법·시제·인칭 및 의미 교정
OD-0812	ko	그는 잰다/측정한다	자연스러운 한국어 및 형태·접사 해석 교정
OD-0812	en	he measures	영어 문법·시제·인칭 및 의미 교정
OD-0813	ko	우리의 삶	자연스러운 한국어 및 형태·접사 해석 교정
OD-0813	en	our life	영어 문법·시제·인칭 및 의미 교정
OD-0815	ko	그는 결혼한다	자연스러운 한국어 및 형태·접사 해석 교정
OD-0815	en	he gets married	영어 문법·시제·인칭 및 의미 교정
OD-0816	ko	그녀는 부끄러워한다	자연스러운 한국어 및 형태·접사 해석 교정
OD-0816	en	she is ashamed / embarrassed	영어 문법·시제·인칭 및 의미 교정
OD-0817	ko	너(여성 단수)는 ~이 아니다/없다	자연스러운 한국어 및 형태·접사 해석 교정
OD-0817	en	you (f.sg.) are not	영어 문법·시제·인칭 및 의미 교정
OD-0818	ko	너(남성 단수)는 묻는다	자연스러운 한국어 및 형태·접사 해석 교정
OD-0818	en	you (m.sg.) ask / inquire	영어 문법·시제·인칭 및 의미 교정
OD-0819	ko	그는 자비를 베푼다	자연스러운 한국어 및 형태·접사 해석 교정
OD-0819	en	he has mercy	영어 문법·시제·인칭 및 의미 교정
OD-0820	ko	억지로; 강제로	자연스러운 한국어 및 형태·접사 해석 교정
OD-0820	en	by force	영어 문법·시제·인칭 및 의미 교정
OD-0821	ko	그는 통제한다/판단한다	자연스러운 한국어 및 형태·접사 해석 교정
OD-0821	en	he controls / judges	영어 문법·시제·인칭 및 의미 교정
OD-0822	ko	그는 빠져나간다/해결한다	자연스러운 한국어 및 형태·접사 해석 교정
OD-0822	en	he gets away / manages	영어 문법·시제·인칭 및 의미 교정
OD-0823	ko	나는 받을 만하다	자연스러운 한국어 및 형태·접사 해석 교정
OD-0823	en	I deserve	영어 문법·시제·인칭 및 의미 교정
OD-0824	ko	너(남성 단수)는 상상한다	자연스러운 한국어 및 형태·접사 해석 교정
OD-0824	en	you (m.sg.) imagine	영어 문법·시제·인칭 및 의미 교정
OD-0826	ko	그는 달린다	자연스러운 한국어 및 형태·접사 해석 교정
OD-0826	en	he runs	영어 문법·시제·인칭 및 의미 교정
OD-0827	ko	그녀는 부른다/소리친다	자연스러운 한국어 및 형태·접사 해석 교정
OD-0827	en	she calls / shouts	영어 문법·시제·인칭 및 의미 교정
OD-0828	ko	그는 계속 머문다	자연스러운 한국어 및 형태·접사 해석 교정
OD-0828	en	he remains / continues	영어 문법·시제·인칭 및 의미 교정
OD-0829	ko	그는 아침 식사를 한다	자연스러운 한국어 및 형태·접사 해석 교정
OD-0829	en	he has breakfast	영어 문법·시제·인칭 및 의미 교정
OD-0831	ko	그의 마음/심장	자연스러운 한국어 및 형태·접사 해석 교정
OD-0831	en	his heart	영어 문법·시제·인칭 및 의미 교정
OD-0832	ko	내 형제들	자연스러운 한국어 및 형태·접사 해석 교정
OD-0832	en	my brothers / siblings	영어 문법·시제·인칭 및 의미 교정
OD-0835	ko	하리라 수프에	자연스러운 한국어 및 형태·접사 해석 교정
OD-0835	en	in harira soup	영어 문법·시제·인칭 및 의미 교정
OD-0836	ko	그녀는 끓는다	자연스러운 한국어 및 형태·접사 해석 교정
OD-0836	en	she/it boils	영어 문법·시제·인칭 및 의미 교정
OD-0837	ko	너(여성 단수)는 했다	자연스러운 한국어 및 형태·접사 해석 교정
OD-0837	en	you (f.sg.) did	영어 문법·시제·인칭 및 의미 교정
OD-0841	ko	우리는 올라갔다	자연스러운 한국어 및 형태·접사 해석 교정
OD-0841	en	we went up	영어 문법·시제·인칭 및 의미 교정
OD-0842	ko	우리는 했다	자연스러운 한국어 및 형태·접사 해석 교정
OD-0842	en	we did	영어 문법·시제·인칭 및 의미 교정
OD-0843	ko	네 아이/아들	자연스러운 한국어 및 형태·접사 해석 교정
OD-0843	en	your child / son	영어 문법·시제·인칭 및 의미 교정
OD-0844	ko	그 자신	자연스러운 한국어 및 형태·접사 해석 교정
OD-0844	en	himself	영어 문법·시제·인칭 및 의미 교정
OD-0845	ko	그는 남아 있다/지속된다	자연스러운 한국어 및 형태·접사 해석 교정
OD-0845	en	he remains / lasts	영어 문법·시제·인칭 및 의미 교정
OD-0849	ko	알제리식으로; 알제리어로	자연스러운 한국어 및 형태·접사 해석 교정
OD-0849	en	in Algerian (style/language)	영어 문법·시제·인칭 및 의미 교정
OD-0851	ko	너(여성 단수)는 보았다	자연스러운 한국어 및 형태·접사 해석 교정
OD-0851	en	you (f.sg.) saw	영어 문법·시제·인칭 및 의미 교정
OD-0852	ko	우리는 필요하다	자연스러운 한국어 및 형태·접사 해석 교정
OD-0852	en	we need	영어 문법·시제·인칭 및 의미 교정
OD-0853	ko	그녀의 딸	자연스러운 한국어 및 형태·접사 해석 교정
OD-0853	en	her daughter	영어 문법·시제·인칭 및 의미 교정
OD-0854	ko	결혼식에서	자연스러운 한국어 및 형태·접사 해석 교정
OD-0854	en	at a wedding	영어 문법·시제·인칭 및 의미 교정
OD-0856	ko	그는 찾는다/마련한다	자연스러운 한국어 및 형태·접사 해석 교정
OD-0856	en	he looks for / arranges	영어 문법·시제·인칭 및 의미 교정
OD-0857	ko	너(남성 단수)는 모욕한다/도발한다	자연스러운 한국어 및 형태·접사 해석 교정
OD-0857	en	you (m.sg.) insult / provoke	영어 문법·시제·인칭 및 의미 교정
OD-0860	ko	그는 받을 만하다	자연스러운 한국어 및 형태·접사 해석 교정
OD-0860	en	he deserves	영어 문법·시제·인칭 및 의미 교정
OD-0861	ko	나는 내다본다/바라본다	자연스러운 한국어 및 형태·접사 해석 교정
OD-0861	en	I overlook / look out	영어 문법·시제·인칭 및 의미 교정
OD-0863	ko	그는 가져온다/데려온다	자연스러운 한국어 및 형태·접사 해석 교정
OD-0863	en	he brings / gets	영어 문법·시제·인칭 및 의미 교정
OD-0864	ko	내 여자 친구	자연스러운 한국어 및 형태·접사 해석 교정
OD-0864	en	my female friend	영어 문법·시제·인칭 및 의미 교정
OD-0865	ko	그는 소리친다	자연스러운 한국어 및 형태·접사 해석 교정
OD-0865	en	he shouts	영어 문법·시제·인칭 및 의미 교정
OD-0866	ko	그들은 찾았다	자연스러운 한국어 및 형태·접사 해석 교정
OD-0866	en	they found	영어 문법·시제·인칭 및 의미 교정
OD-0867	ko	네 마음/심장	자연스러운 한국어 및 형태·접사 해석 교정
OD-0867	en	your heart	영어 문법·시제·인칭 및 의미 교정
OD-0868	ko	그의 아이/아들	자연스러운 한국어 및 형태·접사 해석 교정
OD-0868	en	his child / son	영어 문법·시제·인칭 및 의미 교정
OD-0870	ko	너(남성 단수)는 삼킨다	자연스러운 한국어 및 형태·접사 해석 교정
OD-0870	en	you (m.sg.) swallow	영어 문법·시제·인칭 및 의미 교정
OD-0871	ko	나는 내려간다	자연스러운 한국어 및 형태·접사 해석 교정
OD-0871	en	I go down	영어 문법·시제·인칭 및 의미 교정
OD-0872	ko	그것은 ~을 뜻한다	자연스러운 한국어 및 형태·접사 해석 교정
OD-0872	en	it means	영어 문법·시제·인칭 및 의미 교정
OD-0874	ko	그는 꿈꾼다	자연스러운 한국어 및 형태·접사 해석 교정
OD-0874	en	he dreams	영어 문법·시제·인칭 및 의미 교정
OD-0877	ko	그는 보상한다/뒤를 잇는다	자연스러운 한국어 및 형태·접사 해석 교정
OD-0877	en	he compensates / succeeds	영어 문법·시제·인칭 및 의미 교정
OD-0878	ko	그는 가려 준다/보호한다	자연스러운 한국어 및 형태·접사 해석 교정
OD-0878	en	he covers / protects	영어 문법·시제·인칭 및 의미 교정
OD-0879	ko	네 여자 친구	자연스러운 한국어 및 형태·접사 해석 교정
OD-0879	en	your female friend	영어 문법·시제·인칭 및 의미 교정
OD-0883	ko	그는 출발한다/벗는다	자연스러운 한국어 및 형태·접사 해석 교정
OD-0883	en	he sets off / takes off	영어 문법·시제·인칭 및 의미 교정
OD-0885	ko	그는 농담한다	자연스러운 한국어 및 형태·접사 해석 교정
OD-0885	en	he jokes	영어 문법·시제·인칭 및 의미 교정
OD-0887	ko	나는 잡는다/통제한다	자연스러운 한국어 및 형태·접사 해석 교정
OD-0887	en	I hold / control	영어 문법·시제·인칭 및 의미 교정
OD-0888	ko	우리는 울었다	자연스러운 한국어 및 형태·접사 해석 교정
OD-0888	en	we cried	영어 문법·시제·인칭 및 의미 교정
OD-0889	ko	내 나라	자연스러운 한국어 및 형태·접사 해석 교정
OD-0889	en	my country	영어 문법·시제·인칭 및 의미 교정
OD-0890	ko	그녀는 비틀거린다	자연스러운 한국어 및 형태·접사 해석 교정
OD-0890	en	she falters / staggers	영어 문법·시제·인칭 및 의미 교정
OD-0891	ko	나는 ~하게 둔다	자연스러운 한국어 및 형태·접사 해석 교정
OD-0891	en	I let / leave	영어 문법·시제·인칭 및 의미 교정
OD-0892	ko	너(여성 단수)는 잊었다	자연스러운 한국어 및 형태·접사 해석 교정
OD-0892	en	you (f.sg.) forgot	영어 문법·시제·인칭 및 의미 교정
OD-0893	ko	나는 처리한다/마련한다	자연스러운 한국어 및 형태·접사 해석 교정
OD-0893	en	I manage / arrange	영어 문법·시제·인칭 및 의미 교정
OD-0896	ko	나는 불을 붙인다	자연스러운 한국어 및 형태·접사 해석 교정
OD-0896	en	I ignite / turn on	영어 문법·시제·인칭 및 의미 교정
OD-0897	ko	그녀는 슬퍼한다	자연스러운 한국어 및 형태·접사 해석 교정
OD-0897	en	she grieves / is sad	영어 문법·시제·인칭 및 의미 교정
OD-0898	ko	나는 갔다	자연스러운 한국어 및 형태·접사 해석 교정
OD-0898	en	I went	영어 문법·시제·인칭 및 의미 교정
OD-0900	ko	나는/너는 찾았다	자연스러운 한국어 및 형태·접사 해석 교정
OD-0900	en	I/you found	영어 문법·시제·인칭 및 의미 교정
OD-0902	ko	네 아버지	자연스러운 한국어 및 형태·접사 해석 교정
OD-0902	en	your father	영어 문법·시제·인칭 및 의미 교정
OD-0903	ko	나는 나갔다	자연스러운 한국어 및 형태·접사 해석 교정
OD-0903	en	I went out	영어 문법·시제·인칭 및 의미 교정
OD-0904	ko	그는 올라갔다	자연스러운 한국어 및 형태·접사 해석 교정
OD-0904	en	he went up	영어 문법·시제·인칭 및 의미 교정
OD-0905	ko	너는/그녀는 찾는다	자연스러운 한국어 및 형태·접사 해석 교정
OD-0905	en	you/she find(s)	영어 문법·시제·인칭 및 의미 교정
OD-0909	ko	그는 필요했다	자연스러운 한국어 및 형태·접사 해석 교정
OD-0909	en	he needed	영어 문법·시제·인칭 및 의미 교정
OD-0910	ko	나와 함께; 나를 통해	자연스러운 한국어 및 형태·접사 해석 교정
OD-0910	en	with me / through me	영어 문법·시제·인칭 및 의미 교정
OD-0911	ko	그들에게 있다; 그들이 가지고 있다	자연스러운 한국어 및 형태·접사 해석 교정
OD-0911	en	they have	영어 문법·시제·인칭 및 의미 교정
OD-0913	ko	입을 다물어 (여성 단수에게)	자연스러운 한국어 및 형태·접사 해석 교정
OD-0913	en	shut your mouth (imperative, f.sg.)	영어 문법·시제·인칭 및 의미 교정
OD-0914	ko	너와 함께; 너를 통해	자연스러운 한국어 및 형태·접사 해석 교정
OD-0914	en	with you (sg.) / through you	영어 문법·시제·인칭 및 의미 교정
OD-0915	ko	그는 떨어졌다/일이 일어났다	자연스러운 한국어 및 형태·접사 해석 교정
OD-0915	en	he fell / it happened	영어 문법·시제·인칭 및 의미 교정
OD-0916	ko	너희의 것	자연스러운 한국어 및 형태·접사 해석 교정
OD-0916	en	yours (pl.)	영어 문법·시제·인칭 및 의미 교정
OD-0918	ko	~하지 않을 것이다	자연스러운 한국어 및 형태·접사 해석 교정
OD-0918	en	will not	영어 문법·시제·인칭 및 의미 교정
OD-0920	ko	나는 만났다	자연스러운 한국어 및 형태·접사 해석 교정
OD-0920	en	I met	영어 문법·시제·인칭 및 의미 교정
OD-0922	ko	그녀는 지나갔다	자연스러운 한국어 및 형태·접사 해석 교정
OD-0922	en	she passed / it went by	영어 문법·시제·인칭 및 의미 교정
OD-0923	ko	그의 아내	자연스러운 한국어 및 형태·접사 해석 교정
OD-0923	en	his wife	영어 문법·시제·인칭 및 의미 교정
OD-0924	ko	그는 찾았다	자연스러운 한국어 및 형태·접사 해석 교정
OD-0924	en	he found	영어 문법·시제·인칭 및 의미 교정
OD-0926	ko	밤에	자연스러운 한국어 및 형태·접사 해석 교정
OD-0926	en	at night	영어 문법·시제·인칭 및 의미 교정
OD-0928	ko	그에게서; 그것에서	자연스러운 한국어 및 형태·접사 해석 교정
OD-0928	en	from him / from it	영어 문법·시제·인칭 및 의미 교정
OD-0929	ko	네 삶	자연스러운 한국어 및 형태·접사 해석 교정
OD-0929	en	your life	영어 문법·시제·인칭 및 의미 교정
OD-0931	ko	그날들; 시절	자연스러운 한국어 및 형태·접사 해석 교정
OD-0931	en	the days / times	영어 문법·시제·인칭 및 의미 교정
OD-0932	ko	그는 원했다	자연스러운 한국어 및 형태·접사 해석 교정
OD-0932	en	he wanted	영어 문법·시제·인칭 및 의미 교정
OD-0933	ko	그의 권리; 그의 몫	자연스러운 한국어 및 형태·접사 해석 교정
OD-0933	en	his right / due	영어 문법·시제·인칭 및 의미 교정
OD-0934	ko	내 친삼촌	자연스러운 한국어 및 형태·접사 해석 교정
OD-0934	en	my paternal uncle	영어 문법·시제·인칭 및 의미 교정
OD-0936	ko	내 삶	자연스러운 한국어 및 형태·접사 해석 교정
OD-0936	en	my life	영어 문법·시제·인칭 및 의미 교정
OD-0937	ko	그녀는 일어났다/소동이 벌어졌다	자연스러운 한국어 및 형태·접사 해석 교정
OD-0937	en	she got up / it broke out	영어 문법·시제·인칭 및 의미 교정
OD-0938	ko	나는 자랐다	자연스러운 한국어 및 형태·접사 해석 교정
OD-0938	en	I grew up	영어 문법·시제·인칭 및 의미 교정
OD-0939	ko	나는 ~이 아니다/없는 상태다	자연스러운 한국어 및 형태·접사 해석 교정
OD-0939	en	I am not	영어 문법·시제·인칭 및 의미 교정
OD-0943	ko	자동차로	자연스러운 한국어 및 형태·접사 해석 교정
OD-0943	en	by car	영어 문법·시제·인칭 및 의미 교정
OD-0944	ko	나는 돌아왔다/~이 되었다	자연스러운 한국어 및 형태·접사 해석 교정
OD-0944	en	I came back / became	영어 문법·시제·인칭 및 의미 교정
OD-0945	ko	그녀는 받아들였다	자연스러운 한국어 및 형태·접사 해석 교정
OD-0945	en	she accepted	영어 문법·시제·인칭 및 의미 교정
OD-0946	ko	그녀와 함께; 그것으로	자연스러운 한국어 및 형태·접사 해석 교정
OD-0946	en	with her / with it	영어 문법·시제·인칭 및 의미 교정
OD-0947	ko	그녀는 원했다	자연스러운 한국어 및 형태·접사 해석 교정
OD-0947	en	she wanted	영어 문법·시제·인칭 및 의미 교정
OD-0950	ko	네 삼촌	자연스러운 한국어 및 형태·접사 해석 교정
OD-0950	en	your uncle	영어 문법·시제·인칭 및 의미 교정
OD-0952	ko	나는 전화했다/불렀다	자연스러운 한국어 및 형태·접사 해석 교정
OD-0952	en	I called	영어 문법·시제·인칭 및 의미 교정
OD-0953	ko	그녀는 시작했다	자연스러운 한국어 및 형태·접사 해석 교정
OD-0953	en	she started	영어 문법·시제·인칭 및 의미 교정
OD-0954	ko	나는 알았다	자연스러운 한국어 및 형태·접사 해석 교정
OD-0954	en	I knew / found out	영어 문법·시제·인칭 및 의미 교정
OD-0955	ko	내 얼굴	자연스러운 한국어 및 형태·접사 해석 교정
OD-0955	en	my face	영어 문법·시제·인칭 및 의미 교정
OD-0959	ko	그녀의 입	자연스러운 한국어 및 형태·접사 해석 교정
OD-0959	en	her mouth	영어 문법·시제·인칭 및 의미 교정
OD-0960	ko	나는 할 수 있었다	자연스러운 한국어 및 형태·접사 해석 교정
OD-0960	en	I could	영어 문법·시제·인칭 및 의미 교정
OD-0962	ko	네 아이들	자연스러운 한국어 및 형태·접사 해석 교정
OD-0962	en	your children	영어 문법·시제·인칭 및 의미 교정
OD-0963	ko	나에게서	자연스러운 한국어 및 형태·접사 해석 교정
OD-0963	en	from me	영어 문법·시제·인칭 및 의미 교정
OD-0965	ko	그들의 아이들	자연스러운 한국어 및 형태·접사 해석 교정
OD-0965	en	their children	영어 문법·시제·인칭 및 의미 교정
OD-0966	ko	내 앞에	자연스러운 한국어 및 형태·접사 해석 교정
OD-0966	en	in front of me	영어 문법·시제·인칭 및 의미 교정
OD-0967	ko	계곡에서; 하천에서	자연스러운 한국어 및 형태·접사 해석 교정
OD-0967	en	in the valley / riverbed	영어 문법·시제·인칭 및 의미 교정
OD-0970	ko	네 두 발/다리	자연스러운 한국어 및 형태·접사 해석 교정
OD-0970	en	your feet / legs	영어 문법·시제·인칭 및 의미 교정
OD-0971	ko	그는 길어졌다/오래 걸렸다	자연스러운 한국어 및 형태·접사 해석 교정
OD-0971	en	he/it became long / took long	영어 문법·시제·인칭 및 의미 교정
OD-0601	note	완료형; 형태 태그상 주어=그들; 목적어 접사 없음	형태 분석·접사 설명 교정
OD-0602	note	과거 존재 부정 표현; 단순 동사 완료형+ma-/m-…-ch로 분석하면 안 됨	형태 분석·접사 설명 교정
OD-0611	note	완료형; 주어=너(단수, 성별 문맥 의존); 목적어 접사=나를	형태 분석·접사 설명 교정
OD-0613	note	완료형; 주어=그들; 목적어 접사=그녀를/그것(여성)을	형태 분석·접사 설명 교정
OD-0618	note	미완료형; 문법적 주어=그것/그; 목적어 접사=너(남성)를; 자연 의미는 “네 마음에 들다”	형태 분석·접사 설명 교정
OD-0619	note	미완료형; 주어=그; 목적어 접사=너(남성)를; 기본 의미는 “내버려 두다/하게 두다”	형태 분석·접사 설명 교정
OD-0623	note	완료형; 주어=그들; 전치사 결합 접사=나에게/나를 위해	형태 분석·접사 설명 교정
OD-0643	note	미완료형; 주어=나; 목적어=그것(여성); 간접목적어=너에게	형태 분석·접사 설명 교정
OD-0652	note	고정 표현 3la balk; 접사=2인칭 단수; 의미 “너는 알고 있다”	형태 분석·접사 설명 교정
OD-0666	note	고정 부정 표현 ma 3la balich; 접사=1인칭 단수; 의미 “나는 모른다”	형태 분석·접사 설명 교정
OD-0671	note	미완료형; -i로 2인칭 여성 단수	형태 분석·접사 설명 교정
OD-0678	note	완료형; 주어=너(단수, 성별 문맥 의존); 목적어 접사=나를	형태 분석·접사 설명 교정
OD-0685	note	비동사적 필요 표현 khas-ni; 접사=1인칭 단수; 완료형·여성 주어 분석 아님	형태 분석·접사 설명 교정
OD-0690	note	완료형; 주어=그(3인칭 남성 단수); 목적어 접사=나를	형태 분석·접사 설명 교정
OD-0695	note	미완료형/명령형 여부는 원문 형태 태그 재확인 필요; -lek=너에게/너를 위해	형태 분석·접사 설명 교정
OD-0700	note	고정 표현 dakhlek; 2인칭 소유/관련 접사이며 “네가 무슨 상관이냐” 의미	형태 분석·접사 설명 교정
OD-0702	note	완료형; 주어=그(3인칭 남성 단수); 목적어 접사=나를	형태 분석·접사 설명 교정
OD-0715	note	mal-ki에서 -ki=2인칭 여성 단수	형태 분석·접사 설명 교정
OD-0718	note	접사 없음; 의문사 “무엇”	형태 분석·접사 설명 교정
OD-0729	note	inshallah 일부 표면형으로 보이며 동사 완료형·3인칭 남성 주어 분석 아님	형태 분석·접사 설명 교정
OD-0735	note	kira-ki에서 -ki=2인칭 여성 단수	형태 분석·접사 설명 교정
OD-0765	note	부정형 아님; 상태 인사 표현 “괜찮다/별일 없다”	형태 분석·접사 설명 교정
OD-0784	note	감사 인사 표현; 1인칭 소유·전치사 접사 분석 아님	형태 분석·접사 설명 교정
OD-0789	note	미완료형; 주어=그(3인칭 남성 단수)	형태 분석·접사 설명 교정
OD-0794	note	소유접사=3인칭 남성 단수만 해당	형태 분석·접사 설명 교정
OD-0808	note	ma- 부정+3andek(너에게 있다); 의미 “너에게 없다”	형태 분석·접사 설명 교정
OD-0813	note	3ich-na로 분석할 경우 소유접사=1인칭 복수; “우리의 삶”; nest 의미는 오분석	형태 분석·접사 설명 교정
OD-0815	note	미완료형; 주어=그; 어근 의미 “결혼하다”	형태 분석·접사 설명 교정
OD-0817	note	존재/상태 부정 ra-ki-sh; 주어=2인칭 여성 단수	형태 분석·접사 설명 교정
OD-0829	note	미완료형; fṭar=아침 식사를 하다	형태 분석·접사 설명 교정
OD-0835	note	전치사 f- + harira; “하리라 수프에/안에서”	형태 분석·접사 설명 교정
OD-0844	note	소유접사=3인칭 남성 단수; rw7u “그 자신”	형태 분석·접사 설명 교정
OD-0849	note	전치사 b- + jzayriya; “알제리식으로/알제리어로”	형태 분석·접사 설명 교정
OD-0861	note	미완료형; n-로 1인칭 단수	형태 분석·접사 설명 교정
OD-0872	note	미완료형; 주어=그것/그(3인칭 남성 단수)	형태 분석·접사 설명 교정
OD-0900	note	완료형 -t; 1인칭 단수 또는 2인칭 단수로 문맥 중의적, 3인칭 남성 아님	형태 분석·접사 설명 교정
OD-0905	note	미완료형 t-; 2인칭 남성 단수 또는 3인칭 여성 단수로 중의적	형태 분석·접사 설명 교정
OD-0913	note	명령형; -i로 2인칭 여성 단수	형태 분석·접사 설명 교정
OD-0918	note	ghadi + -sh 부정; 긍정 미래 “will”이 아니라 “will not”	형태 분석·접사 설명 교정
OD-0922	note	완료형; -et로 3인칭 여성 단수	형태 분석·접사 설명 교정
OD-0939	note	ra-ni-sh; 1인칭 단수 상태 부정	형태 분석·접사 설명 교정
OD-0950	note	소유접사=2인칭 단수	형태 분석·접사 설명 교정
OD-0960	note	완료형; 주어=나; 의미 “할 수 있었다”	형태 분석·접사 설명 교정
OD-0723	topic	people	품사·의미에 맞는 주제 분류
OD-0730	topic	people	품사·의미에 맞는 주제 분류
OD-0746	topic	people	품사·의미에 맞는 주제 분류
OD-0786	topic	people	품사·의미에 맞는 주제 분류
OD-0794	topic	people	품사·의미에 맞는 주제 분류
OD-0800	topic	people	품사·의미에 맞는 주제 분류
OD-0831	topic	abstract	품사·의미에 맞는 주제 분류
OD-0864	topic	people	품사·의미에 맞는 주제 분류
OD-0867	topic	abstract	품사·의미에 맞는 주제 분류
OD-0879	topic	people	품사·의미에 맞는 주제 분류
