Token,Frequency
.,1999
و,1646
ما,435
في,346
لا,277
?,274
كي,230
تع,225
",",218
الله,202
من,195
لي,192
على,189
غير,182
يا,170
انا,158
شا,149
قاع,138
غادي,133
باش,123
أنا,119
واحد,114
نتا,109
راني,108
هادي,106
اللي,105
مع,96
باغي,92
وهران,92
راه,91
خويا,87
هنا,86
واه,85
وين,83
بصح,83
حتى,81
أيا,80
راك,75
كيما,75
هو,74
والو,71
علاه,71
بزاف,70
كاين,70
فيها,68
هاد,68
اه,68
بلي,64
راكي,64
كان,62
خير,61
هي,61
دروك,60
ايا,59
صحا,58
روح,58
عليا,54
نهار,54
عند,54
ها,53
ربي,52
كنت,52
هادا,51
مشي,50
كل,50
ناس,50
حنا,49
نتي,48
عندك,48
عندي,47
نقولك,47
باسكو,46
دار,46
سي,46
شوف,46
كون,45
دراهم,45
ماشي,44
ختي,44
ادا,44
قالي,44
ليوم,43
تاني,43
مين,42
عليها,41
هدا,41
رانا,40
غي,40
فيه,40
زعما,39
صايي,39
شوية,39
قاله,39
بويا,38
عليك,38
حاجا,38
مكانش,38
عليه,37
راهي,37
اني,36
تاع,36
الي,36
صباح,34
روحي,34
روحك,33
كانوا,33
وحد,33
خطرة,33
غاية,32
معاه,32
شعال,32
هاك,32
راهم,31
الا,31
هدرة,31
نتيا,31
!,31
ندير,31
انشاء,30
بعد,30
ولاد,30
زوج,30
معاك,29
ولدي,29
ولا,29
يجي,29
تاعي,28
حمبوك,28
هداك,28
تاعك,27
فيك,27
شكون,27
كبيرة,27
عليكم,26
راها,26
حاجة,26
نهدر,26
ه,26
دير,26
ديري,26
بنتي,25
دوك,25
سلام,25
كاش,25
معايا,25
منبعد,24
كيفاش,24
سكنة,24
كانت,24
حمد,24
مانيش,24
معليش,24
نتوما,23
عنده,23
نروح,23
وحدة,23
شوالا,23
هاكا,23
بيه,23
هادو,22
قلت,22
تكون,22
عام,22
وقت,22
مشكل,22
جيت,22
تجي,22
عمري,22
يكون,21
أرواح,21
هكا,21
عندها,21
حريرة,21
شابة,21
تسما,20
بغيت,20
3,20
شوفي,20
مرحبا,20
صاحبي,20
قاتلي,20
تروح,19
جا,19
كلمة,19
جات,19
لله,19
ديجا,19
قالك,19
هوما,19
كلشي,19
لك,19
غدوة,19
مازال,19
قبل,19
فيا,19
يوم,18
تبغي,18
ني,18
قاتله,18
بنت,18
بكري,18
قالها,18
مسكينة,18
نص,17
فيلا,17
طريق,17
نجي,17
ابري,17
مسكين,17
هواري,17
بيها,17
2,17
ليق,17
تاعه,17
غايا,17
ماما,16
مرا,16
دو,16
مهم,16
لولا,16
حزيم,16
ملايين,16
حيا,16
برا,16
:,16
جاي,16
نبغي,16
نديرو,16
جامعة,15
ديك,15
تاعنا,15
جاية,15
هاديك,15
عندنا,15
تشوف,15
وي,15
تقول,15
ولد,15
فوق,15
راسك,15
لوكان,15
الخير,15
خدمة,15
قهوة,15
معاهم,15
كانو,15
حبة,15
تهدر,15
رايحة,15
4,15
فمك,15
باغية,14
مالك,14
نشوف,14
أونقلي,14
مدام,14
راكم,14
خليني,14
ياه,14
علينا,14
يدي,14
مليحة,14
شويا,14
شاف,14
قتلك,14
قعدت,14
دايمن,13
خوك,13
تتزوج,13
اي,13
قالو,13
شي,13
بابا,13
@@Lاط@@ذ,13
بلا,13
لوطو,13
قالهم,13
مام,13
دي,13
نورمال,13
سلعة,13
دايرة,13
دارنا,13
لدار,13
قال,13
منا,13
كيفاه,13
ب,13
يقول,13
جماعة,13
داير,13
فيهم,13
اون,13
زيد,12
راجل,12
خاطر,12
ساعة,12
شفت,12
نروحو,12
يقولو,12
له,12
سيدي,12
مليون,12
مالكي,12
يقولها,12
قعد,12
رجال,12
زواج,12
شيرة,12
علابالي,12
تاعهم,12
10,12
تخدم,12
دعوة,12
معاها,12
بلاك,12
روحه,12
بوك,12
زين,12
شباب,12
حق,12
معاكم,12
يبغي,11
(,11
خدام,11
نشوفو,11
اف,11
حلال,11
درت,11
تعرفي,11
ريحة,11
شيخ,11
مليح,11
رحت,11
داك,11
قبيلة,11
ورقة,11
قول,11
يروح,11
تاكل,11
جاو,11
با,11
مي,11
كبير,11
معنديش,11
دوصيي,11
معانا,11
تعرف,11
لحم,11
تاعها,10
ياك,10
جمال,10
لاباس,10
قتله,10
نموت,10
قناة,10
هنايا,10
مدينة,10
نولي,10
يدير,10
راح,10
داخل,10
هادوا,10
بيكم,10
وحدها,10
لقيت,10
قليل,10
تلقاهم,10
قتلها,10
فات,10
نتزوج,10
دخل,10
نعطيك,10
صغيرة,10
عايش,10
نعم,10
تزيد,10
قلبي,10
فاتك,10
وهرانية,10
براس,10
راسي,10
شهر,10
نقول,10
الليل,10
كرية,10
صغار,10
نسقسيك,10
تخرج,10
ماكنش,9
بلع,9
نفهمك,9
مك,9
دونك,9
وحدين,9
طلع,9
صرا,9
باع,9
كيراك,9
قالولي,9
منها,9
خرجت,9
جديد,9
ولات,9
شعب,9
كلش,9
لكم,9
ياكل,9
شيرات,9
سيد,9
تفضل,9
فوهران,9
ماكلة,9
لوهران,9
بيان,9
وجه,9
مغرف,9
شاه,9
يعرف,9
باب,9
تالية,9
فرونسي,9
نزيد,9
تلقى,9
تحت,9
صوالح,9
عرس,9
مول,9
بلاصة,9
نخدم,9
كنا,9
كيف,9
بارح,8
اسكت,8
يا ا,8
6,8
تكري,8
يقولوا,8
هيا,8
غاشي,8
بون,8
عبد,8
ولي,8
مساكين,8
ا,8
قضية,8
عليهم,8
دكتور,8
تشوفي,8
عريس,8
بلاد,8
بنعمي,8
داها,8
صغير,8
جيب,8
نقعد,8
ادي,8
عشية,8
تقولي,8
الحمد,8
لنا,8
يسلمك,8
دخلوا,8
للبحر,8
كاينة,8
زينو,8
بلعي,8
يهدروا,8
دليلة,8
نخرج,8
مصطفى,8
مكان,8
تما,8
نعرف,8
باغيين,8
سنين,8
جزايري,8
خص,8
بروبلام,8
عندهم,8
سبع,8
دجاج,8
حمار,8
قالوله,8
جايين,8
يقولك,8
تجيب,8
باينة,8
نخاف,8
خالتي,8
حال,8
هود,8
ارواح,8
بيا,8
بزوز,8
بيشة,7
تبيع,7
هارندوا,7
مسلسل,7
50,7
سمحيلي,7
تاعكم,7
سيرتو,7
عاد,7
تبعني,7
وهارنة,7
ليا,7
البنت,7
طعام,7
نلبس,7
بيك,7
دوار,7
يسكن,7
ولاو,7
كلب,7
لازم,7
جزايرية,7
ماه,7
حساب,7
بوه,7
ألف,7
بارك,7
مولخير,7
دورو,7
تلات,7
نقولها,7
وحده,7
),7
وخداخور,7
عبدقا,7
باه,7
نهدرو,7
تدخل,7
ف,7
علي,7
جينا,7
لول,7
عرب,7
ملهيه,7
راجلي,7
تدي,7
ارواحي,7
لرض,7
المهم,7
نار,7
نقارع,7
تليفون,7
القادر,7
غاديش,7
طاح,7
فوته,7
نشاء,7
قولي,7
مداري,7
صح,7
يجو,7
عايشة,7
تقوله,7
ندخل,7
بن,7
يروحوا,7
نسا,7
اسمع,7
صحاب,7
هديك,7
جزاير,7
قالتلها,7
قعدوا,7
ديتها,7
ماكان,7
عارفة,7
كيراكي,6
ليزامريكان,6
يشوف,6
نديها,6
هدر,6
تقد,6
نكونو,6
فدار,6
بعض,6
فتيتة,6
وصل,6
وصلنا,6
5,6
حلوة,6
45,6
قرعة,6
لقا,6
فيكم,6
تو,6
حالة,6
قاطو,6
حاي,6
بوها,6
ليلة,6
كبار,6
دوروا,6
ماء,6
نكملو,6
جابك,6
أي,6
اوك,6
رايح,6
سمحلي,6
مرت,6
احنا,6
قلتلك,6
قارعي,6
فرحت,6
شاشرا,6
لو,6
خمس,6
حاسبة,6
طيب,6
تلاتة,6
زينة,6
ديرها,6
حس,6
النهار,6
خاطرش,6
بالله,6
مرته,6
تبرادي,6
خرج,6
سؤال,6
الجامعة,6
منه,6
اسكتي,6
عكاشة,6
شغل,6
راس,6
دخلت,6
بطاطا,6
ماغديش,6
 ,6
الحرب,6
رمضان,6
حياتك,6
سردينا,6
الواد,6
ملايير,6
تلاقيت,6
شبانية,6
ليزانديان,6
فاهم,6
عارف,6
اسمعي,6
دور,6
بعيد,6
قراية,6
قريب,6
علبالك,6
تحوس,6
لهم,6
شير,6
خصني,6
هاداك,6
روحت,6
ندي,6
ايه,6
للجامعة,6
نوضي,6
دنيا,6
نحكيلكم,6
قلتلها,6
ياضرا,6
نجيبلك,6
فاتت,6
عطيها,6
الهدرة,6
غالية,6
فرحان,6
سبحان,6
بنتك,6
داري,6
نعاود,6
هادوك,6
يقوله,6
جامي,6
دخلو,6
7,6
عيد,6
فليل,6
متقدش,6
عمره,6
بيهم,6
زمان,5
الحال,5
امان,5
نورمالمون,5
محمد,5
ممثلين,5
تالي,5
فينا,5
حنايا,5
هايا,5
نحبس,5
اذا,5
مزية,5
درتها,5
خاطش,5
تروحي,5
رخس,5
راحت,5
أرواحي,5
يحفظ,5
الناس,5
لمك,5
ريح,5
واحدة,5
كلاب,5
بروحك,5
عايشين,5
مهبول,5
صاي,5
ليل,5
بدا,5
شت,5
جمعية,5
بز,5
مفتاح,5
يدخل,5
مرتك,5
نديروا,5
اليوم,5
جوارين,5
فور,5
هه,5
طماطيس,5
وحدي,5
شفتني,5
معنتها,5
بنات,5
حي,5
كيفكيف,5
جيبيلي,5
ناضت,5
كبرت,5
نعيش,5
دم,5
صحيت,5
روحها,5
تكوني,5
فاميليا,5
نزيدو,5
نولو,5
فهمتني,5
كلام,5
بولبو,5
خيما,5
يدك,5
عباد,5
علام,5
بيبي,5
ربع,5
نخلطو,5
شوي,5
فالدار,5
حتي,5
تلقاه,5
ماتش,5
فيديو,5
لهجة,5
مالها,5
مادم,5
تمشي,5
يدخلو,5
زيروا,5
خلينا,5
نحكي,5
الياس,5
كتر,5
جو,5
دايرين,5
ملاح,5
ليام,5
رانيش,5
نقعدو,5
قسبر,5
قليلة,5
عيدان,5
طابلة,5
دومينو,5
دقايق,5
علبالي,5
قدام,5
تلقاها,5
يلعب,5
حانوت,5
شحال,5
عاود,5
نجيب,5
يدوها,5
جبت,5
نقولكم,5
باغيني,5
تقرى,5
هات,5
قتلهم,5
مفاتيح,5
دقيقة,5
حياتي,5
معسكري,5
نقولو,5
يخرج,5
قور,5
لافامي,5
بشوية,5
وما,5
أرض,5
تماك,5
كنتي,5
جلابة,5
صاحبه,5
فطور,5
أيام,5
يحوس,5
لتاي,5
يهدر,5
وخدوخرا,5
مور,5
نقرا,5
بو,5
سليمة,5
بغا,5
نقيس,5
حقه,5
عمي,5
هاكي,5
خاطرك,5
توفيق,5
راسه,5
خطاش,5
40,5
بوكو,5
ودي,5
نطلع,5
شاولا,5
يحفظك,5
نعطيكم,5
حميد,5
تاعش,5
كيلو,5
عود,5
حتا,5
كحلة,5
عيط,5
قدامك,5
مرقة,5
جهة,5
يكري,5
يخلص,5
ميرسي,5
خلي,5
نكمل,5
حد,5
تقبل,5
يبارك,5
قش,5
غالي,5
بعضهم,5
يظلوا,5
كوارا,5
هدي,5
الطريق,5
حكاية,5
أأي,4
شاب,4
واجدة,4
نتايا,4
كرعين,4
لالجيري,4
أنيا,4
دخلنا,4
دخلوها,4
عينيا,4
تحسب,4
مهبولة,4
فجزاير,4
تقعد,4
ولادك,4
نشرو,4
جميع,4
عطاوك,4
سبنيول,4
يافي,4
خدم,4
يكدب,4
حل,4
نكري,4
حياتنا,4
يخرجوا,4
لواطا,4
نجم,4
سمع,4
يشوفنا,4
نظام,4
شد,4
راجلك,4
جال,4
روطار,4
شوفلي,4
يديرو,4
صرالها,4
قبلت,4
طلقني,4
ولادهم,4
نطلب,4
رافد,4
بدات,4
تزقي,4
بنتكم,4
لافي,4
شروط,4
وليتي,4
حرام,4
خرجي,4
تفوا,4
راهش,4
قدرة,4
تعيش,4
مبغاوش,4
لمن,4
نوضيه,4
كريم,4
فتليفون,4
شيباني,4
يرحمه,4
تسقسيه,4
تتمشى,4
منديرش,4
تولي,4
سما,4
فايت,4
يدور,4
معرفتش,4
علابالك,4
تلحق,4
ميقدش,4
تديها,4
يدها,4
توجوغ,4
وجهي,4
معندهاش,4
عطاوها,4
قروب,4
قلتي,4
الف,4
خمسمية,4
ألجي,4
لألجي,4
ملف,4
معلبليش,4
لباس,4
بصحتك,4
نفس,4
نوع,4
بمعنى,4
هدري,4
بعدا,4
شكارة,4
بنادم,4
بسم,4
ديركت,4
وليدي,4
كملت,4
فيس,4
عادي,4
فلي,4
لابورس,4
دفعته,4
تعرفوا,4
قاعدة,4
راحتلي,4
غدوا,4
براهيم,4
عيان,4
زيت,4
ثوم,4
كروطة,4
وزين,4
الشيطان,4
حمير,4
صيادة,4
فارية,4
مرزاق,4
خته,4
يعاود,4
بغيتي,4
مني,4
نتفاهموا,4
قدامي,4
فلواد,4
كولي,4
طالع,4
واقفة,4
وليت,4
نخمم,4
فايدة,4
نقد,4
بنة,4
ملح,4
معسكر,4
ليزبيس,4
داروها,4
اسمي,4
للدار,4
بها,4
فلعين,4
هاه,4
لياه,4
مرايا,4
تهدري,4
عندكم,4
تشوفو,4
خضرا,4
يلعبو,4
بنينة,4
تفوت,4
عمك,4
يديك,4
جبتلك,4
بنيادم,4
ندخلو,4
1,4
بداو,4
حامي,4
تقيلة,4
نديروها,4
طاجين,4
نقي,4
كلمار,4
بغاو,4
ارفد,4
تخونوا,4
ليقلك,4
لفت,4
فوتها,4
فاتحة,4
عروسة,4
باين,4
عرفت,4
يبدا,4
ساهل,4
انت,4
رجع,4
دبر,4
او,4
لكحل,4
بلوطو,4
ايام,4
روز,4
صحيتي,4
توعنا,4
يتمشى,4
دارها,4
يقولوها,4
قلب,4
فمها,4
صاحبك,4
خوه,4
يزيد,4
نطير,4
كوبوي,4
نحكوا,4
القط,4
قالولها,4
الباب,4
واد,4
بحر,4
ساردينا,4
جيبلي,4
بليس,4
كوبل,4
الوهرانية,4
اعطيني,4
نحوس,4
باي,4
عين,4
يعجبك,4
ز,4
نزقي,4
يخليك,4
حمود,4
باطل,4
ستغلي,4
موضوع,4
خارج,4
خمسة,4
خطرات,4
تبان,4
عشا,4
يمد,4
تخرجي,4
يبيع,4
اسمحولي,4
يولي,4
راحو,4
والديه,4
تخلص,4
منطولش,4
بالي,4
تاريخ,4
تحكي,4
فيل,4
داورو,4
قعدنا,4
تاوعنا,4
عكلي,4
العرب,4
لسوق,4
خبز,4
بغات,4
يديروا,4
وهراني,4
حسني,4
كيراكم,4
كرا,4
سليم,4
منهم,4
هاي,4
كملنا,4
نجاح,4
قلتلهم,4
فو,4
ميمتي,4
غولة,4
نتلاقو,4
بيبان,4
قاعد,4
لفرنسا,4
عيطت,4
نيشان,4
قتلكم,4
الى,3
علابيها,3
تدخلي,3
يديه,3
طبق,3
ماميدوا,3
يستر,3
صحبتك,3
شبيبة,3
جزايريين,3
بوراك,3
ورد,3
يرجع,3
صحبة,3
غلمي,3
قو,3
نبدو,3
فحريرة,3
رواح,3
ديروا,3
نحطو,3
حبات,3
خضرة,3
يلعبوا,3
عمر,3
وهايا,3
دزاير,3
قعدو,3
ايوا,3
خوتي,3
يبيعو,3
كروية,3
تغلي,3
ربطة,3
نحطها,3
يباعروا,3
الباراج,3
تسمعي,3
خاصني,3
محاصره,3
تعرفش,3
ليك,3
درسة,3
جدي,3
لاميري,3
درتي,3
كيسان,3
رحبا,3
نجيبو,3
22,3
أودي,3
اسم,3
خطراتش,3
فلفلة,3
واجد,3
حلو,3
قعدي,3
ميت,3
نديرها,3
طيبي,3
قضبي,3
تلت,3
لاصوص,3
خليه,3
خبر,3
طلعنا,3
كاتقوري,3
قلبه,3
براني,3
خفوا,3
معيا,3
اريي,3
النار,3
والله,3
كاميون,3
لمرته,3
لاتاي,3
درنا,3
ديراكت,3
يبغيها,3
مارهش,3
قادر,3
لاكريم,3
بداك,3
مت,3
يقرى,3
فوا,3
حنة,3
ليزاميركان,3
يدوروا,3
يخافوا,3
منعرت,3
دارو,3
حباب,3
يوكلوا,3
تكمل,3
نبغيها,3
يشرب,3
بالضرب,3
سمعي,3
يضل,3
راقد,3
يشوفوا,3
متال,3
قفل,3
يسموا,3
يوقلي,3
عشنا,3
ينشنا,3
جديدة,3
ذهب,3
يفطر,3
فيلم,3
عربي,3
راقدين,3
خلصنا,3
ترونتميل,3
مقبرة,3
نحكيها,3
سروال,3
يعيطولهم,3
لواست,3
يقد,3
خاوية,3
ضربة,3
الما,3
وجهك,3
واش,3
تشعل,3
400,3
تعيط,3
شر,3
ليفغونسي,3
عينك,3
شرع,3
20,3
بات,3
كبش,3
شجرة,3
ولدك,3
طول,3
شركة,3
طيح,3
يجري,3
الراس,3
الحديث,3
جاك,3
لفرونسي,3
اسبانيول,3
يتزوج,3
دارك,3
روحو,3
ضربني,3
امها,3
عسل,3
الدنيا,3
النصارى,3
للمعسكريين,3
30,3
خسارة,3
جاء,3
هرب,3
يد,3
يبقى,3
نشف,3
قالتله,3
جيناكم,3
دخول,3
بيس,3
شوفور,3
موسيقى,3
راي,3
عيب,3
نقص,3
نوصلك,3
طويلة,3
بنان,3
مبقاش,3
فهميني,3
غالب,3
عيني,3
طيري,3
سبور,3
سيمانة,3
الغاشي,3
اللهجة,3
-,3
تحشم,3
مراكش,3
تسقسي,3
خاين,3
ديما,3
تنوض,3
برك,3
عرفتني,3
نعوم,3
تعومي,3
بديت,3
يخلف,3
علابلك,3
خصك,3
الدار,3
واك,3
نشبهولها,3
وحدك,3
نخلص,3
نعاودو,3
لغة,3
بجزايرية,3
ايستواغ,3
عقارب,3
نكون,3
احسن,3
زعفان,3
قافز,3
نوجدوا,3
مادام,3
سامط,3
شوربة,3
مراقي,3
منبغيش,3
زيتون,3
نطيب,3
منعرفش,3
نيفو,3
الصحة,3
بقلاوة,3
مريكان,3
فقناة,3
مليار,3
أحنا,3
قريت,3
رزق,3
تقارعي,3
سوق,3
دلاع,3
شريت,3
جمعة,3
شتي,3
نبدل,3
خصنا,3
لهيه,3
منهدروش,3
نقابل,3
رفدتها,3
تسكني,3
ألوغ,3
يبغو,3
تصور,3
دولة,3
قعدة,3
ديرو,3
مزيا,3
مو,3
سلكني,3
لقاه,3
ارجى,3
تديه,3
بالسلامه,3
اييه,3
صافي,3
موا,3
الهزيه,3
لعمرك,3
نسكن,3
هاذي,3
جبتوني,3
ديه,3
يرحم,3
املي,3
يطاوعوا,3
يخدموا,3
يسموه,3
فدوك,3
نحبك,3
حرب,3
ياكلك,3
سوسن,3
الحلا,3
تزوج,3
انتي,3
بنيه,3
احمد,3
200,3
ضد,3
لسان,3
كيفك,3
ديرلك,3
درتو,3
شيبانية,3
عادة,3
نسمع,3
عللى,3
دراع,3
قيرا,3
رواحنا,3
عقلك,3
خطاك,3
امبوسيبل,3
منقدش,3
كامل,3
لافير,3
تعطيه,3
ولاده,3
يعيش,3
عقبة,3
تاوعه,3
حطيته,3
لخرا,3
أبيي,3
كرعيك,3
كياسة,3
بنتها,3
8,3
بروحي,3
25,3
جنيرال,3
فزواج,3
يخمم,3
يدبر,3
ملقيتش,3
فلانة,3
خواتتها,3
حاسب,3
للواد,3
خلادر,3
خف,3
أه,3
هاو,3
تعاير,3
حب,3
نجيك,3
يقيس,3
نستاهل,3
يخدم,3
سمعوا,3
ديله,3
عطيه,3
بسلامة,3
نتفاهم,3
حومة,3
فليتشة,3
لها,3
معمرة,3
لافمي,3
نو,3
يستاهل,3
خبرني,3
نطل,3
تاكلي,3
دخلك,3
قتولي,3
وخدوخرة,3
اسمك,3
هادك,3
وينتا,3
نريح,3
هاهو,3
انعل,3
راكش,3
د,3
ديت,3
تري,3
نسيت,3
رب,3
مغبون,3
طويل,3
سو,3
انسان,3
عرة,3
تا,3
داروا,3
نجيبها,3
التبن,3
ضرب,3
حط,3
جاب,3
أنواع,3
وجهه,3
حقهم,3
يجيب,3
متشدليش,3
نشدلك,3
دوسيي,3
فخر,3
معها,3
صحبتي,3
مالا,3
يزقي,3
طيبلك,3
يسلك,3
جمع,3
يحلم,3
قوله,3
كولا,3
كمل,3
دخلني,3
يحكم,3
استاد,3
لقاو,3
السلام,3
بيع,3
مبروك,3
جايبين,3
قلبك,3
واقيلا,3
تصيد,3
معمر,3
بسيف,3
جيتي,3
صوالحه,3
خالد,3
منك,3
أني,3
قابل,3
دارولي,3
جبتها,3
تشرب,3
تفضلو,3
تخلصوها,3
يعني,3
معندك,3
زوليخة,3
يموت,3
قلعت,3
قلنا,3
نعيط,3
ولده,3
ساكنين,3
ديزولي,3
تفهم,3
اقسم,3
نريمان,3
حسين,3
حبس,3
صبحة,3
بابوش,3
تاكلني,3
هكدا,3
ضياف,3
بيناتنا,3
دراري,3
حضارات,3
مواطن,3
حزب,3
يعرفها,3
ايرجون,3
بورس,3
تبلع,3
خدامة,3
بروجي,3
نيك,3
100,3
لاقي,3
نهود,3
نعاودها,3
خليها,3
تخليها,3
يعطيه,3
قرايتي,3
مدولي,3
مشينة,3
خوها,3
رنا,3
لوزين,3
عمال,3
مها,3
خارجة,3
دارت,3
دج,3
بركي,3
عينين,3
عدنا,3
الحمام,3
مدخلك,2
يوسع,2
زيفطله,2
لولدي,2
حسيت,2
وصفة,2
جبتلكم,2
أاه,2
نبيكي,2
يعشي,2
كيراها,2
ديرولي,2
مدابزة,2
حطني,2
جعت,2
نحكيلك,2
عندكي,2
رسول,2
تراتقي,2
متحشمش,2
دايهم,2
انيا,2
دراهمك,2
كازيرنا,2
خرجنا,2
طاحلي,2
لحق,2
خايفة,2
نقضي,2
هاكك,2
بقري,2
مبغيتش,2
فمي,2
يخدمو,2
صباطي,2
قانون,2
لابوبال,2
قد,2
ولت,2
كارطا,2
افار,2
سوندويش,2
كرانتيكا,2
ممنوع,2
يعاونك,2
شهادة,2
زبي,2
ظلي,2
مراها,2
شومبرا,2
ترقد,2
سوندويتش,2
ديرلي,2
ندريلك,2
به,2
فري,2
شم,2
قالتلهم,2
منزيدش,2
كالمي,2
لافوكا,2
قرار,2
ساهلة,2
تاخد,2
برايي,2
نديهم,2
مدوخنيش,2
مرة,2
دوق,2
الطبيب,2
خيرك,2
امبريمونت,2
مسؤولية,2
تعلم,2
لابوغس,2
للأردن,2
ماستير,2
فوبيي,2
قلاليل,2
خاطيهم,2
عم,2
مالكم,2
جيبي,2
خدمت,2
فقروب,2
يحوسو,2
كيفها,2
كيفكم,2
سامحني,2
خرا,2
طبايع,2
خطبة,2
جزائري,2
أورو,2
مراية,2
مطلوعة,2
مدمر,2
عاقل,2
يجيبلي,2
تهرب,2
قديتش,2
تعرفني,2
نغسل,2
سبيسيال,2
ليزاباج,2
يكحل,2
ميساج,2
معلي,2
تيتو,2
مكلوب,2
عيطي,2
تعطيني,2
ميتصنعش,2
بطاين,2
مديرهاش,2
روبو,2
زهر,2
الدولة,2
شري,2
نوض,2
ندبر,2
تشو,2
عقد,2
ملكطة,2
تخطبني,2
بوالو,2
طرت,2
بفرحة,2
وصلت,2
سوي,2
طولت,2
اسمعني,2
فهمت,2
تليفونك,2
مخلوقة,2
يتبع,2
يرسلوه,2
للسكريتيرة,2
رقم,2
الفرنسي,2
الداكرة,2
بنتهم,2
اله,2
تنقرشي,2
غسلتي,2
ديلك,2
مطلوع,2
صبحية,2
باعهم,2
ناصر,2
مراهش,2
اصلن,2
ترفد,2
دوايان,2
حطيت,2
قالتلي,2
رسلناه,2
بوغ,2
سا,2
اوموان,2
نجيبهالك,2
تبدلي,2
فهدرة,2
تكدب,2
اكيزي,2
تقوليلي,2
ستدعيتك,2
انشا,2
المرحوم,2
جلابتي,2
وخري,2
نسب,2
لشاف,2
نشاور,2
تفضلوا,2
صبع,2
بصنعة,2
تشالي,2
تشوفش,2
نسيتي,2
واقيل,2
يقابله,2
مية,2
متين,2
داروله,2
والوا,2
تعايري,2
تعرفيه,2
مقلق,2
طلعي,2
اوغفوار,2
ريحو,2
فوزارة,2
حقا,2
جوغ,2
لبابا,2
ودروهلي,2
تقعدي,2
ماليك,2
وبويا,2
بريكة,2
نشعل,2
معلابلكش,2
يخطبوا,2
اههم,2
حمام,2
صيدت,2
تعلب,2
يحضروا,2
خايف,2
اقطع,2
حشمان,2
طيارة,2
رايكم,2
اتفقنا,2
رايي,2
يدو,2
حقي,2
استادة,2
هاولا,2
تهبل,2
نتكلو,2
بالاورو,2
لفيلا,2
متعرفش,2
متكطعليش,2
تسمع,2
وياها,2
تجيبش,2
شاري,2
البيع,2
نقارعو,2
بغى,2
ميليقش,2
جون,2
صافا,2
سومة,2
لل,2
بش,2
كوراج,2
الو,2
ممبعد,2
منقدوش,2
بطيمات,2
حالتك,2
امك,2
يجيها,2
الوجه,2
نعطيش,2
العائلة,2
لبلاصتك,2
صشيات,2
مورصويات,2
دراهمه,2
بابيون,2
سونس,2
كورتاج,2
نخلي,2
الصباح,2
لماما,2
أملي,2
ريكتور,2
بشير,2
سلم,2
قله,2
ودرولها,2
نديك,2
موالف,2
حبيبها,2
حبيبتي,2
قليع,2
زايدين,2
كابرين,2
دمر,2
صي,2
غيقالي,2
لبنات,2
كاتيقوري,2
يعرفوها,2
شبر,2
تم,2
سوا,2
نكره,2
يعيطلي,2
مشاكل,2
غيكتور,2
كلاست,2
جري,2
تعاود,2
وسط,2
الكلاب,2
استر,2
وليد,2
وقف,2
رسلنا,2
تحته,2
مبلقة,2
الخبر,2
وصلتني,2
اسمعوا,2
عمرها,2
طلقتو,2
النسا,2
شاندير,2
خضر,2
متشرفين,2
وياه,2
حبا,2
امر,2
سكن,2
غبينة,2
يقلع,2
رسلوه,2
وخداخر,2
دوصيات,2
ديركتريس,2
صوالحك,2
مولا,2
فناس,2
مننساش,2
عرقان,2
السكنة,2
ديلي,2
جانا,2
خاطينا,2
رونديفو,2
جيتك,2
داولك,2
جدك,2
تبعوني,2
فاكتور,2
ينعله,2
يخزيه,2
رقد,2
صاشيات,2
لابستي,2
أمن,2
نكمله,2
عاوديها,2
ليستوما,2
نديلك,2
نندبه,2
لغاية,2
تنقرش,2
بهاد,2
رواحهم,2
بالك,2
محطوطة,2
قوليلي,2
ينوضوا,2
ينوض,2
فاميلتي,2
يدوهالك,2
بي,2
تلق,2
نشوفوا,2
نقضب,2
واح,2
يطلع,2
حقرته,2
اربع,2
قلة,2
دهان,2
أعطيني,2
يامات,2
نمر,2
نصيده,2
داخلها,2
فوتناها,2
رواحكم,2
نتيري,2
اهه,2
مجيت,2
حيط,2
قدامها,2
تزير,2
ولينا,2
كتبهالي,2
حاسة,2
غابة,2
ملك,2
قمجة,2
جريت,2
معلبالهومش,2
كروش,2
جاوني,2
نديلهم,2
دخلي,2
خلانا,2
وزير,2
قلع,2
روحله,2
هودي,2
غسلي,2
بارودي,2
أمانة,2
كرعيا,2
بانتش,2
روحلي,2
يطيح,2
تعقل,2
كومبلي,2
24,2
18,2
حياته,2
عيشة,2
يتزوجو,2
يفوت,2
متتقلقيش,2
خرجتي,2
نده,2
ختك,2
فخاد,2
بوربو,2
مقتلكش,2
يجروا,2
يطبطبوا,2
فلخلا,2
تسكن,2
فلحمام,2
حوست,2
يروحو,2
باغ,2
خلصة,2
توصل,2
غلاصو,2
ج,2
يبني,2
لافونير,2
ضو,2
لحد,2
الان,2
أمور,2
البلاد,2
بوات,2
فوكال,2
فوقها,2
دوسيات,2
عاودت,2
قادة,2
بيقوس,2
الحقيقة,2
قهوك,2
عكرمي,2
حبيبي,2
فروح,2
كبر,2
لعبنا,2
ولدها,2
مساج,2
بلعاني,2
يديلك,2
تبعو,2
كادب,2
كاري,2
صاليغ,2
تمنمية,2
يكملو,2
شفتها,2
فيزا,2
ميتة,2
سينو,2
افونس,2
فشهر,2
معيشة,2
عاجبني,2
كونترا,2
تاكلونا,2
كوزينة,2
نطيبو,2
قضيان,2
يكتر,2
عدد,2
صريح,2
جدا,2
غاديين,2
رايهم,2
اسمنا,2
عطاك,2
يسعى,2
رمضانكم,2
قلي,2
شان,2
زيقو,2
3000,2
متر,2
خرجوا,2
نريحو,2
130,2
بيض,2
داوها,2
يصيد,2
موسطاش,2
باغاي,2
شرعي,2
طبيب,2
سلاح,2
دايها,2
جيلية,2
باركينق,2
فيف,2
نخسر,2
تسوى,2
يتجمعو,2
للحراك,2
ترونكيل,2
نيبان,2
سكت,2
علمي,2
كابيني,2
لابس,2
سفيان,2
ينورك,2
شاعر,2
قصبة,2
إبراهيم,2
بونا,2
بلاوي,2
اهل,2
عبدق,2
بينا,2
يطول,2
حراك,2
كتب,2
حطها,2
تصويرة,2
خلا,2
كلمات,2
قصيدة,2
تشوفوا,2
هاتولي,2
جبتي,2
الصاك,2
تتزعبل,2
ذراعها,2
جولي,2
بال,2
هاها,2
همة,2
سعد,2
خونا,2
يرحمهم,2
10000,2
كلم,2
منزعف,2
الحمري,2
شيكاغو,2
الرصاص,2
يعايط,2
راهمش,2
نشوفه,2
يكتب,2
آها,2
ليكيب,2
قوتي,2
لعمر,2
مصفارة,2
زهرة,2
وسقساه,2
العلك,2
اياك,2
بس,2
فشل,2
تعبنا,2
نخدموا,2
ضوي,2
فيلاج,2
يضربونا,2
اسمعتي,2
الشعر,2
نخبرك,2
لأرض,2
شوابين,2
قالت,2
يانا,2
البوليسيا,2
آه,2
بمشروع,2
ألي,2
رايك,2
حضارة,2
لياس,2
حمري,2
بسلاما,2
يبغيك,2
16,2
فنهار,2
سيناريو,2
خدمنا,2
تبقى,2
نحلك,2
نكويه,2
يتعدى,2
تفوتي,2
تواحد,2
صدق,2
تقولك,2
ماني,2
نكدب,2
يعرفو,2
يعايرو,2
بلادي,2
علامة,2
عجبتكم,2
ميلانو,2
قيمة,2
نبيعو,2
عيينا,2
تفرقة,2
سلامات,2
أنت,2
ديني,2
دوني,2
أرواحوا,2
فنان,2
مسخين,2
شيكي,2
تتبدل,2
وهرانيات,2
تزدام,2
قارعو,2
منارفية,2
تشوفيها,2
فرنسا,2
فواحد,2
نعيشو,2
تنجم,2
سون,2
وخروا,2
خيره,2
غاز,2
يرفد,2
لاخور,2
سير,2
ة,2
تمشى,2
نصيدوا,2
نزيدك,2
جابوك,2
قلتهم,2
حبست,2
علك,2
جيست,2
تبدل,2
فريمو,2
زكارة,2
يديرها,2
ذرة,2
حركي,2
ماكياج,2
اوكوغ,2
تسيلي,2
بعرق,2
فريمون,2
متل,2
طحت,2
نحبسو,2
مكاله,2
مشروع,2
ناجح,2
غوب,2
دجين,2
بيتوني,2
كتلني,2
جابوني,2
زعباطة,2
خاطيني,2
نزهى,2
ارجا,2
تشوفوهم,2
لاهي,2
شفتش,2
تقارع,2
ينسى,2
نبغيك,2
زاوج,2
جلبان,2
حمص,2
سفة,2
هاربين,2
مخرج,2
اكسيدون,2
سيتي,2
وقيلا,2
اخ,2
قريوش,2
صامصا,2
حشامة,2
قدامكم,2
عقرب,2
فدوار,2
مرسي,2
تعجبك,2
لمان,2
نلعبوا,2
لاصق,2
زعاقة,2
لدروك,2
تلعب,2
جيفانتيس,2
120,2
نقولهالك,2
تضحكي,2
مشتنيش,2
تنساش,2
بصراحة,2
بعين,2
بكينا,2
يلقى,2
عقلية,2
دخليه,2
قايسيه,2
نيميرو,2
حلاب,2
اوه,2
فوت,2
مدابيا,2
فهم,2
تاغ,2
سندريلا,2
دايوغ,2
شولا,2
ناكلو,2
قنت,2
خلصي,2
ناكل,2
عرق,2
راهيش,2
تعجب,2
الشر,2
فلدار,2
اسمحلي,2
لافوت,2
قوس,2
غراوين,2
أندياني,2
صفا,2
قولها,2
مشقاقش,2
اليكي,2
بياس,2
حرمة,2
سربيتا,2
رجلة,2
هده,2
مانبيعش,2
تي,2
موت,2
تموت,2
حوجيانا,2
نعلمك,2
منيتك,2
مشكيتش,2
دوفينيغ,2
موك,2
كرواسون,2
طلقوني,2
تكتلوني,2
ماتبوجيش,2
نلعب,2
نفوت,2
معروضين,2
ضحك,2
سقسيت,2
هايلا,2
يكونوا,2
تجري,2
ايلك,2
جهد,2
نسقسي,2
يقولي,2
ليزيزبانيول,2
لبس,2
ساكتين,2
قلوب,2
الحليب,2
فوالا,2
الحب,2
احترام,2
مينو,2
ملبا,2
كراميل,2
قحبة,2
ملي,2
33,2
النسب,2
نخطبو,2
هد,2
حطيست,2
حقانية,2
يلبس,2
نقارعوا,2
بان,2
فلوطو,2
عطاوني,2
لارقة,2
عتمانية,2
بهلول,2
باقي,2
متصراش,2
ندور,2
فار,2
ابوه,2
الذيب,2
ترك,2
تقلي,2
يخاف,2
لحانوت,2
منبيعش,2
المشينة,2
القعاد,2
تسعة,2
قاطعي,2
اليدين,2
يابسة,2
لقطة,2
نخطبلك,2
قاورية,2
تولد,2
تلقا,2
مال,2
ياكلوا,2
ناشف,2
تشري,2
فردة,2
مابنالي,2
واللي,2
بيعو,2
زوالي,2
بنتنا,2
تعطوني,2
خاطيك,2
المندبة,2
ولى,2
ربعة,2
رجلها,2
يشري,2
جمل,2
الشرق,2
توجور,2
قبر,2
جارك,2
الطفلة,2
بليلة,2
بحيلة,2
ندوش,2
نديره,2
فرق,2
بين,2
فاتو,2
قارو,2
فا,2
يرحمها,2
فطوركم,2
شرا,2
جارتي,2
الميت,2
الباي,2
الكبير,2
1834,2
5000,2
دابيتون,2
69,2
ألمون,2
الأجناس,2
متحصيش,2
ميزانك,2
متزوج,2
قضبنا,2
بزين,2
تلاقي,2
مشحاح,2
دفلة,2
تفاح,2
العين,2
والا,2
يعلم,2
الفار,2
حفار,2
طالبة,2
الكحل,2
ظهر,2
فراش,2
60,2
حكم,2
نقيه,2
راجلها,2
حسب,2
باتوا,2
كاينين,2
تارم,2
أمتلة,2
دوزيام,2
ميل,2
حليب,2
نشري,2
غاليين,2
أوفيغون,2
هوية,2
فلسطين,2
لجزاير,2
نسموه,2
سماوه,2
توالا,2
مخ,2
اخر,2
علم,2
خاوة,2
يعطيك,2
حكيلنا,2
عجب,2
ناض,2
ملفوف,2
راسيست,2
يفتو,2
ميزيرية,2
بزوج,2
يتكل,2
بشنوية,2
الامور,2
راية,2
1942,2
ليفرونسي,2
تابعين,2
ليزاني,2
دخلها,2
عوم,2
شافوك,2
العيد,2
ارواحو,2
تستاهل,2
مكتوب,2
كومارس,2
مينوضش,2
يبلعوا,2
زكروم,2
سيتان,2
يقولوله,2
باغيا,2
نطرطق,2
تلبسي,2
يكملك,2
هندي,2
قبايل,2
تكونو,2
يفتح,2
هذا,2
لاخر,2
زهو,2
الصيف,2
لدارنا,2
نجري,2
صحابه,2
يبات,2
تبكي,2
لحمها,2
زرقة,2
نحكم,2
ظهري,2
نوضت,2
ليهم,2
لبسة,2
برنوس,2
يبكر,2
أريي,2
مان,2
بليجيب,2
كارتيي,2
الجديدة,2
ضيقين,2
يجوا,2
يدخلوا,2
لربي,2
علاش,2
كول,2
طبسي,2
يكونو,2
عوام,2
بورتون,2
شفناه,2
فشط,2
يحكو,2
يقصر,2
يدورو,2
ماتت,2
حسبوه,2
لقاوه,2
بوكي,2
خاتم,2
حلوى,2
تعجبهم,2
فاكية,2
لعروسة,2
عييت,2
لقينا,2
يشوفك,2
مهلك,2
ديميل,2
@@Lاط@@ء,2
وانا,2
شعري,2
الإرهاب,2
تهود,2
لخويا,2
سلكه,2
دودة,2
يهدرو,2
يقرو,2
حماية,2
جي,2
بارد,2
فطيرة,2
نتمشو,2
طايبة,2
يسموها,2
حبسنا,2
روحنا,2
نتقهوا,2
أرا,2
سموه,2
كافي,2
قير,2
مونديال,2
أهالي,2
هذي,2
باشي,2
تفاهموا,2
يحبسوهمش,2
توجدي,2
مرابيين,2
كيكوطة,2
قليهم,2
يضرب,2
يقابل,2
وعشرين,2
زدت,2
نا,2
دايريين,2
عشر,2
بوحد,2
حمان,2
كدب,2
بورميير,2
نجموش,2
مريض,2
كيش,2
براكة,2
رابي,2
معدنوس,2
قبضي,2
مقلة,2
كمون,2
طفي,2
ست,2
حاشاكم,2
خافت,2
جدتي,2
فرمضان,2
أكسيدون,2
كشفة,2
خايفين,2
شهرزاد,2
يدخلوهم,2
لابريود,2
بريزيمي,2
للعسكر,2
لوغدسيري,2
فرونسا,2
يعرفوش,2
يجيبوه,2
يقولهم,2
هارر,2
كترة,2
يعييك,2
شوفها,2
تطحنيها,2
تشيشة,2
فنجان,2
تبغيها,2
خفيفة,2
صنيفات,2
توم,2
يتفرج,2
أميرة,2
ديريه,2
ديره,2
مشروط,2
كوسنتري,2
مترتقة,2
متكتريش,2
نخلوها,2
لافاك,2
ضربت,2
بركانا,2
أسطول,2
قاصد,2
خدمي,2
ريستورون,2
نقيل,2
أوموان,2
مملحات,2
جيبوا,2
نجمع,2
كرش,2
مقطعة,2
الشوبيونا,2
بقى,2
أسكت,2
حرور,2
كركم,2
متقلوليش,2
تكتري,2
سردين,2
تزيدي,2
أصلا,2
شارم,2
زعفران,2
زوجة,2
طاحوا,2
خلاوهم,2
حشيش,2
طراف,2
كرافس,2
شاركي,2
يفهم,2
يبقص,2
جيبوه,2
تلعبي,2
عمتي,2
قارديان,2
محة,2
مهابيل,2
ألاف,2
مريضة,2
جرة,2
صحيح,2
العام,2
ردت,2
فعايل,2
بطريقة,2
فطرت,2
كليت,2
أو,2
كريمة,2
عراس,2
تنجمو,2
تقولو,2
نخليكم,2
عروبي,2
بص,2
مغارف,2
خيرت,2
بصل,2
2010,2
باردة,2
دارتلي,2
حكيلي,2
قندسي,2
زياني,2
يعس,2
ميعرفوش,2
مات,2
خيان,2
يحلو,2
نبكي,2
ملخدمة,2
يضحك,2
رده,2
صالحة,2
قرجومتي,2
صوالحي,2
جابت,2
أيمن,2
لستاد,2
أنايا,2
تحزن,2
صبحتي,2
الشيرات,2
يجمعوا,2
نروحوا,2
تقرا,2
فوزية,2
معلاباليش,2
خمسلاف,2
بونجوغ,2
تناقرفيا,1
جايني,1
ميديكال,1
ألو,1
طردني,1
للشباب,1
شربت,1
كوكا,1
غمزة,1
تفضلي,1
ويزيد,1
يبلع,1
البا,1
كونساي,1
بايتة,1
خطة,1
فتراب,1
نردمة ه,1
ندولها,1
نجروا,1
تقلعه,1
بما,1
تنفخه,1
تقلع,1
شرط,1
اهم,1
بينتيلي,1
ببروصادون,1
طارف,1
شرقه,1
ضرتني,1
سعدي,1
حطتلي,1
بالخوف,1
مغرب,1
نلعبو,1
خليتهاو,1
ريحي,1
عطاتني,1
جونداغم,1
نسكنو,1
لطبيب,1
اس,1
يحرزهم,1
بشعرة,1
سلكت,1
جبدتها,1
ايماجيني,1
متساعفيش,1
دمعي,1
رحتي,1
خفت,1
زراق,1
فرنك,1
حطيتها,1
ندسهوملك,1
هاتي,1
صغيرة ماما,1
مدلي,1
لبويا,1
فلاحة,1
شدي,1
بهدلتني,1
مستيكي,1
بكوستمة,1
سقده,1
عدله,1
وجا,1
لحكايا,1
حكاتله,1
دروج,1
راقدة,1
لقاني,1
بيرمانونص,1
تلقي,1
داخلة,1
نتحل,1
حديدة,1
تحوسي,1
لديسكو,1
اوتال,1
كراله,1
لراها,1
بطا,1
قلشاه,1
تقولوا,1
طاعة,1
حلاوة,1
تدوقي,1
تذوق,1
مش,1
معصية,1
مرورة,1
تحسوا,1
متأمنش,1
متشبعوهاش,1
تكلوها,1
يفطنوك,1
صحباتك,1
صحابك,1
عرضها,1
بطولها,1
اقزومبل,1
وتديه,1
ببطاطا,1
لجنوب,1
شمال,1
للغرب,1
شرق,1
نبغوه,1
عساس,1
نقيتهم,1
صنيفة,1
تنطحن,1
قطعتها,1
متوسطين,1
تعها,1
طاقة,1
تقدو,1
مورصو,1
تعنا,1
وقاري,1
بشكارة,1
بركة,1
نخدموها,1
وكيفاش,1
خواتتي,1
وحيدة,1
طريقة,1
يفهمك,1
أعق,1
تقوليله,1
لعند,1
قواية,1
متأترش,1
كابوية,1
سيقان,1
وديت,1
تحتاني,1
طيبو,1
سيزون,1
مورصيات,1
وقطعتهم,1
ضربه,1
يبعرر,1
ماشافش,1
لعمى,1
مننساوش,1
أخواتي,1
خصرة,1
هايلة,1
متحسبيش,1
فخارج,1
نوليلها,1
تبعديه,1
بالشي,1
يحس,1
يشم,1
تخليه,1
متبلة,1
منكهة,1
سكنجبير,1
بابريكا,1
نديرولها,1
نعطروها,1
تتقلى,1
ينقلى,1
كونسوتري,1
فالبور,1
يقارعوله,1
المعسكرية,1
حفلة,1
الدوفان,1
للباطوار,1
وقالوا,1
رشات,1
بليزبيس,1
معطرة,1
تاكلوها,1
كترتي,1
بهم,1
تحسي,1
ماغاديش,1
طولي,1
توالفها,1
مدة,1
تقتل,1
توقفي,1
شفتي,1
سييتي,1
قصتي,1
ميليتار,1
يفوتو,1
لجندارم,1
لكباش,1
يبداو,1
نطحن,1
نقسمها,1
تحطيها,1
نقلبو,1
مينحرقش,1
تتلقلي,1
بادت,1
متنحرقليش,1
خفيف,1
دوا,1
ندوق,1
تساطاعش,1
تمنطاهش,1
السيزيام,1
السما,1
مسميين,1
غلات,1
مينحرقوش,1
نمرق,1
بالما,1
يتلقو,1
نقلعوهم,1
درناه,1
تتلق,1
سكتوا,1
فوباراج,1
يفوتوا,1
تفي,1
طابت,1
توخريه,1
طاب,1
تطيب,1
يتغطى,1
تمرقيها,1
تعاودي,1
الحلال,1
سباطاعش,1
شيمي,1
سوتنيت,1
تناعش,1
الباك,1
خمسكاعش,1
البيام,1
المخلوق,1
نقطعهم,1
منقيين,1
عروش,1
شوبة,1
ندو,1
فدرسة,1
نارو,1
نحتوها,1
تنتفخ,1
كونتيتي,1
ترمي,1
شفتيها,1
تزيدلها,1
رحة,1
تميكسيها,1
ومغرف,1
يديره,1
منديرهش,1
تقدي,1
جامبو,1
مكاتيب,1
شكلة,1
إسمي,1
أمينة,1
بلاصت,1
تكتب,1
عجبهم,1
قبلو,1
نسموها,1
تخلطت,1
الدعوة,1
بكفتة,1
تشد,1
مقومة,1
نطفو,1
لربع,1
نخلو,1
نكبوها,1
طايب,1
تبدى,1
هادية,1
فوف,1
نمكسيهم,1
خاصتكم,1
عشاب,1
تنباع,1
ايبيس,1
تنزل,1
مخملة,1
بزيتون,1
غراتان,1
تشكشوكة,1
مقلية,1
ناضلهم,1
يسموني,1
عشت,1
ميراكل,1
سماوني,1
عبايا,1
خرجله,1
لاقونا,1
دوبلينو,1
سلاطة,1
السبيطار,1
خلاتنيش,1
ببلاع,1
غطيها,1
قارفو,1
فرغيها,1
تفوروخري,1
تفور,1
وخليها,1
فكسكاس,1
بصوالحها,1
فرغي,1
قدبي,1
ملحيها,1
قطعيها,1
شرمولة,1
درتيلها,1
لاغوسات,1
درتيها,1
بروز,1
وفاء,1
طيبة,1
شهية,1
وضو,1
جغمة,1
سقساواه,1
ضحكني,1
ستين,1
بستة,1
كبرتني,1
خرجتني,1
يتهلوش,1
حمرة,1
وحرور,1
صفيه,1
غرفية,1
وخريه,1
تنقيه,1
فخاطري,1
باراج,1
يطيحوا,1
أمالي,1
الباراجات,1
يوصلوا,1
يفوجوا,1
مازدة,1
ركبوا,1
عمى,1
مسييهم,1
وينها,1
زيدي,1
يترابو,1
سنيفات,1
لافاخص,1
متخرجش,1
تخيطي,1
كيلي,1
بكيردون,1
تبلعيها,1
بلفاخص,1
تعمرها,1
تقضبي,1
تخلطيهم,1
ثلات,1
وديري,1
رند,1
قرفة,1
كركب,1
فروز,1
را,1
الوقت,1
خمسا,1
يخليهوملي,1
والدين,1
فحياته,1
هدف,1
معنده,1
يلايم,1
بذراعه,1
غيسوبسبليتي,1
نوفتو,1
ديسيدينا,1
حرقة,1
بويكاند,1
جميل,1
ردلي,1
سييها,1
مشبعوش,1
سييته,1
دقابق,1
تبلعي,1
فلكيكوطة,1
ستفيه,1
تخسرلك,1
تنشف,1
متخليهاش,1
قهوا,1
يلقا,1
حياة,1
ثقلنا,1
حابسين,1
سيغكيلاسيون,1
شفنا,1
يقدنا,1
فصباح,1
قاليتات,1
طيبنا,1
اومليت,1
فريت,1
كسكروطات,1
وجدنا,1
نبحروا,1
تخابطو,1
يجبد,1
يجرو,1
سقسينا,1
دمومات,1
مقيسة,1
مكرفسة,1
عياذ,1
متعمرله,1
مغموم,1
مغلبه,1
يسكر,1
مهني,1
متلقاهش,1
ميدير,1
لاقيها,1
الجاف,1
للشعر,1
هاذامكتوب,1
الحابسة,1
الشومبوان,1
ردوه,1
طلعوا,1
غلو,1
فبارك,1
سطاسيونينا,1
نفوتو,1
لافراي,1
يدوهم,1
بعدو,1
رفدهوم,1
بومبيا,1
قصرنا,1
وزدنا,1
فطرنا,1
بحرو,1
قابلنا,1
مجاتنش,1
ريحنا,1
كراسى,1
باغاصول,1
كرينا,1
يعسها,1
قدرون,1
بيست,1
مسقم,1
مرقوها,1
مشمخ,1
يحطو,1
بروف,1
تشف,1
كوليها,1
مترطيش,1
يجبده,1
فبلاصته,1
تاح,1
راحله,1
شوفه,1
يغرق,1
يختر,1
سلكوني,1
فماء,1
يتخبط,1
نعومو,1
ولتله,1
قلعوله,1
تغاشى,1
يرجعوله,1
اصطناعي,1
تنفس,1
مدنية,1
خرجه,1
يبكرو,1
يرقدو,1
فالفيسبوك,1
يلصقوا,1
يتعشو,1
سناب,1
فالانستغرام,1
صطوري,1
مترتق,1
برملة,1
تلايمو,1
بارتيا,1
غاكيت,1
شربنا,1
جعنا,1
تكلما,1
عمنا,1
حمر,1
وعلام,1
غلط,1
داوه,1
قشه,1
لبسوله,1
فطن,1
شبعانين,1
بلاكريم,1
كملناها,1
صغيورة,1
خلود,1
تصفاق,1
وزهو,1
بموسيقى,1
موليين,1
لحقوه,1
فراقها,1
للقبر,1
بيضا,1
يتقهو,1
ميقارع,1
يتقهوا,1
فلوغ,1
تارتا,1
يدوا,1
غشيه,1
مليها,1
يخطب,1
فحلال,1
ينوي,1
يستبيت,1
رقدنا,1
دوشنا,1
كاو,1
عيانين,1
ليم,1
اسكيمو,1
تبردنا,1
طاقته,1
قفطان,1
منصورية,1
بلوزة,1
قسنطينية,1
كاركو,1
اما,1
يطيبوا,1
خاصهم,1
كباش,1
تديلهم,1
يحدوا,1
حدايد,1
يتفهموا,1
شوكولا,1
كورباي,1
الزاوج,1
صنف,1
يرقد,1
فالناس,1
صابون,1
شامبوان,1
بمكياج,1
حزامة,1
بيجامات,1
كيلوطات,1
كوبينزويات,1
تحتانية,1
شنقلى,1
برسك,1
صاكها,1
بصباطها,1
سنياوات,1
تمر,1
قطنة,1
شمع,1
سكر,1
قالب,1
سني,1
لماكلا,1
متوحش,1
جيعان,1
ريسطو,1
مدرهم,1
حشيا,1
وقتاه,1
جايب,1
يرندف,1
استاذ,1
مرول,1
مثقوب,1
يفتحوا,1
بفاتحة,1
نبدوا,1
توعها,1
عارضين,1
شهود,1
امام,1
يفتحو,1
للفاتحة,1
عرضهم,1
رجالا,1
لصالا,1
وجدتهم,1
مقودها,1
حداها,1
بتبديلة,1
وكل,1
ددجي,1
ركس,1
ويفطروهم,1
يقعدوا,1
يشوروا,1
تزغرت,1
يدوش,1
الكافي,1
اخره,1
ظاهرة,1
فتحة,1
عربية,1
لتجي,1
عيطلها,1
دبحلها,1
بوقاطو,1
والمشتة,1
يصدق,1
تدبيرته,1
لشيرة,1
لادت,1
يحدد,1
تشور,1
سهرة,1
منوع,1
يقسمو,1
زاهين,1
زغرت,1
لصحابه,1
يعيط,1
القهوه,1
كونيكسيون,1
يغلبها,1
مديتها,1
سدي,1
كابة,1
زوجوها,1
حبيبتك,1
دست,1
زوجها,1
جارتنا,1
فوياج,1
مسافر,1
فلعشرة,1
حكمتها,1
ردخته,1
نيفها,1
ونيكي,1
نذير,1
صالون,1
تدهاش,1
تبقا,1
يدابز,1
زطلة,1
يتعشا,1
ينسف,1
يكمي,1
يمنشر,1
فقهوه,1
يتلاقو,1
طيحت,1
بيناتهم,1
بالا,1
نرفد,1
للحومة,1
وصحابو,1
زدم,1
خطيبها,1
قفلت,1
الضرب,1
متسمعش,1
لغنا,1
ودنيك,1
كيتمان,1
حطي,1
خرجتها,1
شاي,1
بتاتواج,1
تدور,1
حبك,1
قوي,1
تستاهلها,1
خطبها,1
حكمت,1
هربو,1
نحكمهم,1
نديروحاجة,1
ميزامي,1
تشجعت,1
غدرني,1
نواحد,1
اتناعش,1
منستعرفوش,1
ناضو,1
بولتيك,1
جبدو,1
مريحة,1
يضحكو,1
يجيبهلنا,1
ضرا,1
حبها,1
وقتنا,1
الجزائر,1
جان,1
كاتيغوري,1
ثلاثة,1
صيني,1
اخضر,1
يشور,1
سنتيم,1
يده,1
فقر,1
خلاو,1
ذل,1
عاجبكم,1
سنة,1
جهالا,1
بركو,1
قبايلية,1
ترفدنا,1
قبايلي,1
زواوا,1
ليبريسونتي,1
بهداك,1
مخرود,1
لتجارة,1
لسياحة,1
لصحة,1
متعليم,1
مجالات,1
لابلاج,1
كتبة,1
قابسة,1
شناوة,1
حروف,1
ميعرفش,1
شايع,1
تاتواج,1
ماركار,1
يترفح,1
ولدت,1
الدين,1
نسميه,1
تفاهموش,1
بكرش,1
جهل,1
تابع,1
ترفدو,1
نسقسيكم,1
يناقش,1
يفرق,1
يتقف,1
مفروض,1
ميهدرش,1
جاهل,1
ابسط,1
كتلة,1
صحرا,1
ترقي,1
قبالي,1
بانتلي,1
يتجزأ,1
جزء,1
أمازيغية,1
يترفع,1
نبقاو,1
يجيبو,1
سرواله,1
شافو,1
يتمشو,1
مزطولين,1
والوه,1
يلقاوها,1
يجبدو,1
يدخلوها,1
نديرهاش,1
مطالب,1
يحقو,1
نطقت,1
جهوية,1
ينوضو,1
عقولهم,1
مفرقين,1
كاتبين,1
تواعك,1
فلكواعط,1
جزاييرين,1
مكتوبين,1
لحرام,1
حلوف,1
مطرق,1
ميفهمو,1
جاهلين,1
فهامتهم,1
بصوالح,1
يلهو,1
رسام,1
فبحر,1
صرالك,1
موقف,1
نحير,1
شهرين,1
مازلها,1
لادات,1
شاش,1
قندورة,1
الحيوان,1
براك,1
عيش,1
الفيران,1
وعايشين,1
الحلحال,1
قلتة,1
الفرسان,1
ويشربوا,1
لجبال,1
وبين,1
وفيك,1
الساقية,1
ميلقاش,1
يمشوها,1
كرعيها,1
ينزلوها,1
يشعل,1
شاعلة,1
دري,1
يجيبلهم,1
جيران,1
وليداته,1
يقضب,1
ميقراش,1
شمعة,1
بركعة,1
نحفظوه,1
لعراش,1
تربيعة,1
بعلم,1
بنظافة,1
بلبسة,1
بتبسيمة,1
رفدت,1
حملت,1
تزوجوا,1
سبابي,1
تربحك,1
دعاوي,1
ويسمع,1
تضبح,1
بهدلتينا,1
فاطيمة,1
خلقها,1
ليغجونس,1
اصلي,1
قناعة,1
خلات,1
ضحية,1
مصروف,1
قرب,1
سيدنا,1
مخلصتوهش,1
تريسنتي,1
مارحوش,1
منزدوش,1
خالص,1
خلص,1
بقناعة,1
بمال,1
بظرافة,1
قادرة,1
المعسكري,1
ضفاره,1
الحاجب,1
مهما,1
السلطان,1
وقارو,1
البرودة,1
ماحلى,1
وهو,1
ماديه,1
الزبالة,1
النمالة,1
يلمع,1
كسور,1
تشبع,1
اعرف,1
الطويل,1
ينط,1
اليتامة,1
الحجامة,1
يتعلم,1
يبوسو,1
للسبيطار,1
كلونديستان,1
يرفدها,1
الجزاى ءرية,1
توا,1
افيك,1
مون,1
دولوغ,1
الالكتروميناجي,1
عطاوه,1
الحمار,1
الورد,1
القرد,1
وماخاص,1
العمشة,1
ماخاص,1
كرافاطا,1
ولبست,1
القطة,1
ويعرف,1
سكران,1
المعيشة,1
حشيشة,1
وراه,1
القصير,1
شادها,1
درق,1
نسيم,1
الطعام,1
سمعت,1
قسمو,1
لأصلو,1
كسكسلو,1
يعورك,1
تحقرو,1
العود,1
حكان,1
الفرطاس,1
كلاه,1
يشمو,1
القرنفل,1
يحلها,1
بيديه,1
شبعت,1
شعلت,1
شاعل,1
فجيب,1
قاده,1
أديداس,1
مدرارة,1
ديو,1
اومون,1
عي,1
غسبيغ,1
تنفسي,1
موغيغ,1
جوفي,1
عرجون,1
جابولو,1
وكي,1
تمرو,1
مشتاق,1
حول,1
بالفاس,1
هاربلي,1
امو,1
نحفرلو,1
آح,1
الشباح,1
البكى,1
الوسط,1
المعنى,1
بسنيه,1
ومين,1
ودروك,1
وشكى,1
وسبقني,1
بكى,1
لفعايل,1
ودبارتو,1
يخصك,1
للعمية,1
بوذنيها,1
والغابة,1
بعينيها,1
يشكر,1
حوحو,1
لأمها,1
البرمة,1
جار,1
أشري,1
عشاء,1
نسيبتو,1
لتكل,1
مرتاح,1
المشحاح,1
تشكرها,1
العروسة,1
لسبيطار,1
تربحهم,1
250,1
جيلالي,1
حشاوهلي,1
مكياج,1
معرفتنيش,1
منعطوكش,1
جيبلنا,1
نكرهوه,1
يكرهنا,1
عمامة,1
ونحطوه,1
نحبوه,1
يحبنا,1
بقشورو,1
بالفول,1
باعك,1
كرهني,1
قصر,1
حبني,1
ختها,1
ولقات,1
والي,1
الكل,1
ماتلحسوش,1
لاعاد,1
القيامة,1
اجمل,1
مرتى,1
اخيرا,1
زوجي,1
اول,1
حشينهاله,1
اتزوجها,1
قابلين,1
لراني,1
سنتين,1
نلم,1
الخنفوس,1
حدبته,1
ونسى,1
حدبة,1
الجمل,1
ايقاقي,1
أصبح,1
الدجاج,1
النط,1
كلهم,1
الكلبة,1
أولاد,1
بالفعايل,1
ولاخرة,1
بالوجوه,1
وانساه,1
يشيب,1
بعره,1
البعير,1
مخنزة,1
الشحمة,1
تطيرلوش,1
حامض,1
العنقود,1
يصليش,1
الأوقات,1
كالديك,1
الاعمى,1
النديب,1
والميت,1
غزال,1
أمه,1
الخدمة,1
الفعايل,1
ضلاليل,1
الدفلة,1
نوار,1
الحبل,1
اللفعى,1
قرساتو,1
السلوقي,1
حافظوا,1
الديب,1
قراه,1
السردين,1
والأخرى,1
تعس,1
الغراب,1
ولو,1
المعاونة,1
/,1
الخسارة,1
فى,1
80,1
تشريلها,1
خطارش,1
لخوها,1
تعطي,1
تعطينا,1
مهر,1
بستيل,1
قاللو,1
الغسيل,1
الة,1
ذنوب,1
وبخر,1
لحيته,1
والديها,1
يهردلها,1
يسقم,1
عماها,1
عينيها,1
كحل,1
يديرلها,1
اعماها,1
يكحلها,1
الريسان,1
ودر,1
شومير,1
البطالة,1
النساء,1
بالغربال,1
الشمس,1
غطى,1
وتفوت,1
تخطي,1
لامبوسيبل,1
نتعاونو,1
نساندو,1
تصفق,1
رطابة,1
وشوي,1
الحنة,1
تذوب,1
مولاها,1
رأس,1
شاخصك,1
عبرة,1
نهارة,1
لتم,1
واصلة,1
قمر,1
لخطيبته,1
فلبحر,1
مقودة,1
تلازم,1
مثلما,1
تلازمك,1
الحجارة,1
فانية,1
حجاره,1
والقصعة,1
كلاني,1
حرت,1
مزيدلها,1
طالق,1
ركبت,1
صراتلك,1
كوستيمة,1
المشينا,1
بالحسب,1
وعليكم,1
شوفيلي,1
لجيلالي,1
تتشبه,1
منتزوجهاش,1
خالتك,1
نزوجك,1
شوك,1
حشمت,1
صبتك,1
للعرس,1
عايلتي,1
عايلة,1
راكبة,1
دارلي,1
يخزروا,1
راكبين,1
نخلع,1
تقلقت,1
ماكين,1
صبرت,1
نربحش,1
شدخلني,1
أحمر,1
لومبا,1
احلامهم,1
بيضاء,1
رزين,1
اخوك,1
كانوي,1
جنابي,1
حسيتها,1
نرقص,1
نصفق,1
نضت,1
وعريضة,1
بتزغريتة,1
ضربتها,1
حشمة,1
رسا,1
سبو,1
ماتريال,1
فاني,1
غرها,1
لما,1
تشربوا,1
لاطبل,1
شاخصكم,1
كالحمام,1
طاير,1
مخهم,1
كالريام,1
واسع,1
خيالهم,1
النوير,1
براوني,1
كرام,1
مم,1
ليجوا,1
شزكولا,1
عجباتك,1
جاغيف,1
ديتو,1
قبله,1
يسبق,1
كونو,1
كيفي,1
مديروش,1
نوصي,1
اكثرحاجة,1
الاهتمام,1
حسبتينس,1
تقابريلي,1
متحشميش,1
بعديني,1
اونميتون,1
فليكسيلي,1
نيميروا,1
نحوسلك,1
فروحها,1
تعوج,1
كوكتيل,1
دورغونج,1
جيو,1
ليجيو,1
بواسون,1
كاليبسو,1
صالا,1
قنوتا,1
فقاع,1
تصورتنا,1
فوتوغراف,1
اسبورتيف,1
بألتار,1
تضربلنا,1
صال,1
نأكوراجوك,1
خسروها,1
ليسبورتيف,1
نحي,1
فدا,1
خطيني,1
منمرقلكش,1
يخلط,1
تفكرت,1
انستاغرام,1
تستاهلي,1
لواحد,1
بانشوكولا,1
باتيسري,1
لبومب,1
نديرك,1
خاطري,1
مدامته,1
يقلي,1
قوضيان,1
طلعت,1
عونت,1
التار,1
الأميرة,1
عريان,1
طارزن,1
نتفرجوه,1
نحايسي,1
حدايدي,1
عرضي,1
ترفدها,1
كيكونغ,1
لاول,1
تمنت,1
شافته,1
بكات,1
مدايهاش,1
يتهلا,1
خليت,1
والدينا,1
جنيغالمون,1
جبيد,1
لافيتس,1
يتبلاوكم,1
ميسكل,1
أليكي,1
كيداير,1
شيرا,1
بلميغاماس,1
بروتيني,1
مسوفجين,1
كبرنا,1
سلمة,1
خاصها,1
نايمة,1
غامض,1
نقصر,1
متزعفيش,1
سهيلة,1
يقسم,1
شعر,1
كاترينا,1
ديريلهم,1
داخلا,1
زادم,1
لوي,1
فولارا,1
نلبسو,1
مايو,1
ممعانش,1
قشك,1
ميكرهش,1
خلوني,1
تلفتوهالي,1
عومة,1
بوج,1
بارا,1
دايرك,1
بولا,1
فدلاع,1
ليفريزون,1
مشينا,1
فريجيدان,1
ميعقلش,1
ببيريك,1
اييا,1
ميحلبش,1
نتشاوفوا,1
تلعبيها,1
تبانيكي,1
تريكو,1
يصفر,1
يقعد,1
كيمنهاك,1
موجة,1
متناجور,1
تعلمني,1
عله,1
اوي,1
ملكرع,1
يقرسك,1
يخرجلك,1
قرش,1
جفافة,1
فلفروطوار,1
سندريون,1
شانها,1
حالتنا,1
شافتنا,1
وخناين,1
دموع,1
خترتي,1
مجبتش,1
متسمعلهش,1
هداصاحبك,1
منسيتكش,1
بجوع,1
معا,1
نتقلق,1
كتبيه,1
ليزيزتوار,1
متقارعيش,1
يلقوه,1
اتعنا,1
شاشر,1
قلعيها,1
صباطك,1
يلقو,1
شاشراتاعنا,1
بلادك,1
صباط,1
امير,1
يخطبك,1
ليتاب,1
ملحقناش,1
أعداء,1
قنوات,1
نصيدوه,1
نرهجوه,1
مخصناش,1
شريه,1
ليكوردوني,1
كتبي,1
ميسالك,1
ارتيست,1
تلقيه,1
فساك,1
كومبونسي,1
تالون,1
ندوروهالكم,1
نقايسو,1
نهدرلكم,1
منكم,1
ارجيرين,1
نديلكم,1
انايا,1
شاراها,1
بديتو,1
روحم,1
حنين,1
نعيطلك,1
نتلاقوا,1
بصحة,1
تصومو,1
للنجاح,1
ميسوقش,1
فاشل,1
نبريزونتي,1
متفهمونيش,1
يلاد,1
لاولا,1
نقولهم,1
فكلمة,1
زلجت,1
مروحتش,1
عامين,1
اوفا,1
روبن,1
لقراية,1
يزرطي,1
ماجد,1
كابتن,1
غريبة,1
غنية,1
لوال,1
بارتي,1
عربيا,1
تنتعد,1
متبغيش,1
بابيلون,1
امين,1
ايكيب,1
خساني,1
لعريبي,1
نقصرو,1
طراويح,1
بنالهم,1
علاع,1
نبغيكم,1
راى عين,1
كوكبة,1
الجميع,1
سييت,1
اونفيت,1
اسكو,1
تالت,1
بلمرقة,1
طويلا,1
ليستا,1
غرضي,1
جرحتي,1
ابار,1
غضبتك,1
نسمعو,1
منوهران,1
غليضة,1
يزاف,1
تبانلي,1
تشارك,1
رابع,1
يزوجوني,1
ندوقها,1
نطيبه,1
بمطارق,1
دفق,1
بلسدارم,1
صحابي,1
نكونوا,1
امنت,1
انتاج,1
توب,1
جماعتكم,1
رسلتولي,1
نسي,1
بلبزاف,1
نفهمكوم,1
سييتها,1
اونفات,1
تزغرتي,1
لسييت,1
لخطارش,1
فعالم,1
صاهلة,1
اونفت,1
درتيه,1
خامس,1
مجهد,1
11.30,1
سواغي,1
فعرس,1
نسيي,1
غديش,1
متسيوش,1
بفضل,1
فولاد,1
يهاجموا,1
صفحات,1
نفسهم,1
135,1
يسبوني,1
ليباج,1
منفوتش,1
تنتقدنا,1
تخاديسيون,1
متعرفوش,1
حالا,1
اميقرية,1
احم,1
سفيليسي,1
لباسات,1
منعرفهومش,1
سيحان,1
رقدت,1
صليت,1
12.30,1
لحقت,1
بتيخ,1
يبيعوا,1
بهادوك,1
باسم,1
هما,1
اليز,1
حاية,1
سواري,1
تروبريزونتينا,1
شاية,1
سمق,1
دهب,1
تبريسونتي,1
فلكورتاج,1
سيستام,1
فلعرس,1
لتسعة,1
سبعة,1
لعروس,1
لافان,1
تقرب,1
برسونتبل,1
ديدجي,1
رقيص,1
هدرتوا,1
بشر,1
عظيم,1
منخدمش,1
متقدتش,1
نزيه,1
ميقدرش,1
تصرفات,1
اوفندوكونت,1
يغمو,1
نتفرج,1
تحبس,1
لينا,1
لافونيغ,1
فمستقبل,1
نخمو,1
نعد,1
ناقصة,1
قريتاه,1
نفيلمي,1
الوغ,1
تتمشي,1
شعبي,1
ميدخولكش,1
سامبل,1
عيانة,1
عطشانة,1
لدوارهم,1
وقاله,1
رفدها,1
يكثر,1
يكمونصوا,1
12,1
11,1
لوحدين,1
كاستيون,1
فتليفيزيون,1
نتفرجوا,1
مدمرين,1
بور,1
نعيشوها,1
نبروفيتو,1
فكل,1
كومام,1
جانقل,1
زنق,1
نديروهم,1
موجودة,1
مدابيك,1
قظبت,1
دالي,1
وخلي,1
ردوا,1
بيبليك,1
نتمنى,1
بلاصدارم,1
مجتمع,1
صادق,1
بلفيتر,1
غوز,1
جلاليب,1
مود,1
لابستلك,1
صحيحة,1
باغيتها,1
دبزا,1
نبغو,1
يدافعو,1
يتعافرو,1
يدابزوا,1
يبغوا,1
بزور,1
بليناغ,1
معروفين,1
نفهمكم,1
ومعلبلكش,1
سفيليزي,1
لابسا,1
ضاعت,1
نهارك,1
طحتي,1
جايا,1
شادتها,1
عاقدة,1
تزادم,1
رافدتلك,1
دايرتها,1
عاقدتها,1
عصابة,1
دايرتلك,1
صفرا,1
بلعباس,1
قسنطينة,1
شلف,1
بجاية,1
جزاى ءرية,1
طرق,1
بكل,1
ت,1
متديهاش,1
وعما,1
ماكيش,1
تشوفك,1
معلبلهش,1
عينها,1
ك,1
بحياة,1
يدابزو,1
يضربو,1
اقريسيف,1
معجبتكش,1
بنتلك,1
كيمانهاك,1
دراعها,1
تحطلك,1
تشدلك,1
جبل,1
بفيلتر,1
هدرناش,1
تعب,1
مستوى,1
فهدا,1
مناش,1
قولولي,1
بالعربية,1
نكتر,1
جاسبيغ,1
فولا,1
فايس,1
تويتر,1
انتسغرام,1
رسلهالي,1
فيوتيب,1
كومنتار,1
تاق,1
لنتيا,1
نسمة,1
ولاية,1
مدينتي,1
تورناج,1
كارونتميل,1
يتعشى,1
ماعندهش,1
يامت,1
فكوليج,1
سقسي,1
بانو,1
فالقصبة,1
حركى,1
سطارة,1
نعيمة,1
لعقلك,1
رديت,1
بزار,1
فكمونتار,1
مخروج,1
روتور,1
ليستوار,1
حداد,1
بهجة,1
ديتي,1
فريحة,1
تفركت,1
معروفة,1
نتفركتوا,1
باغينا,1
فشارع,1
بلونش,1
لانوي,1
فنهارو,1
نصوروا,1
تاريخها,1
يهديكم,1
ليكم,1
غفلة,1
قريناكم,1
حلبناكم,1
كابيطال,1
تحلى,1
خارجين,1
شواكركم,1
يخلا,1
يخرب,1
خاطيكم,1
مستقلة,1
بوديوم,1
ديفولي,1
مولدية,1
يزها,1
شومبيونا,1
بغينا,1
خطونا,1
قطعنا,1
بالبولا,1
علاقة,1
مزطولة,1
إدارة,1
سطور,1
نكتب,1
ففيارتي,1
نغير,1
فالبال,1
زوعاما,1
ليكونتونار,1
غيان,1
بعت,1
يسير,1
دايرا,1
القدرة,1
مخصها,1
متهلي,1
لخلاص,1
خدعنا,1
نرودوها,1
مسيرة,1
قياس,1
لحديت,1
واقفين,1
نبغوها,1
مواقع,1
كثروا,1
مبليه,1
للجدود,1
دعوتي,1
القلب,1
مبلية,1
لجدود,1
بعتها,1
خبزة,1
عطيني,1
للجامع,1
لراح,1
ديوانا,1
غبنوه,1
فلبور,1
هاهاآ,1
الكمين,1
الكافيا,1
يا اها,1
آهاي,1
هاهاي,1
هالآخر,1
مجاتش,1
نشفق,1
6000,1
ميعرفهش,1
كرطون,1
ميعرفه,1
يعرفوه,1
يعرفهش,1
أغا,1
يايايايا,1
البوبيه,1
الجيبه,1
البوبيا,1
الجيبا,1
بنيا,1
الالكترونية,1
لصحافة,1
اغا,1
مثلا,1
نقاد,1
يلعبوها,1
غيرة,1
نعرفوهم,1
صحابنا,1
فاشلين,1
يتهنا,1
يرتاح,1
ليجان,1
قصدها,1
لزارها,1
قمنة,1
رموزها,1
وردة,1
الباهية,1
دورة,1
لييل,1
آهه,1
تزوجت,1
شالا,1
لييليلي,1
هيهيهيهي,1
جابو,1
لحرار,1
شهادى,1
سليمان,1
نياطي,1
اخوان,1
رايتنا,1
رفدو,1
مننسوش,1
عدوان,1
قهر,1
مهيدي,1
زبانة,1
شهيد,1
لقديمة,1
تمتع,1
مكاينش,1
اسمية,1
قاى مة,1
ممضي,1
سكان,1
تربى,1
ونسنا,1
كلامهم,1
شيوخ,1
ريان,1
فالجنة,1
مثواهم,1
برهان,1
خلوها,1
بصمة,1
حريتنا,1
كتبوها,1
قصاى ءد,1
خلى,1
حمادة,1
باوزان,1
قلال,1
نغمتنا,1
ولهان,1
مراهمش,1
بنسبة,1
كيدايرين,1
يعرفكم,1
أروزمون,1
معلومات,1
حطيتو,1
فاهمني,1
للعرسان,1
للفال,1
زهوة,1
يديرلهم,1
لفراح,1
قرقابة,1
فرقة,1
الحان,1
طرب,1
شعلو,1
زرنة,1
بطبل,1
بارود,1
صابر,1
شيوختنا,1
وهبي,1
وعدتنا,1
حفيان,1
شيدو,1
زرنا,1
فمقامو,1
فحسبان,1
زيدهم,1
يحفظنا,1
صلاح,1
لوان,1
موسيقة,1
تمتعنا,1
شبان,1
شابات,1
مشياخ,1
يجمعنا,1
يعقبنا,1
حواس,1
احسان,1
ببر,1
بضيف,1
نكرمو,1
يسعد,1
ضيفناه,1
اوطان,1
رحبنا,1
لزوار,1
قبة,1
عجبنا,1
مولاي,1
تزيان,1
بزرقة,1
دينار,1
نخوان,1
عزمت,1
دورتنا,1
راحة,1
يخلينا,1
رقدة,1
فتحي,1
قروابي,1
مشيخة,1
قصدنا,1
عادتنا,1
جدود,1
الكرمة,1
سلطان,1
زاير,1
يلقينا,1
سمعونا,1
يعطيهم,1
محاين,1
فاجينا,1
روبورتاج,1
بحلاوة,1
لمتنا,1
موراه,1
مناضلين,1
خاطي,1
تياتر,1
سبكتاكل,1
عرضوني,1
يتجمعوا,1
ديرهوملي,1
تتبهلل,1
ماريي,1
مخصكش,1
خطير,1
رباعي,1
نصفقو,1
تعونوني,1
لبوليس,1
دافعله,1
مجرمين,1
ندعيلك,1
فدنيا,1
متجوش,1
مليوم,1
تحكمو,1
بلواحد,1
فبلاسدارم,1
تجمعات,1
مأمن,1
صغيرحكماته,1
رضوان,1
فمرجاجو,1
صواري,1
نصرف,1
تعمر,1
عوني,1
حسنو,1
ننضر,1
مشتوهاش,1
نسكر,1
تسهر,1
جيلي,1
بقصيدة,1
يغني,1
سيربريزتع,1
جايبيناهلكم,1
شونتور,1
بغل,1
تبع,1
لابروشان,1
لادياغي,1
فاميل,1
دروص,1
دينارو,1
ساميل,1
سقساته,1
دونتيست,1
هدوك,1
تواليت,1
متجبدش,1
لتواليت,1
نشرفوكم,1
بدلاعمهم,1
مقلي,1
سلوكا,1
عدس,1
بزلوف,1
بشوارب,1
شوربوة,1
لتبعبيز,1
بحبز,1
نحتافلو,1
ليسونسايل,1
كريمو,1
اعرق,1
فمطعم,1
طلحة,1
ووهران,1
خيرية,1
دايرته,1
رحمة,1
مطعم,1
حلقة,1
انها,1
عرفتو,1
ايميليو,1
لمين,1
شومبوا,1
تزيرت,1
زايد,1
يبث,1
مايليقش,1
هدروا,1
هدرتو,1
ضربتلهم,1
لتليفون,1
يادرا,1
ساعتين,1
شراه,1
يفهمناعقلية,1
تاماجينيه,1
موتي,1
ليزوم,1
ليزاشا,1
واجدين,1
مورايا,1
عبى,1
تروحو,1
معندم,1
تقعدو,1
نوضوا,1
سجلها,1
فوتو,1
تحتها,1
للاشتي,1
امجينكم,1
قايلكم,1
نوصفكم,1
حلبتوها,1
متبرى ءين,1
رسلولي,1
تلفزيون,1
للمساكين,1
نوجدو,1
نتأمنش,1
زاليمون,1
جابولنا,1
جابلنا,1
دونتور,1
مشاء,1
جابهلنا,1
وجدهلنا,1
قطعه,1
دبحه,1
شرالنا,1
لمرشي,1
رايحيين,1
فلوكال,1
سبتومبر,1
لبزوز,1
دخلة,1
يعاونوهم,1
ميعيدوش,1
يشرو,1
صاى ءم,1
إفطار,1
بدم,1
يتبروعو,1
مرضى,1
زيارة,1
إنسانية,1
نشاطات,1
متخصة,1
فقارى,1
عاطي,1
ميقلهالك,1
يكتبهالك,1
شوطنوها,1
يتزوجوا,1
للشبيبة,1
ديار,1
فولاية,1
هاديكيديروها,1
بلانار,1
طوابل,1
يستفو,1
لاكزورون,1
نطييو,1
اجرها,1
نشاطها,1
تشوفه,1
منازل,1
منولش,1
دربت,1
نتهلو,1
رودي,1
يقولولها,1
مضمون,1
لقالو,1
تكلموا,1
متتبعين,1
وصلوني,1
يكمله,1
طاطي,1
ليكي,1
جبال,1
وثاى ءق,1
باز,1
منكدبش,1
عرسي,1
مابقيلي,1
مناس,1
يكروه,1
فدورة,1
ستيديو,1
اوغ,1
تبعد,1
موان,1
ليقلها,1
ديسمبر,1
متلحقش,1
متنجمش,1
تتمتع,1
تتميزر,1
تغبن,1
نربح,1
متقولش,1
متزوجش,1
كونطرا,1
سنييت,1
عيطولي,1
قرعت,1
ترسل,1
يرفضوه,1
يرسلودوصيي,1
الأردنية,1
يرسلو,1
يعودوا,1
13,1
وخوخرة,1
تكريها,1
تحرق,1
يكريها,1
ينجم,1
سانسو,1
800,1
ميليون,1
بونس,1
مرامار,1
باصة,1
ميقضبلكش,1
سانسون,1
كات,1
بزواج,1
تتلعب,1
شقها,1
معجبهاش,1
ترسلو,1
حسبوا,1
وهوما,1
يسجل,1
تنقامله,1
يسقمها,1
يسقدها,1
مهدمة,1
مسقدة,1
متكونش,1
كلية,1
ىمنجمش,1
ضالضوصول,1
ايلفو,1
تامني,1
تلقيتها,1
بقرة,1
تنقام,1
رديها,1
يديهالك,1
حرزي,1
مينقبلوش,1
قاتلهم,1
للجزاير,1
رجعتهم,1
الأردن,1
كاملين,1
رسلوهم,1
فيسبوك,1
قاضب,1
مرييليق,1
ماتنو,1
جيسك,1
صوليصيون,1
ديرلنا,1
نطلبو,1
تعيشي,1
تخلصي,1
معاونين,1
شطيبو,1
فوضوي,1
اغلبية,1
رليحة,1
يسكنك,1
تقبلي,1
ستابل,1
سكنته,1
ميخممش,1
تعيشك,1
مدتاهش,1
لسو,1
س,1
لسكرتير,1
بربي,1
مصر,1
عشيت,1
يقلعهالك,1
فمنيستار,1
فشمس,1
دايره,1
طرف,1
تنوي,1
باغيقزوبل,1
ميخلوكش,1
متزوجتش,1
إجابات,1
ميتزوجوش,1
خلاتهم,1
أسباب,1
نسقسو,1
بر,1
جيديد,1
يتقدم,1
مقبل,1
بالنسبة,1
مدخول,1
بنجم,1
متعيشكش,1
متشريهالكش,1
تشريها,1
بمليون,1
صليغ,1
منعرف,1
اعلم,1
مريبيري,1
مكتبش,1
تناسبني,1
نضمنو,1
معندناش,1
مارهاش,1
لولانية,1
بلادنا,1
اوبلي,1
حكينالها,1
استقبلتنا,1
حجار,1
العالي,1
حقوق,1
فايتينا,1
لوروب,1
مكانشكيما,1
ناقصين,1
موايا,1
فبلاد,1
مخلاتنيش,1
مروحناش,1
دومان,1
مسيناش,1
يالعكس,1
بركاني,1
رديته,1
تروته,1
شايف,1
فانتويت,1
ترونت,1
قبلي,1
مغندف,1
قلتها,1
هدرتنا,1
تهدروا,1
علا,1
ارجيغيا,1
سقسا,1
ملخميس,1
قلنالها,1
بولبة,1
وخدوخرين,1
خلفوه,1
ملبلاد,1
هجر,1
يمص,1
منخدمهش,1
بربو,1
ساردين,1
مراكيش,1
فريتابل,1
لغالها,1
مسمونيش,1
منزرقلهاش,1
بسينة,1
بل,1
كوزين,1
حكا,1
تطفر,1
ميرسلوهش,1
راكليطة,1
نخرطك,1
غاديكينا,1
فالفريجيدار,1
معقودة,1
شرمولا,1
لكاين,1
شادرت,1
بينتهم,1
مابغيتش,1
شافهم,1
سكسوا,1
فرحني,1
قلعله,1
تغاشيت,1
سنسلة,1
ارلوند,1
تكرطني,1
تعليم,1
يشوفها,1
يوصللها,1
فكابين,1
مستشارة,1
صيناتور,1
لصاحبه,1
حكيناله,1
برومو,1
ماجوغ,1
ارنوبة,1
دوره,1
اضربه,1
روليه,1
انفضه,1
هشه,1
نبينلك,1
دونجي,1
متحشمنيش,1
ياكلها,1
يرحملك,1
نغلبك,1
بندره,1
كوتبي,1
بونية,1
وياحي,1
هاليك,1
تتقتع,1
هليك,1
عسلوش,1
دوخني,1
تخلعني,1
لروطار,1
يزيدو,1
فبرلمان,1
يرسلوهلي,1
تشاورت,1
رفعت,1
مضمرين,1
وتقيس,1
تنتحر,1
شافه,1
يديرولي,1
تلقني,1
والديك,1
بدماغ,1
خبطه,1
ريدو,1
قبش,1
دات,1
بنوش,1
خوتاتها,1
سكنا,1
أيوا,1
تفرا,1
مغاديش,1
يزراقو,1
اليك,1
ميسلكش,1
مطبتش,1
درتني,1
تشقفه,1
تشقفت,1
بنك,1
قعاد,1
ينتاحر,1
فويت,1
يدوله,1
يكتبله,1
يعيا,1
غاضتني,1
قارونتي,1
نرسلو,1
فسبايب,1
شح,1
ميقاتش,1
قاعدها,1
طيحتني,1
واي,1
تاكلينا,1
ماجياش,1
قرسة,1
نقبضك,1
لراس,1
براد,1
قزة,1
سلاكة,1
سلالكة,1
ردحيه,1
زيده,1
جبته,1
جيليه,1
يشكلو,1
صعيبة,1
ماعندك,1
لالا,1
متلقتيهش,1
علامن,1
مسود,1
منهدرو,1
خاصهاما,1
ستيكاج,1
مقابلتلي,1
المنوض,1
متفراش,1
فمول,1
نرفدهم,1
بمعاني,1
تعلمتي,1
بلعيه,1
حمايا,1
نديري,1
تتفاعلي,1
يرسلوا,1
يعيوا,1
رسلو,1
مقبلوش,1
رسلوا,1
ميقبلوش,1
تخافي,1
بحاجة,1
خرجتولي,1
قضي,1
نهدرمعاها,1
خافي,1
رجل,1
كشفتوني,1
بهدلتوني,1
فزقا,1
لزقا,1
تحشمو,1
حماك,1
مصيبة,1
نمس,1
دخلتي,1
مكنتيش,1
معندي,1
رافيا,1
لمتخصة,1
نليكيده,1
نحاول,1
يريحله,1
تون,1
يعسله,1
بخير,1
ميفهمش,1
فسكنة,1
ضيق,1
صارحيني,1
شتاولا,1
بينها,1
بينك,1
فيرحبا,1
شتها,1
بلاهيم,1
شراك,1
دبيك,1
تريحي,1
بزوجة,1
عاونوني,1
ترسلوهلي,1
جبتهلك,1
نحصل,1
لقيتاه,1
يقولولي,1
رد,1
متنازلتش,1
تنازلتي,1
لحقتي,1
منح,1
وصاهم,1
فامر,1
تجبد,1
تلاقينا,1
صدفة,1
عالمين,1
جبهلي,1
فطريق,1
نتلاقى,1
مهود,1
فضلك,1
مقدمتلكش,1
جيستمون,1
نحكو,1
باسا,1
متشكرش,1
ميسمحليش,1
ستاديغ,1
تحكيله,1
نطلعو,1
وأبو,1
معييت,1
مردف,1
مهودين,1
بيرو,1
يشد,1
لأجي,1
قلعنا,1
عناء,1
يتريتوه,1
يوصل,1
تدوه,1
بالصيغة,1
بالتبسيمة,1
بالزين,1
ماتدري,1
بالواقف,1
تشربش,1
متوكلش,1
متكسلش,1
متشربش,1
تتعراش,1
تبدا,1
غبنته,1
يحفظكم,1
نكملوها,1
وينت,1
شفتك,1
يعود,1
أولاده,1
قعاده,1
السوق,1
بالرخس,1
الكرش,1
طيعو,1
لعرش,1
البرنوس,1
صوف,1
البشنة,1
دقيق,1
مايجي,1
بالقناعة,1
بالمال,1
بالسياسة,1
يقوم,1
شاته,1
يدبح,1
اللمة,1
الوالدين,1
الهمة,1
النيف,1
البنة,1
طاحو,1
فضايحك,1
شين,1
تدوق,1
برقوق,1
سكاته,1
الصواب,1
موش,1
نديه,1
طير,1
بلاصتك,1
تجبدولها,1
تحوسوا,1
عطوها,1
ضوسيي,1
زواجها,1
دوارة,1
بوزلوف,1
فضيحة,1
زواجه,1
سليخة,1
دبيحة,1
موته,1
صلاته,1
سيفيليزي,1
مكشرد,1
شعره,1
يغنيلهم,1
قيتارة,1
الطلبة,1
بقدرة,1
لونكات,1
ترقع,1
ستقبلتنا,1
فغبرة,1
فالأرشيف,1
قايسينهلي,1
فتالي,1
تلقوه,1
متخرجوش,1
حياتهم,1
فقصص,1
بالدنيا,1
معلابلهمش,1
فكارطا,1
حاكمين,1
تروازيام,1
يحلب,1
يكحلو,1
جيعانات,1
هاود,1
بوهم,1
يعرضو,1
تعراض,1
فالجامعة,1
مكروه,1
يعسو,1
قاعدين,1
يحلبوش,1
يدوروغير,1
ميقروش,1
يقدرو,1
ميزة,1
بلدية,1
بعبد,1
يظلو,1
لوخرين,1
ميخطوش,1
فالكور,1
يضلو,1
يظل,1
مأسوية,1
بب,1
متحوسي,1
متعيطي,1
رومارك,1
نعيطله,1
يصرالك,1
كلما,1
سبة,1
تكرهيه,1
تحلالك,1
تقصري,1
تتعرفي,1
تصرالكم,1
خلق,1
يمنشرو,1
فالي,1
يكرموني,1
حكينا,1
بعدي,1
لسكريتير,1
نتوسوس,1
نبدا,1
2015,1
الماكلة,1
نتقيا,1
الإحساس,1
نحس,1
الألماني,1
تعلوب,1
الباسل,1
فتحلاب,1
كححل,1
طبيعي,1
هل,1
بربعة,1
فغولاصيون,1
تقو,1
حايرة,1
لروحي,1
دوايين,1
اهدرمع,1
نشوفلك,1
غابنينك,1
صاري,1
معلبلايش,1
لولاية,1
يودرولي,1
يشيطوني,1
نشدك,1
بولاد,1
متزوجين,1
يولو,1
مستروين,1
نتزوجو,1
تخطبو,1
ينخطبو,1
يسالنا,1
نخطبك,1
يعرفك,1
اواه,1
الرومنسية,1
شيفة,1
صعيب,1
مرضك,1
تدعي,1
تهلا,1
اوكي,1
اخطبيلي,1
تحير,1
فقط,1
تسلك,1
تتهني,1
تورتيني,1
نطيح,1
خزرانة,1
خرفو,1
كبرو,1
شارك,1
نشد,1
لانشد,1
نخطبها,1
تجبيلي,1
نخير,1
موالفة,1
يجيباهلنا,1
تخطبيلي,1
وأنا,1
يعطوها,1
لبورس,1
لايمتاه,1
يجرجروا,1
مكلسا,1
يعرفه,1
صحب,1
تتغوفل,1
لقاش,1
تزوجها,1
يطيحنا,1
رجولة,1
شفتهاله,1
لختها,1
ينقز,1
تلزق,1
ينيطو,1
فلواطا,1
قحبات,1
ميستهلوش,1
حشا,1
تشوكيت,1
ربيتها,1
نعرفها,1
تخدعني,1
تخدملك,1
بدعية,1
وديك,1
بفونارة,1
جبهتها,1
طابلية,1
تلبس,1
سوغتو,1
ضولما,1
قغاتان,1
المعقودة,1
فالتاقة,1
تغرس,1
نقية,1
حساسة,1
حنينة,1
طورنو,1
المسمن,1
المقروط,1
تشبعك,1
يلحق,1
طيباته,1
لمطلوع,1
بسانوج,1
يكلهش,1
عملاي,1
مالي,1
فوراته,1
فالصحور,1
بالزبيب,1
لوز,1
سيقاغ,1
حديد,1
براريك,1
سكنو,1
العقيد,1
بناو,1
ضياقت,1
ولادها,1
وساعت,1
سكنونا,1
رحلونا,1
الحومات,1
فالحواش,1
مولاة,1
اونباغسون,1
يجيك,1
عرايش,1
عباده,1
سبحانه,1
علبانا,1
تتفلسف,1
ليسوفنير,1
هدموهم,1
حواشك,1
يسهروا,1
يبحرو,1
فالمشتة,1
بالضيف,1
ترحبي,1
ينخلع,1
زينك,1
يتصور,1
يزورك,1
خليتك,1
تهدلي,1
جايبني,1
حصلتو,1
مسنة,1
خاطيها,1
غاشيها,1
بنكوتها,1
ضيعوهم,1
يفريفي,1
خلصني,1
حسنله,1
يحسن,1
كوافير,1
وقيس,1
بيروا,1
مامبا,1
نقدوش,1
مصاريفها,1
تيبس,1
قلعها,1
مشكلتي,1
مدهلي,1
سيزتنا,1
بونك,1
خسرنا,1
تلبسها,1
لحمام,1
تخليهاش,1
عرف,1
فتبهديل,1
بركا,1
ايموبلياغ,1
اجونس,1
عطانا,1
تجيبلك,1
كنيس,1
تحطها,1
فزوج,1
تبيعها,1
كرعينا,1
وقفنا,1
بيلاما,1
ندورو,1
بقاو,1
حسابنا,1
وياك,1
نقوها,1
بلافون,1
غكتوغ,1
تلعنا,1
مسؤوليتها,1
غوسو,1
تمدلي,1
تجيني,1
للوالدة,1
وقتها,1
مالباب,1
نقدندخلو,1
حداك,1
كالم,1
كارتي,1
نبدلوه,1
يشريها,1
رحمته,1
مدلهم,1
مرادوش,1
زاكت,1
توجد,1
يوصلو,1
فهمتك,1
بطاو,1
للمكتب,1
مسحقيناه,1
تشوفيه,1
دومونض,1
سكرتيرته,1
تخرجنا,1
داخلين,1
عميد,1
حبابهم,1
معرفة,1
دابيهم,1
جوع,1
ياوغرت,1
اويحي,1
شرية,1
مدخلتش,1
لفير,1
ملخر,1
هاولاهدر,1
سمحلنا,1
ميدي,1
أ,1
بطيتو,1
قلقتوني,1
حرجة,1
ظروف,1
ظروفكم,1
نقدر,1
لاسيتياسيون,1
م,1
تبروفيتي,1
باينتله,1
يعرفش,1
غلطة,1
متستهليش,1
تلاقها,1
جبدولنا,1
نزقو,1
تاباج,1
يدولي,1
اكيفالون,1
نمدهلكم,1
اسمعو,1
لاكت,1
نسني,1
موافق,1
تجيبله,1
يبيعها,1
غادس,1
كو,1
600,1
ستمية,1
كلمتك,1
منزيدوش,1
500,1
نزيدكم,1
عيطلي,1
مانش,1
نسحقك,1
تلفون,1
نخي,1
انافيون,1
تحتاج,1
كلي,1
كارت,1
نكوة,1
ليزوغيجينو,1
جبتوهم,1
ليزوغجينو,1
شفتهم,1
كواعط,1
ندوه,1
فجر,1
ميقوليش,1
الجي,1
مخير,1
ديكور,1
لخالد,1
شركت,1
أمم,1
عجبك,1
فالديكور,1
مقلتليش,1
حبيتي,1
نزيدلك,1
سيني,1
نوتار,1
كانش,1
يجيبني,1
خطرتش,1
تاكسي,1
دايا,1
مرمدوني,1
حاشا,1
يتوحشوك,1
يبغوك,1
تتوحشوها,1
تشفوها,1
تزيدو,1
تحصو,1
توحشتها,1
عمتكم,1
اروحو,1
صبيحة,1
ديب,1
قاريه,1
بسلامتك,1
تمتلي,1
تقرو,1
يفوتهم,1
يلا,1
ماخصناش,1
كلونيل,1
ماخصكمش,1
قلاهم,1
كزيرنة,1
شومور,1
تروحلي,1
مارحش,1
يمدولي,1
تسقم,1
نكبرو,1
منستعلوش,1
خليتونا,1
جيتو,1
سقابله,1
عندهش,1
مخلانيش,1
جدها,1
ننسى,1
عوجة,1
باهية,1
نساي,1
بيضي,1
سلوقي,1
حافظه,1
مخلصة,1
بلأونقلي,1
نوت,1
غولوفي,1
مترجمة,1
توكلها,1
تهالى,1
بشرط,1
يخلي,1
متخافيش,1
يزعقو,1
جماعته,1
يوسف,1
تحسبي,1
عارفو,1
متجيش,1
يعير,1
منولدش,1
يتربو,1
بريفي,1
ايكول,1
تدعيلي,1
تجبدوهلي,1
سموكم,1
يفوتني,1
ودرتوهالي,1
جبدوهلي,1
حوسولي,1
للعمادة,1
طلعة,1
جهلتني,1
فوادي,1
باردون,1
ماركش,1
تبقي,1
مادموزال,1
تزعقس,1
داكور,1
لسمانة,1
بقاي,1
يرجه,1
لشوفور,1
فصالون,1
قرعي,1
تقرعي,1
يديني,1
نوضه,1
نعلي,1
يتوفى,1
باغسون,1
بورسا,1
ابون,1
تلميد,1
تراديكسبون,1
مشيطيني,1
سخط,1
تهبليني,1
تقولنا,1
قلنلها,1
للبيرو,1
روحنلها,1
مديلي,1
رسلته,1
موعد,1
كونك,1
باعها,1
تتشوكي,1
اوباغسون,1
تزعقي,1
فألجي,1
لعمادة,1
مرسلوناش,1
موصلش,1
نخلعت,1
مسجل,1
قانوني,1
املاك,1
مالوغزمون,1
فكرة,1
أملاك,1
دنب,1
شاهو,1
يقارعوني,1
مافيهش,1
لزوج,1
مسنيين,1
لراهم,1
لولاد,1
اوتوماتيكمون,1
وفاة,1
عمرك,1
فالحياة,1
تونك,1
فعقد,1
دومندالي,1
مهنية,1
متخلينيش,1
يديا,1
متحوسش,1
منقربش,1
زواليا,1
خاتيك,1
متخافش,1
مشقاش,1
سامينيت,1
ضربدورة,1
نوم,1
يورت,1
مكفول,1
متعطيش,1
كفالة,1
كافل,1
شعرك,1
تمشطلك,1
رايحتلها,1
شايلا,1
نمشط,1
عسيلي,1
رول,1
ندبحك,1
تلحقني,1
تبوجي,1
بالعقل,1
متعيطش,1
ودرتهم,1
طحولي,1
عطيتهم,1
منبغيهاش,1
يسهلك,1
بخدايمك,1
تباصيني,1
رزاق,1
فتاح,1
نفري,1
درقيني,1
وقفي,1
نريان,1
فسلعة,1
تخلطلي,1
احرزي,1
كليون,1
منبطاش,1
ستفتحي,1
ممشطتيش,1
كار,1
سقسوه,1
علبالها,1
حكومة,1
جوعه,1
قبلوا,1
نديرولك,1
معندها,1
صبر,1
باعوهمش,1
باليطات,1
كونتونار,1
عطيكم,1
جابولك,1
تسالهم,1
زهرتحسب,1
ميرة,1
يترتق,1
رلسي,1
تنافيقي,1
جابهم,1
صوصيال,1
محتاجة,1
نخلوك,1
الحكومة,1
يقلولي,1
الاجراءات,1
للوزارة,1
عاصمة,1
خاصه,1
واصل,1
مرتي,1
باسكوري,1
لوالا,1
تقيس,1
جابتلك,1
لدنيا,1
نجملها,1
نضمن,1
مازلني,1
لمرتك,1
الحل,1
ينحرق,1
نقبل,1
اصل,1
عنديش,1
عرفي,1
باغيك,1
دوبل,1
تودروله,1
خلاك,1
تفكر,1
بولتابل,1
خونلي,1
سجنك,1
قتلي,1
الهنا,1
خدمتك,1
دراعه,1
معلبالك,1
منخممش,1
لساني,1
يقطعلي,1
متجيبش,1
كلاسيتي,1
مأمنتش,1
للاردن,1
ليترونجي,1
مديتهاش,1
معلم,1
يطلو,1
يشوفو,1
لمريكان,1
يسافرو,1
ملاحظتش,1
نخونت,1
بلاصتها,1
طلة,1
للفيلا,1
داسه,1
يبان,1
مغطيه,1
خلاهم,1
خونلك,1
فبونكا,1
صياغتها,1
فالفيلا,1
سوارد,1
يتبعك,1
كلبك,1
لايمته,1
دفعيه,1
لايميه,1
دوصي,1
دبرومو,1
ماجور,1
فبرومي,1
عيطتلهم,1
موالين,1
ستعمله,1
كابوس,1
فمحضر,1
قلته,1
مسيتش,1
حاجتي,1
يخليني,1
حشاك,1
رباطي,1
يفكلي,1
يطل,1
قربني,1
مفهمتكش,1
نقطعلك,1
لعلي,1
ميوصلوش,1
نغرسه,1
يوصلوك,1
مجملتش,1
رخيس,1
رخاس,1
لامافيا,1
عفسة,1
ليقارع,1
تني,1
ميسمحش,1
افير,1
كيدايرا,1
فول,1
خلاص,1
تترجل,1
مالفايدة,1
بورسونتاج,1
كلاوكم,1
يديهم,1
كمونداهوم,1
مولاهم,1
كفت,1
كفتة,1
رضا,1
مكلاه,1
كوشة,1
نجيبهلك,1
متنسيش,1
زليخة,1
معجبكش,1
خالصة,1
قسمن,1
للقهوة,1
نهرسه,1
مدخلش,1
يس,1
يهديك,1
مدخلتنيش,1
سكريتار,1
يقوللها,1
يرسلولي,1
رى يس,1
عباس,1
وولد,1
يعطوه,1
يتخرج,1
بك,1
تحرمتي,1
بسبتي,1
وسع,1
يحل,1
زعاف,1
باغيتني,1
لخدمتك,1
ارجعي,1
مشفتيش,1
صرف,1
قاردي,1
هيالا,1
سماح,1
شكي,1
دوروله,1
ناصردارو,1
يسمحله,1
عايلته,1
اسمه,1
انه,1
دليل,1
امني,1
مواقف,1
فرضتك,1
يكفلني,1
تفرضي,1
يما,1
بحنان,1
حسسني,1
يعوضني,1
نصنعوه,1
فريجيدارعلاه,1
تكلمي,1
نسحقها,1
لختك,1
تنساني,1
ننساه,1
عبضلة,1
مايسقسيني,1
مايسقصيني,1
بعيدة,1
نلقى,1
نحلهم,1
نغمض,1
مقديناش,1
جنازة,1
تحطيهم,1
حشمي,1
ليزونجين,1
يديلي,1
يبرد,1
تحطي,1
ريسانكم,1
دبرو,1
ميخسروش,1
ساكنة,1
ضيفة,1
لنل,1
عاودي,1
فريجيدار,1
متنتباعش,1
لازملي,1
منغيضكومش,1
تحطوهم,1
نفهم,1
منحوسش,1
مالميزيرية,1
فنيفو,1
كوسمتيك,1
نحل,1
نلايم,1
زواجك,1
تلايمي,1
نمد,1
نلايمهم,1
منحطش,1
علبالكم,1
منمدش,1
نسكت,1
عابيين,1
راناش,1
جبرية,1
اقامة,1
مبنتوش,1
لاجوناس,1
زيقومار,1
بليغة,1
فهمتي,1
نطيرهلك,1
تشركي,1
واجبي,1
واجبك,1
طايح,1
حبوبة,1
منزعفش,1
تعرفه,1
مديرش,1
تحيرت,1
غلطت,1
نبوانتو,1
نجو,1
اسيدي,1
مواطنة,1
كومينيكسيون,1
بيلو,1
انيماتريس,1
كنتانا,1
كوماغسيال,1
سونتخ,1
فوحد,1
خطفتها,1
لابوليس,1
نتحمل,1
تهبلني,1
تبيعا,1
تتعاود,1
معلباليش,1
نشريها,1
نعاودولها,1
يعاودها,1
اوكازيون,1
لقيناها,1
خاسرة,1
نخلصلك,1
نتقو,1
شرب,1
ميكونوش,1
رافدها,1
نمدها,1
جدارميا,1
ديكلاري,1
تحصل,1
كوماخسيال,1
اسيستونس,1
مكملا,1
مسوتنيا,1
فاردن,1
فمراود,1
لقاها,1
جداتي,1
حبيبته,1
يعنق,1
لغدوة,1
متقرعش,1
مدسوسة,1
داسة,1
موراهم,1
نبعت,1
ملغدوة,1
لوش,1
شاربين,1
اكلين,1
كراهم,1
مخلصين,1
مظنيتش,1
ودنينا,1
بيي,1
يدرحو,1
بخوك,1
تستعرف,1
يقلب,1
صامط,1
فلمابة,1
تعرفيني,1
ناكالها,1
نديرلكم,1
يعاونكم,1
مكنتش,1
مبنتش,1
صحتك,1
حليمة,1
هاني,1
فتش,1
يهودو,1
بلبونيات,1
يقرعلها,1
لقات,1
تسلملي,1
نتخيل,1
فلفريجدار,1
نخزنهم,1
جبناها,1
ستعرف,1
متوشي,1
هوالا,1
للكرعين,1
نحشيه,1
نيقوسيي,1
خليتني,1
متستعرفش,1
رجعنا,1
ميقد,1
موتق,1
منسافرش,1
نتكبدها,1
تفحشيش,1
ميبغييش,1
فلمسلسل,1
عقله,1
مخلخل,1
لسويد,1
@@Lاط@@ًLٌ,1
دواد,1
وتسقمت,1
تساعف,1
نغلها,1
نعاوده,1
بلعته,1
مصنع,1
شوماج,1
تعسفي,1
طرد,1
مارهيش,1
ضدك,1
صدر,1
تحكم,1
محكمة,1
ضدي,1
رافعين,1
وبلعته,1
نهائي,1
لقضية,1
نعاونك,1
منقد,1
ينقولي,1
منسحقش,1
وحدهم,1
ماشين,1
قالبة,1
صحافة,1
خدامين,1
ترجع,1
ترجعلهم,1
لتازم,1
ردلهم,1
اقل,1
دوم,1
عملية,1
محنطة,1
مدارمها,1
متسعفش,1
يديله,1
ملايري,1
لروحه,1
جابها,1
متكلش,1
تتربى,1
حكايتك,1
عواد,1
منمدلهم,1
نقابة,1
لم,1
تفاوض,1
رجعلهم,1
نحرقوها,1
نخدمو,1
مدقوقة,1
نسحقوهم,1
تحرقهم,1
بلسون,1
شريف,1
يتربى,1
وخرجت,1
رايها,1
ردخت,1
دزي,1
يمحطك,1
نحرشه,1
متحوسيش,1
غادية,1
متخميش,1
متنسايش,1
مطوليش,1
طلعيلهم,1
نطلعلهم,1
يكتلوه,1
نخلصو,1
كاميرا,1
مليك,1
منخزنوهمش,1
مازلنا,1
تجيبلنا,1
وصيت,1
بالجوع,1
ناكلوها,1
متعلمت,1
درك,1
نوريلك,1
عطاي,1
مدامة,1
خيريكا,1
سموها,1
ملكية,1
طارطات,1
تفاهمنا,1
عطيته,1
;,1
نعطوهم,1
قرعتها,1
ريحتها,1
تسييها,1
قدمو,1
زكي,1
سوة,1
مدورش,1
اخطيني,1
متخلوش,1
نم,1
وجوه,1
نقش,1
مخلوفة,1
شوفة,1
متروحش,1
متديش,1
تشكي,1
دراهمس,1
نكشف,1
عزيزة,1
لافيزيت,1
الفحص,1
طبية,1
عيادة,1
خريكة,1
يبغيهم,1
دارين,1
الخدمي,1
بفرشيطة,1
ياكلو,1
اودي,1
نخطبوز,1
ديرليش,1
مساسيطكو,1
رفد,1
ربه,1
حاب,1
فرنسي,1
عندو,1
يطايح,1
يعطيلو,1
رها,1
نهبلك,1
نكشفك,1
تكشف,1
دراهمي,1
نزمر,1
اشواقي,1
صافية,1
طرنيش,1
رقبة,1
يبراش,1
نتبعك,1
نخطبوا,1
لاكريش,1
تربيهم,1
يعطوك,1
تبهليل,1
كوميدي,1
337,1
الخبت,1
قمة,1
ولتلك,1
الزيقو,1
غاضه,1
داق,1
قطن,1
يلعبهاله,1
بركاكم,1
حطب,1
هيضورة,1
بوزالوف,1
نشوط,1
فاللاج,1
فتاتة,1
مطلوعات,1
صلى,1
نديهاش,1
ايوه,1
خطابة,1
ندوا,1
ماله,1
نخبر,1
متقلقوش,1
يشريلها,1
للمرشي,1
ناضولي,1
شيبانيا,1
شبانيا,1
نيا,1
منعرفكش,1
عصبان,1
بوزلاليف,1
شوطتي,1
بعدك,1
تاكلك,1
تردها,1
نربي,1
قرن,1
تنقريش,1
اظفار,1
تمقاص,1
غوجيزوقل,1
وعايشة,1
يزعفوا,1
@@Lاط@@ثeنت,1
@@Lاط@@لe,1
@@Lاط@@دَنس,1
فون,1
دون,1
شوفو,1
عوين,1
واو,1
وجها,1
مطوالش,1
خوف,1
شونتيي,1
سارفيس,1
ساكت,1
طالبها,1
لولدنا,1
طالبين,1
كونفيتير,1
بعسل,1
احضر,1
تبعه,1
نسقد,1
أدي,1
هاري,1
ري,1
هبلتوني,1
تقوليلها,1
صبح,1
نخبطه,1
مكملتيش,1
تفتلي,1
فهاد,1
اححم,1
ببشار,1
يبشرنا,1
يليقلي,1
عورة,1
تحارا,1
مديناهلهمش,1
اهاها,1
بيشا,1
للسكريتير,1
للديراكتور,1
اشعل,1
اجري,1
جبيلي,1
مالهم,1
بكوتبي,1
وهاد,1
وديتها,1
ماليا,1
شريلي,1
صابح,1
عمش,1
فونارة,1
داربة,1
تدلك,1
بقهوة,1
بغرير,1
واوا,1
عقونة,1
بهلولة,1
راطيتاه,1
تصيدلي,1
لورسو,1
نمورا,1
سبوعا,1
تشاك,1
فهمني,1
نصيد,1
جابية,1
ولدهم,1
لبيشة,1
تكمي,1
اووه,1
أختك,1
جاويخطبوا,1
فهمونا,1
منعطيهش,1
تكونش,1
نمدش,1
نشاورك,1
قلتلهمش,1
يطير,1
حسابك,1
يماها,1
يزهو,1
بناس,1
جماعي,1
موراها,1
كلاكسون,1
كاره,1
ليكيديها,1
مدوها,1
يستاهلها,1
لبريداتور,1
مدها,1
نعطيهش,1
تكونلهش,1
قدلهاك,1
الماء,1
فكرون,1
الروند,1
قلاديتور,1
خليتلي,1
مدهاله,1
لولدهم,1
لوزة,1
مرسيدس,1
رزقي,1
تسالونيش,1
نتوغ,1
نعطيلهش,1
فشجورا,1
تشيطة,1
مانمدهالهش,1
يسالوني,1
الفم,1
مشرك,1
أرجي,1
اخرج,1
نعميلك,1
نليكيدك,1
دوفان,1
القبيلة,1
نفسك,1
احترم,1
داندوا,1
ريش,1
علالي,1
واطلب,1
قدامه,1
تكميش,1
سميناه,1
زاد,1
سعيد,1
نعرضوا,1
صالة,1
جيبهوم,1
قرايتها,1
افوكا,1
دروا,1
ليسانس,1
نقارعلها,1
أمها,1
مازالت,1
نقوله,1
غلدي,1
ويتايم,1
ساتيم,1
روايح,1
كوستيمي,1
نباع,1
لبني,1
فليبر,1
خالك,1
نطردكم,1
غاير,1
قبيلتكم,1
تناسب,1
قبيلتنا,1
بروحنا,1
لوالو,1
لوصلتها,1
قضبت,1
وكلش,1
شفاته,1
نمدوش,1
بوياز,1
نلحقها,1
متمنية,1
تخطفوهم,1
تحشموش,1
الحمير,1
خرفان,1
طلقنو,1
بانش,1
حملة,1
متحشموش,1
الفول,1
حكمناه,1
طنح,1
حسبتني,1
يديها,1
بحرام,1
جرب,1
خالي,1
بطيت,1
سوايع,1
غبت,1
زعبطة,1
ياووغت,1
منديروش,1
كحايلية,1
فيرما,1
نعربن,1
كمارته,1
المشكل,1
للبيع,1
تعاودهم,1
الفيلاجات,1
مشيت,1
تديعلي,1
متزيدونيش,1
متشيطونيش,1
متجبدوليش,1
خاطرها,1
تروازيم,1
توخدت,1
متشبهش,1
كابوسك,1
تومات,1
صوص,1
مامي,1
بفرينة,1
مرمد,1
سينيي,1
مدبل,1
ببوشة,1
لينار,1
طلعليش,1
تبعت,1
نزايفطوها,1
غسال,1
هارب,1
يخصنا,1
رئيس,1
نشوفولك,1
جيبولي,1
ركبتها,1
ركبتهاى,1
أمك,1
منهودش,1
نهودش,1
مقديتش,1
بوكلي,1
كوكو,1
حمامة,1
تتبوف,1
هاما,1
ماتسقسيش,1
فالشخير,1
الحرام,1
دبان,1
متزيدش,1
انقعد,1
خاوه,1
قطعو,1
يهودوا,1
يطلعوا,1
للراس,1
تسقي,1
دجاجات,1
بقرات,1
قهوتك,1
ريكومبونس,1
بوفو,1
بمهمة,1
نكلفك,1
رسلتهالي,1
ضربش,1
سيس,1
دبل,1
فدومينو,1
تشريلي,1
صبادون,1
حواجبك,1
مدورها,1
404,1
نطيبهم,1
ليقونات,1
بخاطري,1
السبع,1
ضبع,1
الرسالة,1
بلغ,1
انسة,1
الجيش,1
اشارة,1
الشي,1
قضيلي,1
زيدني,1
ترونديلي,1
للاك,1
نخبز,1
ميما,1
متأمنيش,1
بحلفة,1
الباقيطات,1
وندير,1
للعيد,1
باقية,1
ثلث,1
عودا,1
موبيليزي,1
صناديق,1
سناديق,1
تضحك,1
فحومة,1
نعرفك,1
يعطيهالي,1
بغاش,1
طابوا,1
اووف,1
فاش,1
كملي,1
محيرقة,1
يخلصك,1
قوليله,1
شمة,1
ماتنسيش,1
متبطيش,1
لسبور,1
محتاجهم,1
خوط,1
مهنيني,1
نعميك,1
خيرنشوف,1
فلماكياج,1
بانت,1
شرك,1
مانعطيهالكش,1
مقضية,1
تهلى,1
روحلها,1
غسيل,1
متنساش,1
وقتاش,1
بصحتكم,1
دوها,1
فحل,1
حطاته,1
جارتها,1
ماريو,1
تغم,1
فلمجبود,1
تغسل,1
طريز,1
مجبود,1
تعلمها,1
خياطة,1
متهوليش,1
رح,1
اللاك,1
منصباح,1
الشيرة,1
حاضر,1
اهدر,1
مبكر,1
ويا,1
أهدي,1
بينو,1
تدهمها,1
تمارة,1
تومرت,1
كورة,1
سياما,1
حصراه,1
فرحبا,1
لتموشنت,1
نسمعه,1
قالتها,1
مريو,1
تصلحش,1
طالب,1
الحنا,1
جدع,1
تزعبط,1
طايوان,1
خادمه,1
بلاسيرونس,1
مسورية,1
قريز,1
بلكارت,1
بكواغطها,1
فن,1
طيوان,1
رفيع,1
مقاطيعك,1
هدرك,1
هدره,1
خاونينها,1
جبرها,1
حاط,1
مرشي,1
لجبتهم,1
حلت,1
ططب,1
قرا,1
حاج,1
بوشطة,1
مقابلة,1
شجر,1
دخلتني,1
هودت,1
نقلعلك,1
توغي,1
تاكليني,1
تتهلى,1
قلبها,1
جربة,1
معزة,1
تهلي,1
امور,1
صعبتي,1
تقبلش,1
اقبل,1
شحمها,1
تيفيا,1
ليزامبو,1
105,1
متبخلنيش,1
انحرق,1
بروحه,1
مطلقة,1
تبعيني,1
أقعدي,1
شميتها,1
اتمشى,1
عمامتي,1
أري,1
اسكتوا,1
جيبها,1
خطفها,1
يديروها,1
شك,1
أعلم,1
مكشوفين,1
اعطيناهالكش,1
خطبتها,1
نعطوهالك,1
اعطوهالي,1
خطافها,1
فلباطل,1
تاهمنا,1
خطفوهالي,1
القش,1
تغسلي,1
اخطفتولي,1
يردلك,1
ردولي,1
خيرلكم,1
انعلو,1
محفظينك,1
سمعتش,1
مشفتش,1
ماشفتاهش,1
بعينيك,1
مطلوعي,1
ديرنتا,1
معلبالكش,1
كتله,1
تفوتكش,1
تالتة,1
ودنيا,1
عومر,1
زاهية,1
تنعرف,1
رحبة,1
كيفا,1
ومن,1
حطه,1
ولابس,1
طلقه,1
قيس,1
انعلوا,1
تعطوهالي,1
بغيتوش,1
تحصلو,1
ديسامبيسيل,1
يتحرك,1
مسؤلية,1
تحمل,1
النون,1
الميم,1
لحقوهالنا,1
للعنف,1
وجدوا,1
قيرة,1
نديكلاري,1
اتاج,1
فيلة,1
قصدهلي,1
تقرقجني,1
يادر,1
منور,1
لراك,1
عوج,1
عازب,1
التموشنتي,1
ش,1
شيعة,1
داندا,1
كوتبيات,1
كترنا,1
كترتو,1
نريبيتي,1
تجوني,1
ياروحي,1
نتبع,1
ميكي,1
رهج,1
حرة,1
انديانيا,1
منين,1
خيتي,1
نقارعوكم,1
صباعي,1
طريين,1
ياكله,1
بولاده,1
نبيعش,1
غذائية,1
مواد,1
نتاع,1
ومشى,1
تغرق,1
تغنيك,1
صبا,1
ارض,1
اكسب,1
تكسب,1
حواج,1
عولو,1
عولوا,1
قرارات,1
تدوا,1
جايينكم,1
بردي,1
حفيظ,1
كتروا,1
عونك,1
دبري,1
متتمشاش,1
متسكنش,1
فالخيط,1
متدخليش,1
للناس,1
تجيبي,1
ستوتة,1
قلبوا,1
قالبتها,1
تسمى,1
جمرة,1
بخبيتة,1
ضربوهم,1
خبيتة,1
بجمرة,1
نضربوهم,1
رقدوا,1
قفوش,1
بفليتشات,1
يضربوكم,1
بواش,1
شوفيلنا,1
تبيعوهم,1
نهدرش,1
تبيعني,1
نبيعك,1
حرز,1
غولا,1
دايك,1
عقلي,1
تخرجني,1
متسكتش,1
تسكت,1
عنقي,1
يمضغك,1
نجيبهم,1
طافية,1
تساعفيني,1
وريلها,1
السلعة,1
وري,1
تنطق,1
فلسلعات,1
شاكاين,1
شحمة,1
جره,1
فلنعيم,1
نعيشك,1
تفرح,1
حقك,1
نبيعوه,1
نخونوه,1
هارجا,1
نهدروش,1
فصيف,1
نعرضك,1
اللع,1
مل,1
اعطينا,1
بغاتش,1
جبتولي,1
فوندامات,1
تارزو,1
بربار,1
تصيدوا,1
لطيف,1
يعميك,1
تحقريه,1
جبتوه,1
كراوسون,1
عضني,1
تواغ,1
زقا,1
نباعش,1
نبيته,1
العواد,1
نعلف,1
العلف,1
ودراهم,1
فخريف,1
زغاريت,1
مجاش,1
هرس,1
هاراج,1
مواكل,1
فرح,1
قلادياتور,1
التعب,1
صورنا,1
نقعدوا,1
ماراكش,1
للفم,1
صايمة,1
ضارتني,1
الضرسة,1
نرقد,1
اقعد,1
رزمة,1
فلبز,1
طلقتوا,1
ياكلوك,1
لجهنم,1
بدبو,1
بمرا,1
جابونيش,1
نقابلكش,1
اعطاوني,1
لخرة,1
لهدرة,1
تهدرلي,1
تعاودش,1
اعطيتنيش,1
لاسمع,1
معطيتهومليش,1
هندية,1
تحشيهالنا,1
طارطار,1
فيكينق,1
محصلين,1
روندي,1
أرواحو,1
دارني,1
معندكش,1
للافيل,1
مهودة,1
معك,1
مقلقة,1
خطرك,1
لسما,1
مجابوهش,1
نزهاو,1
نفرحوا,1
فاميلية,1
مزيود,1
بوجاديا,1
متنعقلش,1
ربيت,1
نبغيكش,1
تبغنيش,1
نبيغيك,1
اسمعت,1
العطش,1
الجوع,1
لبرد,1
قادوس,1
ريسكست,1
يغيبوهاليش,1
نهربلهم,1
ديناكش,1
ديناك,1
غفلت,1
باباه,1
قربعله,1
خلادار,1
نلاغي,1
نظلش,1
كرابيل,1
خبيت,1
تقلقش,1
متش,1
نكتل,1
قط,1
توحموا,1
فلغابة,1
صحح,1
ماديروهاش,1
نقرى,1
متمني,1
لكنت,1
بليش,1
نديرنقطع,1
نظل,1
مبطوح,1
بطحه,1
معلابالكمش,1
تشوفوه,1
وعادي,1
لعراس,1
ماكانش,1
رصاص,1
قلنالكم,1
كتلتوا,1
للكوبويز,1
تغيبها,1
نسلكك,1
سلكيني,1
سلكتي,1
ليزامبوا,1
روجيستر,1
عندكش,1
المعسكريين,1
ديكابوطابل,1
باللوطو,1
الوهراني,1
جومبو,1
ترونسبور,1
ترولي,1
نقابلو,1
لاعيت,1
فلكلاب,1
تلاعيلي,1
متبركاش,1
يجيبهالك,1
سلكتني,1
سلكتك,1
الرجلة,1
الشرف,1
قررنا,1
قررت,1
عواواة,1
تسمعنا,1
سلك,1
منسلكاكش,1
نغيباهلم,1
حلبة,1
وديريلها,1
هاهي,1
نتافهم,1
تبكيش,1
نقصت,1
كادوس,1
داوك,1
نعرفهم,1
كتفوني,1
داوني,1
الصيد,1
ضيعت,1
بسبابك,1
يشربوا,1
تعطيهم,1
كاركاس,1
فيقاس,1
لاس,1
فواقة,1
تحات,1
درتوا,1
غايب,1
زدقدق,1
رجا,1
يهدرلي,1
جبتهلي,1
قدم,1
روحوا,1
تلعبوا,1
جرو,1
درناش,1
لايمن,1
دراعي,1
تبرح,1
الليلة,1
ملمومة,1
تكساس,1
مسرارة,1
سماطة,1
اقزكتمون,1
قيساش,1
بركوكس,1
القصعة,1
نفاس,1
ونديروا,1
لحباب,1
كيم,1
فايقين,1
قبالة,1
يجوه,1
بصيد,1
مولعين,1
يكتلوهش,1
صيد,1
حيحاية,1
تعيا,1
حايحاية,1
كلامه,1
فصحة,1
شينين,1
لحمر,1
جده,1
يغدى,1
مادابيك,1
لوكي,1
الحيا,1
فلكوزينة,1
شتاهش,1
كتل,1
فنانين,1
دورتوها,1
غابت,1
رصاصة,1
أقلب,1
الزهو,1
يقوي,1
زغراتات,1
يصبروش,1
حموم,1
نعطيهالك,1
سوطة,1
فلخيام,1
للخيام,1
الغالية,1
شابو,1
نتلهى,1
بلاخر,1
تلهى,1
نستخبر,1
متنها,1
ربطها,1
رهيش,1
زير,1
تطلبش,1
طلب,1
نسوبية,1
عمومية,1
فتنة,1
يشعلوا,1
الفتنة,1
يشعلو,1
عديان,1
بنا,1
غرت,1
لاسيما,1
ظلمتك,1
ليامات,1
تصوم,1
شربات,1
جبتلها,1
كرات,1
خطف,1
خطفني,1
أخوني,1
جبرتوا,1
تخطفوا,1
الزمان,1
تاخر,1
تخلصها,1
ناكلوله,1
ديز,1
ساف,1
ايل,1
زونفون,1
يسكتوا,1
بلعه,1
زينين,1
ترونسوبور,1
لكمش,1
يصوني,1
دوه,1
ارواحوا,1
كيفنا,1
أحنايا,1
توليش,1
اندياني,1
كيفم,1
اتكلم,1
اسمعتني,1
نسمعشي,1
يتمسكن,1
ثاني,1
48,1
نديروه,1
نشعلوا,1
نشووك,1
نديروك,1
عقلت,1
كتفتوني,1
ديتك,1
ديتني,1
جابه,1
نعرضو,1
ينور,1
لخطرش,1
عاقلة,1
عجبتيني,1
صبت,1
تخمم,1
تنخلعي,1
قوفريط,1
نشريلك,1
زرع,1
بيدو,1
سيربريز,1
اين,1
مفاجاءة,1
نخليه,1
عرفته,1
الخلاط,1
جاسوس,1
خي,1
درتلكم,1
ولية,1
مرورية,1
منحبسش,1
بوسيبل,1
وعدتكم,1
@@Lاط@@ىُْطُبe,1
@@Lاط@@P1,1
@@Lاط@@آ,1
@@Lاط@@ْرَنَِس,1
@@Lاط@@دَِلecتe,1
@@Lاط@@Oر,1
@@Lاط@@Rَcهِد,1
نقارعلك,1
_,1
وجد,1
تدير,1
عبدا,1
ونتا,1
المستطاع,1
قدر,1
نختاصر,1
نسايي,1
طوال,1
الفيديو,1
يبغوش,1
مخاخ,1
مفيها,1
كادويات,1
لنافسة,1
لعشية,1
تقصارو,1
بالهدرة,1
نفوتوها,1
لناس,1
نضربك,1
ميقولهش,1
تراخية,1
ضارب,1
حطة,1
بتزيرية,1
شدة,1
ليخية,1
لجافيل,1
تلقاش,1
للحانوت,1
الحقانية,1
طغاو,1
لغات,1
لهجات,1
ليقلكم,1
وموصي,1
فورت,1
سبانيول,1
تواجد,1
ايسبانيول,1
اسبانيا,1
مستعمرتها,1
الوسطى,1
القرون,1
تاديغ,1
بوردو,1
لارقو,1
يساومو,1
مبانش,1
نعيطوله,1
نغاشيك,1
1831,1
يعيطوله,1
الاتراكا,1
خرجو,1
اوربيان,1
ليجو,1
بوبيلاسيون,1
نحطوهم,1
تقنة,1
ليموناد,1
مصباح,1
ايسطو,1
تكنولوجيا,1
علوم,1
وفهم,1
لشاقي,1
3958,1
أوروبيان,1
.1042,1
باغيقزومبل,1
بقاع,1
ليسوغتي,1
الأمير,1
بجيش,1
يلتاحقوا,1
لمعسكر,1
بقوة,1
اهالي,1
ساكنها,1
دورون,1
لافيل,1
ستاتستيك,1
فنسا,1
تعرفوه,1
حلل,1
اونابل,1
سكو,1
صارت,1
برتوقي,1
35,1
266,1
ايطاليان,1
316,1
340,1
ديباغتي,1
ليزوروبيان,1
ليهود,1
أونتر,1
%,1
سبانيولية,1
يقولوه,1
ناعه,1
يحكوه,1
لوكال,1
باغلي,1
سيتاديغ,1
دكه,1
فرد,1
حرثه,1
دايمان,1
عيده,1
فيده,1
لنجمت,1
دجيب,1
فاي,1
ضربنا,1
تقهوينا,1
فمواياناج,1
الأتراك,1
ننسوه,1
ديزيقزومبل,1
باللي,1
معلبالهمش,1
جوون,1
فوهرانية,1
ليتارم,1
برتيقاي,1
كاستيانو,1
برسيانو,1
طاغية,1
نوفمبر,1
توت,1
كوم,1
133,1
اتراكا,1
ديفيرونت,1
فان,1
قابلة,1
بواحد,1
تطيحي,1
ساومي,1
لشوبو,1
للبلاد,1
الصباط,1
باقيلي,1
شابين,1
1808,1
ليزونقلي,1
لاك,1
بتي,1
كيران,1
ستاسيون,1
موغ,1
سونتان,1
مقيرة,1
لاكروا,1
قازون,1
فيلمات,1
تشوفها,1
ماريكان,1
موتى,1
وقع,1
قروند,1
وقعت,1
بيتان,1
شال,1
لماري,1
كولابوغاتور,1
فيشي,1
باغكونتر,1
ديغول,1
لغيزيستونس,1
يكرهو,1
ألجيريان,1
لابوبيلاسيون,1
يحنوا,1
تنهدر,1
اوراني,1
يغريسوك,1
ليجون,1
لاريجيون,1
الدر,1
يعطولهم,1
ليزوفون,1
للشرق,1
ليمو,1
مداغ,1
هاور,1
ايزان,1
ليزيتازيني,1
بريزيدون,1
كاتريام,1
ايغان,1
باتاي,1
ليقاسون,1
بويز,1
نعيطولهم,1
وفي,1
سونتر,1
بودي,1
جينز,1
شركي,1
سعاد,1
شالله,1
ان,1
وراكي,1
والمسايس,1
الخواتم,1
تبيني,1
ايلا,1
اند,1
قود,1
أنقلي,1
علابالهم,1
يعطولها,1
روم,1
كلوز,1
كلوزروم,1
معناه,1
الكلمة,1
منقولوش,1
براسك,1
ألجيري,1
لاسريرور,1
مفرد,1
يعيطو,1
تستعمرني,1
يتمشي,1
الكارو,1
يجرها,1
كارو,1
منطقة,1
مستعمل,1
تعرفهم,1
صوالج,1
للعكلي,1
نقلوها,1
ميشون,1
معناتها,1
يوقللي,1
أند,1
باد,1
طرقان,1
جينرالمون,1
للدرب,1
ماتيريال,1
حاطين,1
الحي,1
البركي,1
يقعدوش,1
يخونوك,1
ايالا,1
وشوفي,1
بورطابل,1
تبينيش,1
وليزاقريصيون,1
رحتلها,1
راحلها,1
الزنزلة,1
تضرب,1
الليسي,1
ايمبوا,1
تريتوار,1
يبانيكوا,1
مبلعين,1
قدامهم,1
يلقوا,1
ليكاميون,1
فايتيين,1
فالطرقان,1
يحمل,1
بحمار,1
شريطة,1
مساكيين,1
يقولولهم,1
لونقلي,1
لهادوك,1
والاو,1
يخوفوا,1
يبانيكو,1
يقايسوهم,1
يضربوهم,1
أوستيل,1
تتحكم,1
حماتي,1
يكلو,1
مستراح,1
يطيحو,1
الكوليجات,1
وقاع,1
قمبري,1
يمينة,1
هراندوا,1
برسوناج,1
طناز,1
أب,1
بمطول,1
يحلوا,1
للعود,1
اب,1
قولنا,1
بكرنا,1
يسمعوا,1
ديبيشي,1
ارييوب,1
هاريوب,1
المشكلة,1
الأغنية,1
قاليتهم,1
بالزيت,1
غاسلتهم,1
جايبتهم,1
المرشي,1
حويتات,1
يغنوا,1
المدينة,1
يطلبوا,1
نقولوا,1
بهدرة,1
براقدة,1
كسوتهم,1
لسواق,1
الروبلة,1
الحية,1
تتخبل,1
دزاقات,1
المستعمر,1
يريكريتو,1
يحقرو,1
كلبون,1
39,1
14,1
بروميار,1
أولا,1
عدة,1
تنقسم,1
يسقسي,1
معنى,1
فامي,1
ليفري,1
يخزنوا,1
لعرب,1
لولى,1
العالمية,1
قيرات,1
يحاربوا,1
الشكوة,1
الجنية,1
ساكنتنا,1
اولوفات,1
ممو,1
قدات,1
وشا,1
علامات,1
ديرله,1
دخلهم,1
أوروب,1
يدولاهش,1
فرونساز,1
أوتريتي,1
اينيوري,1
يماركوهش,1
يمركوه,1
يروحوش,1
تلمسان,1
يسجلوش,1
فيهمش,1
بلايص,1
1940,1
دايريناه,1
يسواش,1
خردة,1
بياع,1
يدخلوه,1
يدوه,1
يصرح,1
غنم,1
البادية,1
يجيبوا,1
تعلمهم,1
انتين,1
العسكر,1
تعلمه,1
أشهر,1
سسمانة,1
فترة,1
يعلمهم,1
افونسي,1
يعاملهم,1
كلاش,1
صرات,1
عبارة,1
يدربهم,1
للكزيرنة,1
يدخلهم,1
يطنز,1
لاش,1
جايح,1
تالمون,1
دربهم,1
يعرفوهم,1
دلاق,1
يوقع,1
فتاريخ,1
تغيد,1
العظيم,1
غايدتني,1
ايستوار,1
بخيزونس,1
ليزيقزومبل,1
أعطيتكم,1
نعرفكم,1
للمدينة,1
هربت,1
يقصروا,1
دابة,1
حمارهارر,1
يعده,1
مويوغ,1
ترازيام,1
بفاسون,1
فلكدب,1
تأمن,1
تليفزيونات,1
تشوفوها,1
ليفريات,1
تكتبوها,1
تخاريف,1
بركونا,1
احكوا,1
قروفيل,1
تعيف,1
لافاسون,1
حكاو,1
سانتا,1
محاصرينهم,1
تحكيها,1
فالخرطي,1
الخرطي,1
ليستواغ,1
احكي,1
حية,1
المعروف,1
باستوس,1
أرشيتاكتير,1
عرفوا,1
باغمي,1
فرودومير,1
أوموند,1
بالكون,1
سايي,1
روبلة,1
الستاد,1
اوتوروت,1
نصلح,1
جزائرية,1
يقدموا,1
مدن,1
يستعمروا,1
يزيدوا,1
استعمروها,1
محاصرين,1
ماكنوش,1
الحمص,1
ملقاوش,1
كروز,1
محررتوش,1
العتمانية,1
أكبر,1
العالم,1
أساطيل,1
أقوى,1
العتماني,1
قرون,1
حصار,1
ربحنا,1
برشلونا,1
كيتنود,1
يتبلى,1
ومافيناش,1
الفيد,1
ماعدناش,1
تداصرنيش,1
بالضحك,1
يسهل,1
أورون,1
يابا,1
جابش,1
بتولموند,1
عندناش,1
ساكن,1
مالوغوا,1
ركش,1
تحس,1
تألف,1
ايتواغ,1
حاكيينها,1
ديغ,1
قطع,1
نطلبوا,1
خونتوني,1
منزعقوش,1
عابدين,1
تخوف,1
المافيا,1
يخونوها,1
المضحكة,1
فديوهات,1
تجميع,1
تخافش,1
ديقوردي,1
للخسارة,1
الدصارة,1
قدك,1
نموتلكم,1
بطوماطيس,1
اعطوني,1
نهرس,1
ميمة,1
نضرب,1
كلاتني,1
بسربيتا,1
نسيق,1
لقاتني,1
تسياق,1
طياب,1
فالحة,1
شهيناز,1
تشوفهاش,1
سيغتوا,1
تتكسل,1
عندهاش,1
طلي,1
مشعطة,1
ننسالك,1
ترافقني,1
تقدوش,1
تهبلينا,1
بالقنطة,1
تكونيكتي,1
نكدلك,1
خاونك,1
نكونيكتي,1
ديمو,1
معندكمش,1
نتفرجه,1
عجبها,1
سافا,1
ويي,1
تمشطلي,1
شعيرات,1
دوشتلي,1
أخر,1
قبلك,1
وجدت,1
بيكاتشو,1
فلخدود,1
متلبساهش,1
نسرين,1
مزير,1
لبستي,1
حوك,1
لعسل,1
طلس,1
كاتلة,1
نخيتك,1
يطردوك,1
كملتيهم,1
مطلسة,1
فقعتيني,1
الرجيم,1
شيطان,1
أعود,1
لقيتي,1
قزح,1
مخلطتهم,1
الألوان,1
ضروني,1
ناكوس,1
تساعفني,1
اضرب,1
تبالي,1
تقصف,1
فريجيدارو,1
عمرلها,1
عجوز,1
تلقملي,1
درتوش,1
درتوها,1
مالحة,1
سيلونسيون,1
ساكتة,1
تحشمش,1
يخسروا,1
يهبلوني,1
نبغيش,1
جمعتوني,1
الموت,1
نغمس,1
جوعتوني,1
رجيم,1
بيعيهم,1
ناكلهم,1
شبعنا,1
ام,1
درتهم,1
بدون,1
تاكلوش,1
نتقاسموه,1
قديروا,1
جمهور,1
مزال,1
قولنالكم,1
يصورو,1
بغيتش,1
ناوية,1
كنتش,1
أنيس,1
حكالي,1
باركة,1
زارتنا,1
تصالحتوا,1
لأختك,1
تلقيت,1
أتويات,1
ليجوي,1
بقاله,1
رغواهم,1
داهم,1
طابيات,1
حكهم,1
حيطان,1
يقارع,1
نفرط,1
عزيزتي,1
شابعة,1
مسلوخة,1
تعيب,1
مدبوحة,1
تتقطع,1
خلاها,1
باغها,1
الفايدة,1
مجمع,1
تقزيهش,1
حلاتلك,1
لشومبرتك,1
جنية,1
تخيري,1
زينه,1
المغزل,1
نشوفوه,1
طاووس,1
ساجي,1
حكاتلي,1
ماشاء,1
وجدهش,1
جهاز,1
علمني,1
نمركوا,1
تمركوا,1
خصكم,1
تفهموا,1
تحوسوش,1
يباسيش,1
يباسيلنا,1
تهلولي,1
تدوهالي,1
عوينة,1
نجيبوله,1
يبدوا,1
نحطوا,1
الولد,1
الحاصول,1
قربوا,1
نحمر,1
درني,1
يجيبك,1
غاشاني,1
47,1
ميلود,1
عرفتها,1
خواتتك,1
تربح,1
تخسرنا,1
تزاقات,1
بلماضي,1
داروكش,1
للقول,1
مركينا,1
بفواكه,1
ممزوج,1
ياووغرت,1
يقسموا,1
نكلح,1
فلماتش,1
شاربات,1
تقسموا,1
يطلقني,1
بشورت,1
نتبا,1
بجلابة,1
بوليتا,1
فلقنت,1
ولادي,1
نبلاصي,1
صدقة,1
طلابة,1
أمان,1
نتمشى,1
فهمينا,1
جمعي,1
بسيكياتخيك,1
فلأوبيتال,1
غالطة,1
فلماهبيل,1
زهري,1
ديريلي,1
بعدني,1
الشمة,1
خلعتني,1
أجري,1
بدينا,1
لبارح,1
الريح,1
العقلية,1
قواها,1
هدرت,1
جايش,1
طلعونا,1
فايتين,1
يدفلوا,1
اكتر,1
ملشعر,1
فلوجه,1
دفلت,1
نشوفها,1
اعطيتها,1
خرجتش,1
أستغفر,1
نديرلك,1
تشوفني,1
كدابة,1
قلتوا,1
للمسقي,1
لحقنا,1
لصوارا,1
عيطو,1
بيام,1
وفكرونا,1
هاشبيبة,1
ساس,1
نفيخ,1
شيعا,1
نتلوى,1
قلعوا,1
حالتلها,1
نعومش,1
جدرة,1
ندورهم,1
كوكاو,1
كورنيات,1
نوجد,1
تبحر,1
ماشية,1
الكريمة,1
صافعني,1
ديرونيش,1
فاستراحة,1
مبحرتهش,1
شرولي,1
مساسيك,1
درا,1
تنسوليش,1
البحر,1
وحدكم,1
ينوضنيش,1
فاس,1
قاضي,1
خيماري,1
نقلع,1
تسكتوا,1
عهد,1
شوفوا,1
تساعدك,1
بورابح,1
منروحش,1
الوكيل,1
حسبي,1
فلقي,1
يبحروا,1
يفطروا,1
تدهم,1
بارصول,1
هودولي,1
فلوطوا,1
وصلنالها,1
حمبوكم,1
فالطريق,1
2021,1
الراي,1
سد,1
فيكومش,1
شالق,1
تخشش,1
أستغر,1
الضو,1
كولني,1
داركم,1
قزان,1
نكملها,1
حويزة,1
بعدت,1
ساعفتني,1
الطاكسيات,1
ظل,1
الحيط,1
عاقد,1
مبسس,1
تجيبلي,1
حسكم,1
نسمعش,1
للحبس,1
الدرا,1
الخلا,1
الصرف,1
تصقروا,1
تعلمتوا,1
بافت,1
تقرقيش,1
خصناش,1
المرض,1
بندام,1
لأمان,1
كتلته,1
كتلتيه,1
جيج,1
زفيتينيش,1
حركية,1
عيطتلك,1
سبا,1
قيسيه,1
بوسبعة,1
جبدتلك,1
دحس,1
عرفتك,1
باسيت,1
جالك,1
مرهوجة,1
فلقفة,1
بلعوه,1
لنسيبي,1
بولو,1
نبيع,1
بغي,1
يكتلني,1
فلحبس,1
كتلونيش,1
مطلوقة,1
حاسبتني,1
تونسي,1
تونسيني,1
نترافقوا,1
مقندل,1
تقيسيه,1
عاونتك,1
مشوار,1
ببابيي,1
موراك,1
عزيزي,1
لزواج,1
يطرطق,1
طيحليش,1
لدارها,1
أومبيوس,1
يقدم,1
مولجيلالي,1
موجيلالي,1
ندابزش,1
خيطيلي,1
أختي,1
دججتونا,1
عسي,1
ضحكتش,1
داقيوس,1
الحق,1
مشنفة,1
نتقهوى,1
سرفيس,1
نصرع,1
ولوا,1
الغنية,1
ونهديلكم,1
كيراهم,1
سناء,1
اخت,1
ميهمهش,1
بينتلي,1
صاحبها,1
كرشي,1
ركز,1
نفطروا,1
المكراشة,1
بطي,1
أوفاس,1
ليزاسكربسيون,1
يدسروا,1
كونجي,1
نديرش,1
ديريناش,1
نوريلها,1
تعسني,1
شطبة,1
زاوجة,1
قاشحتهاش,1
شريتها,1
شريتيها,1
الصح,1
يكدبوا,1
لاعبتها,1
لوبيا,1
لونق,1
ليسانيتر,1
تعوجي,1
فم,1
أستاد,1
الكور,1
غيار,1
تزرقني,1
معاد,1
اوموا,1
الحسب,1
بحسب,1
ايبيزا,1
قليط,1
نخدمش,1
فيني,1
نولوا,1
ضاربها,1
تينيسة,1
بدعوة,1
صاحب,1
نستاهلوش,1
نلبسوش,1
نشروش,1
شرميطة,1
المعلمات,1
تخاف,1
عنددها,1
نصورك,1
شفتيش,1
زال,1
كمارتك,1
فكرونة,1
تصوري,1
نسكنش,1
الميزيرية,1
سنسن,1
نعرفه,1
نهرب,1
تخطب,1
مبكرين,1
عرعور,1
صغره,1
مدخلاته,1
نوكله,1
خرجته,1
الدود,1
فوطة,1
المربع,1
بالمتر,1
فركتك,1
نحك,1
دوش,1
عجبهاش,1
تحاموا,1
نطقك,1
المطلقات,1
النخل,1
مطلعهم,1
التمر,1
عراجين,1
ينبح,1
برهوش,1
لحقني,1
نصبح,1
ينوضوني,1
لاغ,1
أوتاس,1
يهربلي,1
غتدي,1
يقرعلك,1
تكتفي,1
شلاغمه,1
روبورطاج,1
مطيحش,1
سلكناش,1
سونزاري,1
لاكوب,1
الزين,1
التاقة,1
ندليه,1
عواج,1
ظهرها,1
بالدهب,1
مشاؤجيا,1
بلادكم,1
يوكلوك,1
جلتهم,1
أوتوروت,1
يقدوش,1
بقاش,1
سقينوح,1
الماتش,1
تتفرج,1
العظيمة,1
الجزايرية,1
العايلة,1
بلعوا,1
مطلمس,1
بيلوت,1
علمك,1
تحصي,1
توسوست,1
جيوقراف,1
ناسيونال,1
فدراهم,1
يربحوا,1
حمارة,1
هدرتك,1
موند,1
أفريك,1
كوب,1
يونجاح,1
طبعه,1
تاتوواج,1
تكحل,1
مركيت,1
مركي,1
تيبو,1
معيز,1
توحشته,1
عجبتني,1
خشين,1
نعرفكش,1
الحرير,1
ليالي,1
هايمة,1
لداري,1
العشاء,1
نقارعش,1
الحنان,1
نبع,1
تراريس,1
مجمعة,1
قاعدتلي,1
نقيلي,1
مادبزين,1
معجب,1
دوري,1
نتسماش,1
ربحت,1
مافيهاش,1
ينجحك,1
نتكلوا,1
فتزدام,1
معاوضة,1
خمسية,1
تغاشيتي,1
حسبتك,1
ربيتك,1
تعري,1
مستورة,1
تديش,1
البيت,1
نتوضا,1
جبدلي,1
نستنجا,1
نستجا,1
لهيها,1
بيت,1
جايتني,1
ستري,1
خمار,1
لبسي,1
يقارعوا,1
غرايف,1
جيبونا,1
العرضات,1
يعجبكش,1
مغنية,1
غربه,1
كلوة,1
قلعلها,1
مرارة,1
يقلعلها,1
بارسيون,1
طاحوله,1
تفوتيش,1
15,1
شريرة,1
ليها,1
فسكات,1
نصلي,1
قاتو,1
داسين,1
روا,1
العظم,1
يقيسو,1
بالهبرة,1
يديو,1
تأمنوا,1
حرزوا,1
البلاص,1
تبغيني,1
تغمزلي,1
فرشولي,1
تمعنيلي,1
الجماعة,1
حلات,1
ضارتك,1
مبس,1
حطت,1
سرطتها,1
سمعتني,1
تضربني,1
شقيله,1
لادريس,1
مفتح,1
نحجي,1
مرديتليش,1
سكرتير,1
حسدتوني,1
يشيشة,1
كليتيه,1
هبرة,1
زبيب,1
قلها,1
